# 3D point list with one line of data per point:
#   POINT3D_ID, X, Y, Z, R, G, B, ERROR, TRACK[] as (IMAGE_ID, POINT2D_IDX)
# Number of points: 1124, mean track length: 9.352313167259787
1 2.5269777560584585 -10.903754413807322 59.074723857768376 182 167 99 0.73598777509694779 34 7 18 0 19 5 20 3 33 4 16 0 35 11 15 1 14 1 13 0
2 2.362850084840324 -10.798530641161387 59.360029604555884 213 193 157 0.82435997603863598 34 15 18 1 19 6 20 5 17 2 16 3166 35 18 15 2617 14 2 12 2 10 2835
3 5.1662062248223011 -10.274241969598149 59.081434979828167 85 61 52 0.91247120596201126 34 12 18 8 14 9 15 15 13 11 12 11 11 12
4 2.6056227698186336 -10.298023536536212 59.478977415772825 144 118 75 0.33217224332704187 34 32 18 11 17 18 21 10 35 32
5 2.544472587058574 -10.247391244593077 59.848298568921535 206 197 172 1.1122999501397712 34 39 18 14 19 17 17 3495 33 28 16 3181 21 14 22 17 15 22 13 17 12 17 11 17 10 13
6 5.2652067096692701 -9.9252004132245677 58.649962395266648 67 54 48 0.57676445855222536 34 2662 18 17 33 2844
14 -4.258330607592983 -3.7722650460726439 61.961917993138591 242 234 217 0.43700093428437931 34 557 18 316 19 324 20 307 17 3692 33 502 22 3210 35 358
15 -5.1355377438757213 -3.5719033530674733 61.63491813777442 104 94 88 0.46244751014520447 34 3018 18 327 33 3177 14 2705 15 2804
16 -3.5983851863857388 -3.2067784914683566 61.367509056219689 63 59 47 0.96461385144680778 34 626 18 351 33 3194
17 -4.9417805856609807 -3.0434780346380217 62.144381632003572 145 139 146 0.48388959431464462 34 3053 18 360 19 377 20 358 17 389 33 3227 21 3302 22 349 35 3261 15 303 14 295 16 366 13 288 12 287 11 282 10 256
18 -3.7031808492926674 -2.7485373544450615 61.992185741309534 152 151 150 0.44851189518797097 34 683 18 379 19 396 20 376 17 405 16 388 21 354 22 362 35 490 15 316 14 314 13 302 12 303 11 3136 10 2998
19 -3.6999839716873919 -2.7458774399679768 61.962344457048715 152 151 150 0.28969396972221106 34 684 18 380 19 397 17 406 16 389 15 317 13 303 12 304
20 -3.671663781295941 -2.6150965074588104 61.777847405368476 73 68 67 0.45328687868149475 34 698 18 387 19 411 20 386 17 415 33 630 16 395 21 360 22 375 15 325 13 313 12 317
21 -3.9485117065923103 -2.5917383024599014 62.090208298814318 244 230 227 0.4217792770615395 34 702 18 395 19 412 20 389 17 422 33 638 16 400 21 370 22 378 15 333 14 331 13 318 12 321 11 309 10 294
22 -4.2279170910461001 -2.4628980252554995 62.237346355027015 193 176 173 0.4951452454441147 34 718 18 409 19 424 20 406 33 3284 21 3336 22 395 35 530 12 331 13 335 14 349 15 350
23 -4.225327745032585 -2.4608552839618141 62.218155937621198 193 176 173 0.44723642955845816 34 719 18 410 19 425 20 407 17 443 33 3285 16 416 21 3337 22 396 35 529 15 349 14 350 13 334 12 332 11 325 10 313
24 -4.8727337408403315 -2.3652729497131726 62.440482678626104 204 196 200 0.35719975312933822 34 3123 18 418 19 434 20 415 17 456 16 430 21 386 22 3288 35 3330 15 359 14 357 13 340 12 338 11 332
25 -5.465969176806146 -1.7970798108685893 62.171814688036164 83 60 47 0.45662275557150162 34 799 18 473 19 3296 20 461 33 715 16 491 21 443 22 458 35 3370 15 408 14 397 11 387 10 369
26 -5.4771804293796631 -1.8047478771585694 62.246686912229976 83 60 47 0.30430748836297589 34 798 18 474 19 3297 20 462 33 716 16 492 21 444 22 459 35 3371 15 409 14 398
27 -6.2724728131812117 -1.5776484678695182 62.078148028165565 186 181 177 0.071882130234166952 34 834 18 491 33 748
28 -4.2743775854515746 -1.5665473297254566 62.362606465163459 202 171 172 0.27806964372330462 34 826 18 497 19 493 20 473 17 538 33 738 16 516 21 3406 22 476 35 630 15 420 14 409 13 388 12 381 11 408 10 386
29 -4.175161740964251 -1.3031074343540294 62.352324230313037 229 220 216 0.23875719129174117 34 857 18 518 19 516 20 3445 17 564 33 775 16 3522 22 496 35 661 15 439 14 2818 13 409 12 2948 11 431 10 410
30 -5.9054046856561939 -1.2115958689290238 61.990577087634321 131 125 122 0.33973430343320882 34 883 18 519 19 523 20 492 17 573 16 559 21 476 22 501 35 3417 15 448 14 436 12 407
31 -4.2179074210174079 -0.37640293846032469 62.474238234763348 229 208 190 0.20738756831553742 34 945 18 573 19 572 17 633 33 863 16 623 22 555 35 781 15 484 14 475
32 -6.2185994325883804 -0.23431594940169997 62.112929813930066 201 188 185 0.24751258800423559 34 971 18 590 20 585 17 651 33 890 16 641 35 3485 15 495 14 483 13 477 12 480 10 492
33 -4.7920904804076461 -0.10009687449745167 62.397250294258981 90 69 67 0.33806440446668234 34 975 18 614 19 604 33 898 22 594 35 823
34 -5.7121337165847184 1.3249904340497276 62.75435958162592 101 78 71 1.0581087251509977 34 3457 18 759 19 739 17 789 33 1029 35 967 13 2859 12 3128 20 3672 21 5657 22 5602 18 5545
35 -5.0552815960984141 1.9232804743990977 62.436173869157329 223 202 198 0.22318195637494539 34 1183 18 826 19 818 20 798 33 1100 21 768 22 806 35 1053 15 667 13 627 12 638 11 725
36 -5.0529459695527716 1.9161984194120378 62.424298432807873 223 202 198 0.11048284721489751 34 1184 18 827 33 1101 35 1054
37 -5.4203350951785421 1.9527106762653605 62.069922617464265 200 181 177 0.27008633693771456 34 1188 18 835 19 828 20 807 17 871 33 1109 16 864 21 780 22 812 35 1057 15 675 14 657 12 645
38 -5.2714378929984811 2.4436842169151292 62.287083997128086 182 160 154 0.28573789446062825 34 1264 18 900 19 909 20 884 17 947 33 1186 16 946 21 860 22 905 35 1154 15 734 14 720 13 701
40 -1.8097414921683912 2.9975077136361477 60.037168294575039 166 112 94 0.17064398246521389 34 1341 18 1017 20 986 17 1098 33 1287 16 1075 22 1031 15 818
41 -0.99845837932843873 3.1500403057767885 60.132482214355299 136 117 110 0.18264916001741102 34 1363 18 1035 35 1262
42 3.9359109030320738 3.3130948776331564 62.376733662252114 85 85 85 0.47165505445089972 34 1366 18 1051 19 1047 33 1331 35 1264 15 860 13 817 12 854
43 3.8546798539085225 3.3722803841805202 62.190519988411573 194 194 194 0.22004860517376792 34 1373 18 1066 33 1353 35 1276
44 -1.9585491911339932 3.3593795286056145 59.851515908082163 250 229 217 0.12478542661105461 34 1417 18 1086 17 1193
45 -1.9585491911339932 3.3593795286056145 59.851515908082163 250 229 217 0.12478542661105461 34 1418 18 1087 17 1194
46 -2.5257683617038267 3.4722567696018887 59.754496991168573 254 238 200 0.33113431487683775 34 1454 18 1111 19 1104 17 1224 33 1407 22 1121 11 1042 12 901 10 977
47 -2.632391328879756 3.5024941391998619 59.48134520966854 250 244 218 0.26192697983803837 34 3759 18 1120 19 1117 20 1067 17 4422 33 3970 16 4050 21 1074 22 1133 35 3947 15 934 13 3145 14 905 12 3388 11 1053 10 993
48 -2.5251162090717574 3.5705121854955997 59.748122302177272 144 116 92 0.37287079663341904 34 1486 18 1130 19 1130 16 1223 15 945 13 895 11 1071 10 1012
49 -2.1159751522236472 3.6498333077674534 60.006034675808877 132 109 84 0.27621323025646849 34 1498 18 1150 33 1452 22 1155 21 1102 35 1398 14 927 15 956 16 4070 12 3399 11 3700
50 -2.2981301885048437 3.6844304007819835 59.88398780098575 127 104 76 0.43413956549584787 34 3775 18 1157 33 3991 22 1159 21 1106 35 1413 14 3260 13 3169 11 3709 10 5062
51 6.8926491580333327 3.5606968626648281 57.002444467588042 125 116 106 0.81893237941104702 34 3779 18 1186 19 1193 20 1145 17 1324 33 4004 16 4086 21 1159 22 1213 35 3978 15 3383 14 954 13 927 12 970 11 1105 10 1063
52 7.1377677014599232 3.6602314579823427 56.97887670540301 147 115 76 0.73853608170808183 34 3807 18 1202 19 1219 20 1173 17 1354 33 4028 16 1310 21 1188 22 1248 35 3994 15 996 14 977 13 953 12 994 11 1129 10 1088
53 7.5275260684274112 3.6691544844994013 57.198137372632786 140 115 98 1.0492033335224236 34 3808 18 1203 19 1220 17 1356 33 1494
54 -1.8875646306904881 4.0229487529419545 61.760696870530005 176 161 151 0.21592743137967899 34 3819 18 1208 35 4019
55 5.9439346180097727 4.2954261508937313 62.359140135755588 83 84 87 0.97106531117350237 34 3864 18 1265 19 1283 20 4112 33 4071 22 4068 35 4061 14 1022 13 999 10 1139 10 3655
56 7.2477046020102076 4.1478337803557439 56.892364287827732 83 77 76 1.0058435195560476 34 3900 18 1324 33 4103 35 4098
61 5.0926577696214448 -10.365970184021815 59.077689625583297 235 212 185 1.3554528110691608 34 2660 18 2944 19 2998 20 3095 17 3486 33 2843 16 3170 21 3092 22 3039 35 3018 15 11 14 2547 13 2433 12 2690 11 2956 10 2836
62 2.3779970331240601 -10.46956571211874 59.593278529375993 243 213 170 1.1421214760240879 34 2663 18 2945 19 2997 17 11 16 3171 21 3091 22 3038 35 3019 15 2620 14 2546 12 2689 11 2954
63 2.3830296234221562 -10.279166448270095 59.552302060361122 239 214 174 1.058613120516626 34 2665 18 2948 19 3000 20 17 16 3178 21 3093 12 13 13 12
75 -4.7196777879138985 -2.7943415360780044 62.010851918674348 138 129 132 0.60675258440538893 34 688 18 3205 19 3224 20 3338 17 3729 33 617 16 3420 21 3313 22 3257 35 493 14 2733 13 301 12 300 11 3132 10 2996
76 -5.9318668717510814 -2.5748996430504083 62.048366606089871 119 120 124 0.42838797646504939 34 711 18 3217 19 3239 20 388 17 3741 33 650 16 3438 21 362 22 376 35 3314 15 336 14 326 13 314 12 320
77 -4.3973706536175001 -2.5086588462887107 62.099403935871521 203 188 185 0.4424649850809077 34 3097 18 3225 19 3243 20 3355 17 3749 33 5412 16 3448 21 3332 22 3275 35 3308 15 2839 12 2883 14 341 13 326
79 -4.5909106355613183 -2.4556303822331764 62.368923290135001 67 53 45 0.5305113453126068 34 3109 18 3233 17 3753 22 3283 15 2843 13 336
80 -5.254199563630408 -2.4117036400962228 62.394509149454699 106 99 162 0.32792493676619533 34 3118 18 3236 19 3252 20 3363 17 3761 33 3296 16 3454 21 3339 22 3285 35 3327 15 2845 14 2756 13 2619 12 2891
81 -5.0847381435444348 -2.2590928482449217 62.309311754347455 74 52 74 0.72160441495551619 34 3137 18 3242 19 3255 17 3763 33 675 17 462 21 3344 22 3293 35 3342 15 2849 14 367 13 2625 12 2894 11 338 10 323
83 -5.212284862926257 -2.1527077096491705 62.171756312941582 233 224 218 0.24673596595841957 34 3147 18 3248 17 3772 33 3314 16 3463 22 3300 35 3350 15 2858 12 2896 11 3180
84 -5.0229289684362861 -2.1389970758043573 62.262426717302809 204 187 185 0.37176564597287626 34 3149 18 3250 19 3261 20 3372 33 3316 21 3352 22 3301 35 3352 15 2861 14 2768 13 353 12 2899 11 3182 10 329
86 -5.2227684385249376 -1.9197036689659102 62.138732065913601 201 180 171 0.42056929992931258 34 3169 18 3265 19 3280 17 3787 33 3347 16 3482 21 3372 20 447 22 3319 35 581 15 2875 14 2782 13 2642 12 2913 11 3195 10 3055
88 -5.0365830813668939 -1.9102307049335763 62.310478757459258 203 181 173 0.3156549487034977 34 772 18 3268 19 3284 20 3389 33 3350 21 3375 22 3326 35 3358 15 2881 14 2787 13 2648 12 2917
89 -5.3489260651706338 -1.8285903182967411 62.476381197797124 91 62 47 0.36982342432164683 34 3184 18 3272 19 3292 20 3395 33 3367 17 3790 21 439 15 2887 14 2791 13 2652 12 2922
90 -4.3472027243799207 -1.7048074519758416 62.14715987811806 112 54 63 0.30902963281105106 34 3192 18 3281 19 3306 17 3801 33 3369 16 3495 21 3386 22 3335 35 3375 15 2889 14 2798 13 2665 12 2925 11 3207 10 3066
91 -5.0344202334422814 -1.6767516047804314 62.28067781597526 194 178 169 0.2965884690710176 34 5211 18 3283 19 5369 33 5464 16 5497 21 3390 22 5480 15 4608 14 4463 11 4980 10 4751
92 -6.178925065612523 -1.5119143453846602 62.22976874271982 96 86 70 0.80022737805930566 34 839 18 3290 33 755 22 3347 14 411 15 2899 17 545 19 497 20 479 21 463 16 524 13 2674 12 384
93 -3.9884842339475211 -1.234985309270286 62.215585676000934 195 184 179 0.28061884381617558 34 3217 18 3313 19 3342 20 3452 17 3837 33 3406 16 3530 21 478 22 3374 35 3403 15 2918 14 2822 13 417 12 2951 11 3229 10 3096
94 -3.9884791071172603 -1.2361496054336356 62.215940800144317 195 184 179 0.2853483516761367 34 3218 18 3314 19 3343 20 3453 17 3838 33 3407 21 479 22 3375 35 3404 15 2919 13 418 12 2952 11 3230 10 3097
95 -5.499724477195965 -1.1903651045581944 62.240345517369207 149 143 138 0.51615042012761814 34 3231 18 3327 19 5390 20 3458 17 6018 33 3413 16 5521 21 5537 22 3379 35 3418 15 4629 14 4480 13 4383 12 4615 11 4999 10 4767
96 -5.043933178757591 -1.1253717042845277 62.759937289260009 78 64 65 1.1905155413854673 34 3236 18 3331 33 3418 22 3389 21 3457 35 3421 13 420 14 441 15 2932 16 572 18 532 19 534 20 503 10 438 10 3108 11 3238
97 -4.4647020554837535 -1.1213517278402847 62.319592715587461 167 163 162 0.26843451592147466 34 3232 18 3334 19 3359 20 3469 17 3847 33 3414 16 3541 21 3458 22 3391 35 3420 15 2931 14 2833 13 2695 12 2957 11 3240 10 3109
98 -4.4647020554837535 -1.1213517278402847 62.319592715587461 167 163 162 0.26843451592147466 34 3233 18 3335 19 3360 20 3470 33 3415 17 3848 16 3540 21 3459 22 3392 35 3419 15 2930 14 2832 13 2696 12 2958 11 3241 10 3110
99 -4.6626663024123989 -0.75392215339172175 62.283113713563182 71 54 64 0.29025718328612998 34 5270 18 3350 19 3379 33 5530 35 5462 10 460
100 -4.5444366860873338 -0.68005304180481074 62.47907164407934 163 129 137 0.30198977038706026 34 3274 18 3353 19 3386 20 3485 17 3866 33 3453 16 3556 35 3440 15 2946 14 2846 13 2711 12 2979 10 3128
101 -4.1944048503323064 -0.61138689942792412 62.375778404389834 237 217 208 0.23408394120000675 34 3275 18 3357 19 3393 17 3869 33 3454 16 596 21 3490 22 538 35 3442 15 2950 14 2848 13 439 12 2982 11 3263 10 3133
102 -4.1955680492927439 -0.61165741871337209 62.376695310794204 237 217 208 0.24912097991259821 34 3276 18 3358 19 3392 20 537 17 3870 33 3455 16 595 21 3491 22 537 35 3443 15 2951 14 2849 13 438 12 2981 11 3264 10 3132
103 -4.008248346045681 -0.55857777433279865 62.380918994441309 204 193 187 0.21518379881947053 34 3280 18 3361 17 3874 33 3463 16 3561 21 3494 22 3422 35 3447 15 2953 14 2851 13 2715 12 2986 11 3267
104 -4.0015290502912215 -0.55905447035131228 62.34108098198692 204 193 187 0.15135302978487655 34 3281 18 3362 17 3873 16 3560 22 3421 15 2954
105 -4.2303637086998531 -0.48753978553869942 62.468933967333591 87 71 61 0.34635111429417986 34 3284 18 3365 19 3400 20 3495 33 3475 16 3565 22 3425 35 3453 15 2957 14 2854 12 2987 11 3278 10 3140
106 -4.2303637086998531 -0.48753978553869942 62.468933967333591 87 71 61 0.34635111429417986 34 3285 18 3366 19 3401 20 3496 33 3476 16 3564 22 3426 35 3454 15 2956 14 2855 12 2988 11 3279 10 3141
107 -3.941197445272262 -0.30650990114366888 62.314801125923857 217 198 189 0.18880043485619707 34 946 18 3384 19 585 20 3507 17 639 33 876 16 627 21 541 22 562 35 789 15 490 14 2872 13 468 12 3001
108 -5.6703772286520309 -0.1619590902665477 62.266155617336075 74 55 56 0.44733648696207839 34 3332 18 3402 19 3432 20 3527 17 3904 33 3506 16 3589 21 3525 22 3460 35 3492 15 2999 14 2888 13 2741 12 3009 11 517 10 500
109 -4.0320060450903021 -0.083587730935694105 62.331779406742839 216 196 186 0.2778472289640514 34 3331 18 3410 19 3444 20 3542 17 3908 33 3509 16 3598 21 3541 22 3468 35 3489 15 3007 14 2894 13 2745 12 3012 11 3312 10 3172
110 -6.2765261640154826 0.15484071451716538 61.885613815002635 67 62 60 0.29769685468291651 34 1009 18 3434 19 3472 20 3563 17 3933 33 3534 21 3558 22 3481
111 -6.3517932691500025 0.28207195981594746 62.070294461092004 197 196 196 0.128903198774734 34 3369 18 3439 19 634 20 627 17 696 33 3544 35 3523 13 2768
112 -6.2156058832646508 0.56207003980728643 62.521382763920165 71 68 70 0.58289575637347435 34 3387 18 3459 33 3566 22 3509 21 3585
113 -4.0021828257159768 0.75487157587507081 62.039463501679748 75 60 57 0.19050780886830193 34 3395 18 3473 19 3517 17 3975 16 3653 21 3605 22 3539 15 3052 14 2921 13 2796
114 -4.5854879312025965 0.79143134730113673 62.378074273568004 192 179 177 0.21319076806076237 34 3401 18 3475 19 670 20 666 17 3980 33 3579 16 3657 21 635 22 3545 35 3546 15 3053 14 2922 13 2798 12 3070
115 -5.5206059902067715 0.836109879827313 62.551310953577428 74 67 64 0.37181294850681201 34 1063 18 3483 19 673 20 3626 17 3988 33 982 16 3668 21 3615 22 3549 35 3557 15 3060 14 2932 13 2808 12 3076 11 599 10 3234
116 -5.3542641717855695 0.84617932207443958 62.47139516479411 77 67 67 0.58580080037210713 34 3411 18 3485 20 3628 16 738 22 3550 21 640
117 -4.110696741053383 0.86511922768088345 62.437736179071344 139 123 124 0.22106884884435715 34 1058 18 3488 19 677 17 736 16 740 35 908 15 578
118 -4.1993976409912932 0.96388985563646767 62.54385949248357 91 69 74 0.48811020435926061 34 3414 18 3502 19 3527 20 3639 17 4009 33 3589 16 3680 21 3631 35 3563 14 2940
119 -4.0240128780621909 0.97956131062643759 62.287069692925542 85 68 69 0.34738494046707363 34 3415 18 3504 19 3534 20 3641 17 4010 33 990 35 3567 15 3066 14 2943 10 3243
120 -5.4908046861295521 1.0755778040972528 62.285775436565352 88 67 60 0.22774545142543415 34 3429 18 3514 20 3657 17 4014 33 3607 16 3688 21 3649 35 3581 15 4717 14 4546 13 4487 12 4698 11 3395 10 3247
121 -4.9208336472798191 1.0964999406331208 62.879407107560908 81 70 70 0.56034552500913726 34 5354 18 3517 19 3549 17 4016 16 3690 21 5645 22 5594 15 3075 14 4547 13 4488 12 4699
122 -5.6928193695251537 1.1856015478473889 62.693662034524458 131 114 110 0.49941763793671046 34 3441 18 3522 19 3557 20 3660 17 4024 16 3694 21 3659 13 2845
123 -5.3811608807651403 1.2104867199784399 62.077566463788386 191 174 167 0.27885690220858306 34 1105 18 3527 19 3560 20 3665 17 4031 33 1020 16 3704 21 3664 22 3591 15 3097 14 2957 13 2848 12 3115 11 3400 10 3261
124 -5.6134424739601485 1.4412334198951442 62.368921023275931 190 173 169 0.28665753475625205 34 3475 18 3558 19 3588 20 3690 17 6135 33 3648 16 3719 21 3697 22 3613 35 3625 15 3111 14 2975 13 2865 11 3427 10 3281
125 -5.6188167868371437 1.44454019685635 62.407334543590508 190 173 169 0.23804244267677818 34 3476 18 3559 19 3587 20 3689 33 3649 16 3718 21 3696 22 3612 35 3626 15 3110 14 2976
126 -5.3805557244619955 1.6872478271138536 62.041677414370689 189 168 162 0.39567721741462691 34 3502 18 3589 19 3609 20 3712 17 6145 33 3679 16 5636 21 3723 22 5614 35 3653 15 4747 14 4580 13 2889 12 4727 11 3445 10 3302
127 -5.3899308386072367 1.6875622984828917 62.103172029705725 189 168 162 0.34586942629111422 34 3503 18 3590 20 3713 17 6146 33 3680 22 5615 35 3654 13 2890 11 3444 10 3303
128 -5.0101324973158778 2.0608072067941055 62.201887699011138 116 85 68 0.32493062376291726 34 3536 18 3618 19 3649 20 3756 17 4115 33 3729 16 3790 21 3767 22 3685 35 3695 14 3031 13 2928
129 -5.5287945944379437 2.0680349246211014 62.397177832596192 106 90 93 0.41495462253329118 34 3542 18 3622 19 3648 20 3754 17 4112 33 3739 16 3787 22 3683 35 3703 15 3162 13 4553 11 5145 10 4915
130 -5.3583663738924177 2.0699403636266664 62.460715526840303 106 81 80 0.33370793004102989 34 3535 18 3623 19 3653 20 3755 17 4113 33 3735 16 3788 21 3766 22 3684 35 3697 15 3163
131 -5.0713761564636712 2.1855905406167841 62.380291260410949 216 195 185 0.23027875487330882 34 3560 18 3649 19 867 20 842 17 4133 33 1137 16 898 21 811 22 845 35 1084 15 703 14 3046 13 2942 12 685
132 -5.0632500301822994 2.1817188460784118 62.345968350581764 216 195 185 0.10026516866651691 34 3561 18 3650 14 3047
133 -6.2657695591541138 2.1863213127605783 62.324848292447946 200 188 171 0.44481552840066535 34 5434 18 3653 19 3674 20 3781 17 6194 16 5670 21 3790 22 3710 35 5595 15 4779 14 4605 13 4559 11 5149 10 4923
134 -6.2823073009811985 2.1919579672344374 62.428801270863197 200 188 171 0.43591864699916499 34 5435 18 3654 19 3675 20 3782 16 5671 21 3791 22 3711 35 5596 11 5150
135 -5.2520855016030836 2.1952147492278087 62.209035972746207 201 191 179 0.20902505171241501 34 3570 18 3655 19 3677 20 3784 17 4135 33 3771 16 3809 21 3793 22 3713 35 3731 14 3044 13 670
136 -5.2541105399760379 2.1942592000588941 62.222124871073618 201 191 179 0.21448923483632143 34 3569 18 3656 19 3676 20 3783 17 4134 33 3770 16 3808 21 3792 22 3712 35 3730 15 3179 14 3045 13 669 12 3194
137 -4.7598709230252716 2.5989126286116986 62.357195304395233 108 89 66 0.39471786581556623 34 3628 18 3703 19 3726 17 4197 33 3821 21 3828 22 3765 35 3788
138 -2.5955391043021048 3.0602575230166291 59.495839709903663 242 230 217 0.51220089100570532 34 3702 18 3798 19 3827 20 3912 17 1129 33 3891 21 3907 35 3873 15 843 14 826 13 804 13 3066 12 829 11 5215 10 4985
139 -1.5244330218192435 3.2964405213962187 60.112060311387985 131 116 95 0.38320005064037493 34 3720 18 3827 16 1143 17 1172 20 1028 19 1074 21 1025 22 1092 35 3893 15 884 11 997 10 3514
140 -2.1164593452145124 3.3291789511401957 60.019534963802279 255 247 223 0.21896274963522042 34 3726 18 3840 19 3859 20 3962 17 6325 33 3928 16 4010 21 3963 22 5766 35 3901 15 4871 14 3213 13 3114 12 3349 11 3654 10 3521
141 -1.8290315350239141 3.3623537534794909 60.041252859758025 253 237 225 0.24305603816521087 34 3729 18 3844 20 3967 17 4380 33 3935 16 4015 21 3974 22 3902 35 3906 15 3338 13 3118 12 3354 11 1013 10 3526
142 -2.2815280455914722 3.3637014827224352 59.91018682747255 255 246 208 0.25304621018474183 34 3732 18 3847 19 3867 20 1044 17 4388 33 3932 16 4023 22 3903 35 3903 15 3341 14 3219 13 845 12 888 11 1018 10 3529
143 -1.94206020657075 3.4797039317426615 59.972619620655855 125 95 75 0.22177573014361573 34 3745 18 3853 19 3876 20 3990 17 4408 33 3956 16 4039 21 3994 22 3922 35 3932 15 3350 14 3229 13 3130 12 3371 10 3544
144 -1.7329178179418596 3.4933944074735201 60.063076615134051 125 101 74 0.23293216854533677 34 3749 18 3855 19 3878 20 3993 17 4409 33 3961 16 4040 21 3995 22 3927 35 3936 15 3351 14 3230 13 3131 12 3372 11 3674 10 3545
145 -1.5186943234694148 3.5022138835036425 60.05528932325258 120 96 68 0.28452883808692608 34 3750 18 3856 19 3879 20 3994 17 4412 33 3964 16 4043 21 3996 22 3928 35 3937 15 3352 14 3232 13 3132 12 3374 11 3675 10 3546
146 -1.307926297144089 3.5075829499142772 60.045856435280896 117 97 76 0.20778364367546204 34 3751 18 3861 19 3880 20 3999 17 4413 33 3965 16 4044 21 3997 22 3929 35 3938 15 3359 14 3233 13 3136 12 3375 11 3678 10 3547
147 -1.7399454668848766 3.6913681076398208 60.035162182958842 115 97 83 0.13519132826612187 34 3776 18 3885 33 3987 35 3969
148 -1.7399454668848766 3.6913681076398208 60.035162182958842 115 97 83 0.13519132826612187 34 3777 18 3886 33 3988 35 3968
149 -5.5314297099203067 3.9334352949381048 62.241807836301739 200 186 179 0.44011417277100062 34 3811 18 3929 19 3952 20 4051 17 4475 33 4015 16 4101 21 4070 22 3984 35 4002
167 -4.5742796672758566 -4.2159076028972295 62.234467340263357 116 122 129 0.73991701904401197 34 2945 18 5351 19 5314 17 5924 33 5314 21 3256 22 3186 35 328 14 5587 12 4553 11 3093 10 2959
168 -5.7996021550249353 -2.7058315627766127 61.766977854519318 60 61 66 0.60308872624024967 34 3078 18 5395 19 5347 20 5496 17 5955 33 3253 16 5469 21 3319 22 5453 15 2832 14 2738 13 2605 12 4576 11 4948 10 4720
169 -4.9362868847246979 -1.7928099154726516 62.347058197269561 75 59 57 0.32057330474604556 34 5207 18 5411 19 5365 20 5522 17 5981 16 3492 21 5515 35 5411 14 4460 11 4976
171 -5.1982809475318366 -1.6900722239074257 62.080227419497518 183 164 153 0.36495450294099985 34 3194 18 5415 19 5367 20 5525 17 5986 33 3377 16 5493 21 5517 22 5478 35 3378 15 4605 14 4461 13 4366 12 4602 11 4977 10 4749
173 -4.4628809397491107 -1.5968131956907652 62.278322071896774 209 180 180 0.27840945376919179 34 3198 18 5421 19 3311 20 3414 17 5992 33 3380 16 5499 21 3397 22 3340 35 3380 15 4610 14 2801 13 2670 12 2930 11 3212 10 3072
174 -4.5318928760983272 -0.42485431017490666 62.44471152558453 216 183 178 0.24233238884438854 34 5285 18 5469 19 5426 20 5591 17 6048 33 5542 16 5543 21 5589 22 5524 35 5472 15 4659 14 4509 13 4421 12 4640 11 5033 10 4797
175 -4.5883398842379481 0.52469506484105477 62.436778198416654 232 200 182 0.26720485208730305 34 5315 18 5509 19 5459 20 3593 17 6086 33 5579 16 5574 21 3583 22 3508 35 5507 15 4696 14 4533 13 4456 12 4681 11 3355 10 4838
176 -4.4502503486660121 0.67735463950837982 62.491530259469513 90 71 60 0.48925338446809591 34 5323 18 5512 19 5467 20 5625 17 6089 33 5592 16 5580 21 5636 22 5574 35 5511 10 4847 11 5082
177 -5.6039225493573017 0.94247506993058838 62.341905632644689 174 162 152 0.39537194470146181 34 5349 18 5528 19 5479 20 5637 17 4005 33 5602 16 3683 21 5641 22 5587 35 3572 15 3065 14 2939 13 2823 12 4694 11 3384 10 4858
178 -4.6102290403668409 1.7415184769531162 62.414733012315502 234 215 197 0.23543190959735127 34 5393 18 5569 19 5517 20 5677 17 6149 33 5640 16 5637 21 5674 22 5618 35 5564 15 4749 14 4581 13 4531
179 -4.6131516074059622 2.2597762439479165 62.3462185620021 213 194 183 0.31327345822444785 34 5437 18 5606 20 5707 17 6200 33 5677 16 5675 21 5697 22 5649 35 5598 10 4928 11 5155
180 -5.1397016091129224 2.311514067925561 62.229706136110771 95 76 62 0.24784874299947432 34 5441 18 5610 19 5561 20 5716 17 6207 16 5681 21 5703 22 5654 35 5611 15 4787 14 4611 13 4573
181 -4.7625633665373712 2.3321643360059001 62.286099414451371 109 85 70 0.33236240512773657 34 3597 18 5613 19 3693 20 5719 33 3784 16 5684 21 3803 22 3732 35 5612 15 3191 10 3363
182 -4.8978973693957517 2.4726548844602374 62.599527214028555 201 185 166 0.24550380042566194 34 5452 18 5616 19 5570 33 5700 16 5696 35 5630 15 4800
183 -6.256098640448041 2.6798143328030357 62.142719773852427 200 185 176 0.29294978582102471 34 5472 18 5625 19 5584 20 5740 17 6224 33 5718 16 5713 21 5726 22 5677 15 4813 14 4630 13 4597 12 4782
184 -6.2538840711579269 2.6777028772750033 62.121064659924919 200 185 176 0.28237266080739054 34 5471 18 5626 19 5585 20 5741 17 6225 33 5717 16 5712 21 5727 22 5676 35 5650 15 4812 14 4631 13 4596 12 4781 10 4955
185 -4.6503137518753466 2.7218342176414869 62.239265929175751 221 211 196 0.35978373917847661 34 5470 18 5628 17 4213 33 3832 35 3797 19 5589 10 4956 11 5185 12 4787
186 -4.65241779951584 2.7296261174517258 62.231093923288441 221 211 196 0.47614828853415553 34 5469 18 5629 19 5588 20 5743 17 6228 33 3831 17 4214 16 3875 21 5733 22 5681 35 3796 11 5184 12 4786 10 4957
187 -2.0964309633915756 2.7632445655499263 60.007609025606776 111 89 63 0.34723176243607101 34 5473 18 5646 20 3844 12 3269 13 4600
189 -6.2376326970797944 3.0340156858182614 62.074833394511487 105 95 91 0.47885852806821416 34 5486 18 5674 20 5773 17 6261 33 5738 21 3896 22 5702 35 3866
190 -1.1079440981885251 3.0738807504879819 60.182679304024511 113 87 79 0.27930952892383604 34 5487 18 5683 19 5639 20 5788 17 6273 21 5771 22 5731 35 5665 11 5207 10 4982
191 -1.6207075098941233 3.3568218587556022 60.047018650346963 254 237 215 0.1651933677436265 34 5519 18 5740 17 6331 19 3866 20 3968 33 5778 16 4016 21 5818 22 5773 35 5695 15 4873 14 3217 13 3119 12 3355 11 3656 10 3523
192 -1.6184576525630709 3.3554052106938665 60.035538630208713 254 237 215 0.13000088366284615 34 5520 18 5741 17 6332 33 5779 21 5819 35 5696 15 4874 10 3524
193 -1.2111149583827299 3.3858997910055755 60.084164679036917 255 246 225 0.2052256088220144 34 5525 18 5749 19 5699 20 5839 17 6337 16 5846 21 3979 22 5780 35 3907 15 4876 14 3220 13 3122 12 4845 11 3659 10 3530
194 -5.8507314204273602 3.700106988948237 62.075925549785417 195 184 176 0.37577169483606732 34 5563 18 5810 19 5751 20 5888 17 6395 33 5808 21 5859 22 5823 35 5728
197 -5.5264945115049624 3.7752843343751383 61.971617702190898 115 101 93 0.49344733098107518 34 5575 18 5835 20 5909 33 5819
198 6.7792327175030955 3.4933971031559179 57.013702032202865 251 251 238 0.74927308435493933 34 6740 18 5840 19 5787 20 5923 17 7610 33 6961 16 5936 21 5915 22 5876 35 6813 15 5927 14 4733 13 4700 12 4893 11 5287 10 5053
199 7.0232651725948596 3.5927269009566505 56.998700504152936 255 253 236 0.67651294303038045 34 6754 18 5860 19 5822 20 5961 17 6443 33 6969 16 5968 22 5912 15 4929 14 4747 13 4711 12 4912 11 5311 10 5082
200 7.0232764540987915 3.5957885294012684 57.007087130275032 255 253 236 0.78184122769977893 34 6753 18 5861 19 5821 20 5960 17 6442 33 6968 16 5967 21 5939 22 5911 35 6827 15 4928 14 4746 13 4710 12 4911 11 5310 10 5081
201 -5.825376302523912 3.9444094861339782 61.968519984525948 210 196 187 0.56204605907233751 34 5599 18 5876 19 5820 20 5948 17 6464 33 5842 22 5887 35 5765 15 4936
218 -14.874615352058809 -2.7593915660685457 64.098762154913047 68 60 65 1.3935425266794583 34 5198 18 6836 19 6821 33 5427 21 6954 35 5407
219 -4.388478762748413 -2.3190128878741874 62.106738919923316 69 57 51 0.62281139718478518 34 6445 18 6839 19 6823 20 6966 33 5420 16 6914 17 8142 21 7571 22 6903 35 5393 15 5784 14 6221 12 6422 11 6818 10 5901
225 4.7903117582280537 2.9637017848128941 62.298851625283305 113 117 123 0.72246051421586299 34 7336 18 6962 20 7093 33 7547 16 7020 21 7072 22 7032 35 7441 10 5998 11 6295
226 -6.1828338122676012 3.1783918800232067 62.381796085711684 208 195 182 0.31090576388581609 34 6704 18 6977 35 6781
227 6.9629821136750714 3.7715648056127926 56.858051562068276 102 94 86 0.72936971908044024 34 6763 18 7038 19 7002 20 7147 17 7631 33 6976 22 7078 35 6838 14 5770 13 5663 11 6360 10 6072
228 7.3131790944437149 3.7429243113112727 56.954146893307424 112 91 87 0.80689941156710365 34 6761 18 7039 19 7001 20 7145 17 7628 33 7581 21 7116 22 7077 35 6836 14 5762 13 5664 12 5969 11 6358
232 2.4142346968542894 -10.236382405701212 59.641656511918939 174 150 120 0.94983981072498347 34 7608 18 7505 17 8546 33 7329 16 7984 21 7516 35 7689 15 6376 13 6480 12 6374 11 7151 10 6868
241 -4.403288190981808 -1.3620160207308052 62.41797789791854 73 59 60 0.31162507777145559 34 7236 18 7563 19 7532 20 7634 17 8153 33 7446 16 7590 21 7582 22 7571 35 7350 15 6438 14 6228 13 6130 12 6434 11 6829 10 6547
243 -5.4230006020341825 0.51521666008947942 62.271528431694868 68 63 65 0.76594042812390928 34 6550 18 7606 19 7568 20 7027 17 7502 35 7385 33 7486 15 5821 14 6250 22 7613 13 6157 12 6465 11 6858 10 6579
244 -1.4117072151163041 3.1789070999745368 60.071836309987027 110 103 96 0.25744784935947407 34 7345 18 7667 19 7632 20 7740 17 8256 33 7558 16 7682 21 7695 22 7681 35 7447 15 6518 14 6303 13 6217 12 6512 11 6915 10 6624
245 -2.4169819286583363 3.1964497175191764 59.782002321540141 116 99 86 0.29620121788101661 34 7347 18 7669 19 7635 20 7743 17 8259 33 7561 16 7685 21 7699 22 7683 35 7449 15 6519 14 6306 13 6219 12 6517 11 6918 10 6625
254 4.7722257228785061 -10.74696610456774 59.412550781585587 252 225 167 1.4514058059746349 34 7606 18 7953 19 7903 20 8006 17 8544 33 7326 16 7983 21 7969 22 7502 35 7222 15 6800 14 6576 13 6479 12 6371 11 6764 10 6866
255 5.0087635939251687 -10.628330139574487 59.020275947991856 53 46 54 1.1973102753951141 34 7607 18 7954 33 7327 22 7962 35 7223 14 6577 15 6374 11 7150 10 6867
267 -5.2942301976843229 -1.4607427564959146 62.865321221663407 95 73 71 0.44341546387614017 34 7234 18 8003 19 7941 20 8056 17 8590 33 7445 16 8027 14 6622 11 7204 10 6922
269 -4.3881793398848323 2.001826290642398 61.979099085396705 115 100 109 0.23905861418366114 34 7720 18 8036 19 7969 20 8096 33 7912 21 8047 22 8036 35 7789
270 -5.8886091162625611 2.4347830826938863 62.442572761167376 92 85 78 0.74948134212623829 34 7722 18 8045 19 7973 20 8101 17 8616 16 8058 21 8050 22 8041 35 7794 15 7121 14 6652 13 6575
271 -1.9413042316843883 3.1250772870678949 59.996534960885818 182 64 86 0.32237073635061175 34 7733 18 8052 19 7979 20 8115 17 8630 33 7926 16 8067 21 8063 22 8051 35 7801 15 6896 14 6658 13 6586 12 6917 11 7251 10 6955
279 -14.624501022533964 -6.2649890436738502 69.304216442055022 247 254 254 0.300989760488311 34 7655 18 8246 19 8191 20 8335 17 8835 33 7859 16 8277 21 7981 22 8258 35 7285 15 7093 14 6882 13 6779 12 7115 11 7464 10 7148
280 -4.7631450187651545 -1.9767002057626475 62.292546684503364 68 57 57 0.34456636828622472 34 7963 18 8259 19 8211 20 8348 17 8850 16 8289 21 8291 22 8277 15 7102 14 6897 13 6795 12 7130 11 7478 10 7166
285 -14.697325380652755 -6.8537483446489018 68.928829748265017 62 63 70 1.0527979076717029 34 7938 18 8410 20 8474 17 8993 33 8121 21 8428 22 8254 35 7988 14 7058 12 7105 13 6776 11 7622 13 6971
289 -4.2243958007630482 -4.3655905229904732 63.236251431906012 55 62 70 0.89508954070043034 34 8111 18 8426 19 8199 20 8341 17 9002 33 8288 16 8443 21 8439 22 8420 35 8161 14 7068 13 6788 12 7280 11 7471 10 7338
291 -5.9486099391062197 -3.7727106307372891 61.305765939138169 210 199 179 1.0172657831341663 34 8214 18 8430 19 8492 20 8581 17 9115 33 8373 16 8561 21 8560 22 8533 35 8164 15 7389 14 7188 13 7086 12 7412 11 7750 10 7454
292 -4.4449163729228864 0.071837176119829579 62.381432867108686 67 65 61 0.45769647817529069 34 8128 18 8443 19 8385 17 9024 15 7295 13 6993 12 7300 11 7641 10 7351
298 -4.8000073382627786 -3.9112180152466354 61.990753440030289 252 255 253 0.4507463148757952 34 8212 18 8537 19 8489 20 8577 17 9113 33 8371 16 8559 21 8556 22 8530 35 8261 15 7387 14 7185 13 7082 12 7409 11 7748 10 7452
299 -4.8000073382627786 -3.9112180152466354 61.990753440030289 252 255 253 0.4507463148757952 34 8213 18 8538 19 8490 20 8578 17 9114 33 8372 16 8560 21 8557 22 8531 35 8262 15 7388 14 7186 13 7083 12 7410 11 7749 10 7453
300 -4.3034746131982313 -3.2866150509605698 62.166793565095965 61 63 63 1.4972228933809104 34 8116 18 8540 19 8493 20 8582 33 8291 16 8564 22 8534 35 8264 15 7393 14 7189 13 7088 12 7414 11 7752 10 7456 21 8445
301 -5.394222953196687 -0.17916412497547429 62.251727490096968 123 108 101 0.82289732743403177 34 8127 18 8545 19 8500 20 8587 17 9021 33 8298 16 8461 21 8563 22 8539 15 7294 13 6992 12 7298 10 7473
302 -5.7766654595085001 0.35349127350988868 62.161579466791146 73 68 67 0.36252646749167761 34 8226 18 8546 19 8501 20 8588 17 9127 33 8382 16 8573 21 8565 22 8542 35 8274 15 7402 14 7201 13 7098 12 7425 11 7763 10 7476
303 -5.7732664155075764 0.35303790316059669 62.126448852062467 73 68 67 0.34476463765942866 34 8227 18 8547 19 8502 20 8589 17 9128 21 8566 15 7403 14 7202 13 7099 12 7426 11 7764 10 7477
304 -5.0773256105069837 0.40880891482002124 62.429333113041963 75 69 68 1.0604012197329757 34 8229 18 8548 19 8503 20 8590 17 9025 33 8384 16 8463 21 8567 22 8436 15 7405 14 7203 13 7100 12 7427 11 7765
305 -5.0869785115274055 0.4136692491982028 62.535932504466942 75 69 68 1.0345550461795558 34 8228 18 8549 19 8504 20 8591 33 8383 21 8568 22 8437 35 8177 15 7406 14 7204 13 7101 12 7428 11 7766 10 7479
313 4.1672977767866222 -10.384628790392401 60.566775827108238 52 66 104 2.0491318916708012 34 8355 18 8662 33 8509 16 8679 19 8622
318 -15.980500890698893 -7.4283789435479219 67.046062057007617 233 203 176 0.83565309483332606 34 8407 18 8731 19 8690 20 8767 17 9305 33 8574 16 8757 21 8757 22 8720 35 8459 15 7609 14 7408 13 7298 12 7625 11 7958 10 7669
2119 1.8072593023509484 1.9789713302007341 14.884495648533433 77 67 55 1.3226444508866932 19 4939 17 2908
2121 3.6597399459852209 -10.409693540818274 59.283156547435127 198 192 219 0.77474107233381861 17 10 34 24 33 18 18 2946 16 7 20 12 19 11 21 6
2122 2.6768979820702108 -10.247609479369981 59.636268616993803 200 187 212 0.77142619548920444 17 21 34 36 33 26 19 15 16 15 15 21 14 15 13 14 12 14
2123 -16.570176705508366 -7.8473263295678608 69.284667202226302 249 223 195 0.4555786814104974 17 3567 33 268 18 3032 19 3082 20 3166 16 3257 21 3166 22 3091 15 2678 14 85 13 2468 12 4500 11 4872 10 4644
2124 -16.960861390762641 -7.4009074351385662 69.659343712233309 251 250 254 0.32049155628978537 17 3584 34 338 33 298 18 3046 19 3099 20 3181 16 3280 21 3182 22 3101 15 2691 14 2615
2125 -17.100846146324734 -7.3793662861013756 69.426922033389602 252 249 252 0.30570393562613873 17 3583 34 337 33 303 18 3043 19 3098 16 3279 21 3180 22 3100 35 224 15 2690 12 2749 11 3013 10 2877
2126 -18.681277595493707 -6.8645008752476731 68.521617258712737 232 228 251 0.51422034373922498 17 3588 34 2878 33 352 18 3055 19 3104 20 3188 16 3290 21 3190 22 3118 35 256 15 2702 14 2622 13 2494 12 2756 11 3023 10 2888
2127 -18.192795775992405 -6.0400538756740438 69.526733271373118 116 114 128 0.43369988709883139 17 3613 33 432 18 187 20 189 15 164 16 199 14 153 13 2514 12 2783
2128 -17.171925986189954 -5.9419815981752393 70.268087176017772 248 250 254 0.34241963616314675 17 213 33 439 18 192 19 193 20 197 34 476 16 201 21 193 22 160 15 168 14 160 13 155 12 136 11 142 10 137
2129 -17.181383537229785 -5.9465140880182012 70.311066892002984 248 250 254 0.32871648454024688 17 214 33 440 18 193 19 194 20 198 16 202 21 194 22 161 15 167 14 161 13 154 12 137 11 141 10 138
2130 -16.52750852637568 -5.2171463057807168 70.799697277409777 230 233 252 0.56525582303755018 17 3643 34 2977 33 494 18 3106 20 3243 16 3337 21 231 22 3167 35 350 15 2748 12 2812 11 3076 10 2944
2131 -3.6307348243918427 -3.8752524640375055 62.135821028874069 77 83 92 1.3657012222673977 17 3681 33 495 16 304 18 3148 19 3180
2132 -3.6810743785047815 -3.6501720569776794 62.034083243985009 106 98 73 0.74325463488829546 17 3696 33 514 35 386
2133 -3.6773323032855623 -3.646675041952562 61.954603823002756 106 98 73 0.68351883951516079 17 3695 34 572 33 515 35 385
2134 -15.974791818004663 -4.9132583232184368 70.464979481786614 120 124 150 0.66661277781982375 17 3652 33 525 18 3116 19 3156 20 3253 21 248 22 218 35 393 14 201 16 259 13 192 12 190
2135 -3.814337887442584 -3.6090882482352393 62.18416677238595 242 231 211 0.33759965853864726 17 347 33 530
2136 -6.1922833054980568 -3.6985465287665438 61.42868305362768 211 202 187 0.79610165069550198 17 332 34 583 33 535 18 3153 19 323 20 306 21 305 22 282 13 247 12 233 11 242 10 220
2137 -3.7891594396486066 -3.4116464241772575 61.999228349262332 228 217 197 0.18840668846158737 17 361 33 563 16 347 20 341
2138 -5.7369862527884283 -3.470455243039456 60.588252681358817 83 76 68 0.95771930544239381 17 349 34 3028 33 564 19 3190 20 3297 16 335 14 2708 13 259
2139 -16.496780162770321 -4.5813922838023853 70.843381600649977 97 101 130 0.64386929813250604 17 292 34 625 33 572 18 274 20 276 16 281 21 275 22 239 35 430 15 220 14 221 13 212 12 205 11 203 10 188
2140 -3.5416822603625797 -3.1184490228594779 61.657807518186537 91 76 73 0.91089302801752847 17 382 34 645 33 579 35 3246 13 285 14 289 15 299 11 3116 12 4569 10 2978
2141 -5.5946752884770952 -3.0634595027621727 62.152989080635137 161 160 167 0.29267950214006727 17 386 34 662 33 596 19 374 16 363 35 457
2142 -4.5831024914817995 -2.7888232805609632 62.265128076721616 135 126 139 0.4464859988438718 17 403 34 689 33 620 18 376 19 395 20 370 16 383 21 351 22 357 35 495 15 315 14 2736 12 302 11 3133 10 269
2143 -18.382650748456957 -3.8184100605240396 70.488673591120573 172 173 200 0.53127399897768568 17 5942 34 705 33 631 18 3163 19 3191 20 5476 16 3389 35 516 11 4928 10 4700
2144 -4.7479400748009564 -2.5888122633141122 62.235257057262928 185 176 184 0.38533024570397784 17 426 34 707 33 644 18 391 20 393 16 399 21 368 22 377 35 518 15 331 14 329 11 308 10 289
2145 -4.7491014024838218 -2.5911791249587157 62.226339327262203 185 176 184 0.34524777300520881 17 425 33 645 18 392 20 394 16 398 21 369 35 519 15 330 14 328
2146 -18.893423724079504 -2.8616785439266774 70.573238773376104 160 161 185 0.66656052712236413 17 417 33 706 18 3214 19 403 20 379 16 3432 15 321 14 2741 13 305 12 305 10 274
2147 -17.925330527888931 -2.8054533468731666 71.227270306767949 170 173 189 0.60044194361010583 17 432 33 708 18 401 20 392 16 406 21 365 15 342 14 333 12 313
2148 -5.1427398120786396 -1.8205384698410385 62.247022011238109 104 68 48 0.42862372126155363 17 515 33 710 18 471 19 480 20 3396 16 487 21 441 22 455 35 596 15 406 14 394 13 376 12 367 11 385 10 362
2149 -17.006294160495258 -2.6815969177225347 71.62949844685555 160 163 179 0.74109633206689041 17 3760 34 808 33 718 18 414 19 429 20 408 16 426 21 379 22 392 35 618 15 357 14 352 13 330 12 327
2150 -5.5109005496167587 -1.6983092317846082 62.145119643121603 184 171 169 0.40435555851927923 17 525 33 731 18 484 19 489 16 502 21 456 22 468 35 620 14 403 13 382 11 399 10 379
2151 -5.5053763950506305 -1.6953049734138188 62.118806659153449 184 171 169 0.43181205776636905 17 526 33 732 18 485 19 490 16 503 22 469 35 621 14 404 13 383 12 2924 11 400 10 378
2152 -4.1755683066563893 -1.3032488758236986 62.352000580260324 229 219 217 0.23637599526281575 17 565 34 856 33 774 18 517 19 517 20 3444 16 3521 21 473 22 495 35 660 15 438 14 2817 13 408 12 2947 11 430 10 409
2153 -6.1414632905568496 -1.3946937383282454 62.036197917479512 226 206 199 0.18835057574917585 17 553 34 866 33 777 16 534 35 665 15 430 14 422 22 488
2154 -18.697273982514993 -2.2177731386470665 70.97686505212134 106 108 134 0.77164824595282311 17 489 34 872 33 786 18 3259 19 3269 20 436 16 3477 21 409 22 425 35 689 15 2869 14 2778 13 362 12 2903 11 346
2155 -5.5031687502044875 -0.9311533707979478 62.265741068039304 137 126 136 0.27209926461670569 17 599 34 903 33 822 18 542 19 542 20 516 16 583 21 503 35 722 15 464 14 449 13 427 12 424
2156 -4.1016245302041572 -0.21699136022642607 62.468274173397475 117 81 78 0.072127504665633155 17 654 34 958 33 880 35 799 15 2992
2157 -5.571745066116776 -0.25606286988121307 62.548767880119627 184 166 164 0.42264669240087377 17 3900 34 965 33 887 18 5485 19 5440 20 5598 16 5550 21 5600 22 5535 35 3481 15 4665 14 2879 13 2734 12 4647 11 5042 10 4807
2158 -6.2715625427461426 -0.10087835757842312 62.039928127485233 91 72 65 0.2184043820125938 17 672 34 982 33 902 35 832
2159 -6.2304004846515877 0.0053465352759457033 62.099967256986609 205 192 184 0.25874798665030158 17 680 34 989 33 916 16 3614 35 841 15 521 13 501 11 539 10 527
2160 -6.2524039972009078 0.0033174202576225428 62.202055989714609 205 192 184 0.17225797163844647 17 679 34 990 33 917 16 3615
2161 6.3959884999319403 1.1072995341267604 61.721290636311608 95 88 224 0.86787241961653383 17 769 33 973 18 737 20 704 21 673 22 718 35 893 14 581
2162 3.383655814684654 1.2512454426152499 62.276675455319285 79 87 117 0.2763363110475679 17 775 34 1067 33 997 35 921
2163 4.9597597821954 1.6089171254140286 62.380584895088873 81 78 102 0.50126389730746201 17 815 33 1030 18 780 19 775 16 816 35 3601 14 612 12 3141 10 661
2164 -5.4227913420488498 1.9500634643264716 62.07972810610606 209 188 182 0.25366428954219755 17 870 33 1110 18 834 19 829 20 808 16 865 22 813 15 674 14 658 11 734 10 705
2165 -4.6508517654679995 2.1199705129197466 62.268852095304624 127 102 91 0.36016135509100844 17 4126 33 1126 18 3631 19 3657 20 3763 21 3778 15 3168
2166 -6.07064469758431 2.5390821697363668 62.174133346763291 127 106 114 0.18575624040499109 17 4191 34 1295 33 1214 16 3861 35 1174
2167 -2.1175786139573849 3.4117139413689306 59.468736792879753 173 138 116 0.50108584935783351 17 1215 34 1440 33 1398 18 3851 19 3874 20 1054 21 1059 22 3915 35 1341 15 3349 14 3228 13 3128 12 891 11 3670 10 3539
2168 -2.5238105883126702 3.4709200522300452 59.784129207737145 255 234 203 0.070925196617575834 17 1225 34 1455 33 1408
2169 -1.8858808674337957 3.8316107267237514 61.751310467956721 198 178 174 0.48718102709864125 17 4455 34 1517 33 1461 19 3931 20 4029 35 3984
2170 -1.8858808674337957 3.8316107267237514 61.751310467956721 198 178 174 0.48718102709864125 17 4456 34 1518 33 1462 19 3932 20 4030 35 3983
2171 4.3418732571255294 4.2125745451006278 62.140374395630914 92 93 102 0.31442411678173854 17 1412 34 1579 33 1524 35 1494
2172 4.2658488047351284 4.2815957919614878 62.059778110248445 202 204 212 0.42757865513107424 17 1430 33 1541 19 1278 16 1372 21 1244 35 1510
2176 -16.855302260688539 -8.1200948529948693 68.374990657774376 231 181 140 0.69455682786897421 17 5858 33 2973 18 5278 19 5259 20 5398 34 5014 16 5373 21 5400 22 5342 35 173 15 4521 14 4356 13 4275 12 4491 11 4865 10 4635
2177 -18.67114392698161 -6.7559775102667174 68.729882012497242 192 185 204 0.47360954890110002 17 5893 33 3051 18 3061 19 3106 20 5419 16 3297 21 5426 22 5366 35 3171 15 2708 14 2628 12 4520 11 3029 10 2896
2178 -17.043193662761439 -5.9228904860745342 70.497538208286812 244 239 247 0.49767061289469999 17 3622 34 2923 33 3090 18 3082 19 3124 20 3224 16 205 21 3215 22 3140 15 2726 14 2642 13 2522 12 2791 11 3054 10 2919
2179 -17.425834842755783 -5.3530991502385827 70.325699427324835 253 251 252 0.38698604456749353 17 3632 34 2967 33 3136 18 3096 19 3136 20 3234 16 3322 21 3228 22 3158 35 3215 15 2743 14 2656 13 2534 12 2804 11 3068 10 2934
2180 -5.2252544126259988 -4.0033178958927174 61.959454295602477 144 139 118 0.57116192313304426 17 3668 33 3141 16 3363 20 3276 13 4334
2181 -6.9978702748486192 -5.1163006973196383 80.262092437846889 114 108 96 1.6752480625918142 17 3666 33 3162 18 3131 19 3169
2182 -6.9978702748486192 -5.1163006973196383 80.262092437846889 114 108 96 1.6752480625918142 17 3667 33 3163 18 3132 19 3170
2183 -15.842309730627617 -4.9807991977360029 70.811951787700679 252 253 255 0.58260574737196114 17 5914 33 3173 18 5345 19 5309 20 3252 16 5422 21 3245 22 5395 35 3233 15 4571 14 4414 13 4329 12 2822 11 3084 10 2952
2184 -18.442693062653003 -4.8167035996770835 70.086065422030075 88 90 122 0.33548088552160976 17 5915 34 3025 33 3181 18 6808 20 5449 35 3242
2185 -17.089191538410152 -4.8074702233431008 71.293069480152781 161 162 180 0.37677228627123055 17 3654 34 3026 33 3183 18 3119 19 267 20 3256 15 2766 11 3086 10 4686
2186 -5.7235428756751752 -2.8362956653536502 62.039028800603717 168 167 176 0.57060609016533537 17 3726 34 3068 33 3242 18 3200 19 3221 20 3334 16 3416 21 3310 22 3254 35 3280 15 2828 14 2729 13 2600 12 298 11 3128 10 2993
2187 -3.8530658738831129 -2.7148379492139894 62.181443058328753 86 78 87 0.42059001925925826 17 5956 34 5168 33 3243 18 5396 19 3235 20 5497 16 5470 21 5492 22 5455 15 4591 14 4440 13 4351 12 4577 11 4949 10 4721
2188 -4.8004663811848829 -2.694852693241236 61.836782386236507 92 84 95 0.70228446621866336 17 3734 33 3250 16 3423 20 3342 15 2833 13 2606 14 316 12 306
2189 -4.6648933096723688 -2.6790312878351434 62.106805172125867 85 76 88 0.53073985347717867 17 3736 34 700 33 3252 18 3213 19 3234 20 3345 16 3427 21 3325 22 370 35 3286 15 318 14 2739 13 2607 12 2872 11 298 10 278
2190 -6.1519749986509709 -2.7442625961349294 61.661596992261167 106 107 114 0.74213819830850569 17 3731 34 3082 33 3256 18 3209 19 3227 21 3317 20 368 22 3259 15 2831 14 2735 13 2603 12 2870 16 384
2191 -16.513955450321912 -3.5692371277190018 71.28102269725143 137 139 161 0.52292521132650849 17 5945 34 3104 33 3280 35 541
2192 -4.6918325146590423 -2.3355716166475236 62.170787870489484 232 196 199 0.40549482307860124 17 459 34 3124 33 3298 18 423 20 3364 16 432 21 388 22 3291 35 3332 15 362 14 360 13 2622 12 2892 10 3026
2193 -4.6885901959297556 -2.3353992675152497 62.18804117994533 232 196 199 0.35298738759891429 17 460 34 3125 33 3299 18 424 20 3365 16 433 15 363 14 361 13 2623 12 2893
2194 -5.5020595987164249 -1.9184421299001673 62.170420677766884 174 154 152 0.40356757043192892 17 3785 33 3348 18 3263 19 3278 20 3386 16 3486 21 3370 22 3317 35 588 15 2878 14 2780 13 2641 12 2912 10 3053
2195 -5.5053682740218211 -1.9220569943792605 62.193630638584423 174 154 152 0.37251490009889371 17 3786 33 3349 18 3264 19 3279 20 3387 21 3371 22 3318 35 587 15 2879 14 2781 10 3054
2196 -5.0305912030139339 -1.9064242968896594 62.269203129106828 202 181 174 0.35364141905304464 17 3788 33 3351 18 3267 19 3283 20 3388 16 3487 21 3376 22 3325 15 2880 14 2786 13 2649 12 2918 11 3197 10 3056
2197 -4.4416119450320206 -1.8282026768910449 62.16843750656102 158 146 161 0.49764188560588968 17 3791 33 3356 18 3274 19 3293 20 3392 16 3488 21 3379 22 457 35 591 15 2884 14 2793 13 2653 12 2919 11 3203 10 365
2198 -4.4730808402147026 -1.8454181913998757 62.416798285703067 158 146 161 0.24318601955810007 17 3792 33 3357 18 3275 19 3294 20 3393 21 3380 35 592
2199 -5.351379857496056 -1.8291605939110804 62.478874036000143 93 71 60 0.38464130891709242 17 3789 34 3185 33 3368 16 3489 20 3394 18 3273 19 3291 21 440 22 454 15 2886 14 2792 13 2651 12 2921
2200 -5.2545651206702129 -1.3339644070788981 62.533621893748375 100 75 70 0.29485302368561311 17 561 33 3404 18 515 20 3440
2201 -4.2730718927128635 -0.73319786860348235 62.47523434921181 95 77 82 0.25259013422835397 17 601 34 925 33 3446 35 742 15 2943
2202 -4.321090566357638 0.81701985396636534 62.547147342000002 155 148 152 0.14984328196109406 17 6094 34 3404 33 3580
2203 -5.6126013259250378 0.81598151211413827 61.826338798436424 101 87 88 0.27037337634353092 17 3987 34 3410 33 3584 35 3555 15 574 14 2931 13 2807 11 598 10 591
2204 6.4991071095326145 1.2573257096435937 61.829536832341681 114 116 187 0.72692985884605987 17 6123 34 5341 33 3592 18 5543 19 3569 20 3676 16 3706 21 3686 22 3608 35 3559 14 4553
2205 -5.3630318965197628 1.0900695665586564 62.350514976251894 99 85 84 0.38179817505730307 17 767 33 3608 18 734 19 3548 20 696 22 3572 15 3074 13 2831 12 3104 10 615
2206 5.2877857770930383 1.6713337375136545 62.253319726944198 134 133 160 0.35509600057117879 17 829 34 1120 33 3637 16 826 12 617
2207 -5.9298656369072376 1.533671305086824 62.12819613692605 99 89 85 0.29225829414387877 17 4064 33 3659 18 3566 19 3593 20 3695 21 3703 22 3636
2208 -6.0716567317261383 2.1687150036144316 62.395324866401658 243 227 217 0.4483437432630063 17 4132 33 3768 18 3647 19 3666 20 3773 16 3806 21 3785 22 3706 35 1097 34 1215
2209 -4.9782699497442646 2.3186662180589637 62.456177107504836 129 101 86 0.27030279797138917 17 4146 34 3592 33 3782 19 3691 16 5683 21 5704 35 3746 15 4789 14 4613 13 4575
2210 -4.9751703728558816 2.3197812119870416 62.439554183624892 129 101 86 0.27180796107110039 17 4147 33 3783 19 3692 16 5682 21 5705 35 3747 15 4790 14 4614
2213 -1.7302341605674281 3.2655812387949292 60.072683088240503 127 109 94 0.20542755829283862 17 4360 34 3719 33 3912 18 3825 16 4003 20 5809 21 3953 22 3878 35 3891 15 3326 14 3206 13 3101 12 3340
2214 -1.3236511621728559 3.2905563156718083 59.910756388551377 137 111 76 0.47166947732039216 17 4364 33 3920 18 3832 19 1077 20 1032 16 4004 21 1030 22 3889 35 5681 15 885 14 858 13 833 12 872 11 3647 10 3517
2215 -1.8296120597544534 3.3624297570868356 60.037130494074752 253 248 230 0.25854515463133232 17 4379 34 3728 33 3934 18 3843 19 3865 20 3966 16 4014 21 3973 22 3901 35 3905 15 3337 13 3117 12 3353 10 3525
2216 -2.2942254423166726 3.4762765120005077 59.781510448497258 169 134 116 0.45357390599214958 17 1226 34 1456 33 3963 19 1105 16 1184 35 3943 15 917 13 863
2218 6.1284813238160218 3.9816128144052669 62.231556633717524 123 123 137 0.73693322062117106 17 1348 33 4025 18 1196 19 1205 20 1156 16 1297 21 1175 22 1228 35 1451 15 985 14 966 13 942 12 986 11 1118 10 1080
2222 -1.2671335073412715 1.3671598100648477 13.995546240366098 117 117 137 1.365495628447464 17 1981 33 4242
2228 4.6891261659753827 -11.240320522159225 59.158501046841927 226 200 184 1.4849186232234026 17 0 33 5152 19 3 20 1 21 0 22 0 35 5190 15 2616 14 0 12 0 11 2953
2229 -17.942568959916162 -8.3250229386020269 68.621956962536927 119 117 145 1.5552547541084225 17 5856 34 6332 33 5262 18 5271 19 5252 20 5395 16 6847 21 5397 22 5338 35 6491 13 4273
2230 -17.685084980836741 -8.1094702036760449 68.472929786498881 140 122 142 0.90485092878539386 17 7406 34 2810 33 5267 18 6766 19 6736 16 7536 21 6880 20 5396 22 6834 35 5278 12 5717
2231 -17.784341890892051 -7.2773586168216529 68.795967853310856 255 254 246 0.5002972160992486 17 8097 34 5043 33 5280 18 7519 19 7483 20 6896 16 7543 21 7529 22 6851 35 5291 35 6506 15 6385 14 5546 13 5443 12 5730 11 6114 10 6483
2232 -16.694196067327105 -7.0418820587989677 69.879296572884826 126 131 144 0.56670527002416515 17 7420 33 5284 18 7523 19 6756 22 7525 14 5557 10 5833
2233 -18.603351544079196 -6.7935212286816729 69.023143217883728 255 254 255 0.32642899057092056 17 7422 34 5056 33 5288 18 6789 19 6757 20 6909 16 6865 21 6901 22 6856 35 5303 15 5743 14 5559 13 5455 12 5744 10 5834
2234 -17.57258283131787 -5.5201951339267348 70.46300097652194 105 99 110 0.61337991506674527 17 7432 34 5094 33 5317 21 6922 22 6867 35 5318 19 5300 17 5907 15 5753 13 4319 13 5466
2235 -17.159190047271196 -5.1453417476030934 70.736601096940788 254 254 253 0.45050486618164137 17 7438 34 5111 33 5336 19 6779 16 6879 15 5756 14 5577 12 6391 11 6146 10 6503
2236 -17.157855410929834 -5.1422519535415256 70.732096086110786 254 254 253 0.4288740702551922 17 7439 34 5112 33 5337 19 6780 16 6880 15 5757 14 5578 11 6147 10 6504
2237 -18.254160754470909 -4.0127455291099441 70.449781273604401 96 98 126 0.66729812541469846 17 8129 34 5169 33 5392 18 7547 19 7507 20 7607 16 6895 21 7556 22 7550 35 5374 15 6413 14 6202 13 6101 12 6403 11 6166 10 5878
2238 -4.2595766852612016 -2.6244382991656208 62.038516057512865 98 84 88 0.39754355171229649 17 5958 33 5409 16 5473 20 5498 22 5456
2239 -5.0322783823836854 -1.6753766764651279 62.261664144243809 191 168 169 0.2563548902735947 17 3802 34 5210 33 5463 18 3282 19 5368 20 3407 16 5496 21 3389 22 5479 35 5414 15 4607 14 4462 13 2667 12 2926 11 4981 10 4752
2240 -19.177304307833371 -2.4599266207384662 70.123195129371723 119 115 133 1.0177910698268045 17 8143 34 5232 33 5475 18 6840 19 6824 20 6967 16 6915 21 6957 22 6901 35 5421 15 5786 14 5610 11 6817 10 6533
2241 -19.210126739770772 -2.2000872913835208 70.131434184462321 205 200 233 0.77645951119848189 17 8147 33 5487 18 7558 19 7525 20 7628 16 7585 21 7574 22 7563 35 5431 15 6430 14 6222 13 6118 12 6424
2242 -5.2172759916464404 -1.1973984635002404 61.996467748010026 182 162 156 0.90947266528352932 17 6014 33 5499 18 5439 19 3346 20 3456 21 3447 22 5497 35 3413 35 5430 15 4630 14 4479 13 4381 11 5000 10 4769
2243 -17.877898748976072 -1.853605957494465 71.223946356048245 82 85 105 0.28162210170684415 17 5987 34 5264 33 5515 18 5416 20 3404 21 3384 22 3329 35 5453
2244 -17.82332124379284 -1.6182985340257228 71.548974779227592 123 126 141 0.59995337843000651 17 7479 33 5527 18 6853 19 6836 20 6978 16 6922 15 6436 14 6227
2245 -4.1016692744327301 -0.7324553692490039 62.664457385105315 78 75 71 0.36233860196151885 17 6034 34 3267 33 5531 35 3435 15 4645 11 5015 10 4778
2246 -5.5332711485528563 -0.49588694874645539 62.360080726649272 152 132 138 0.31232717955337364 17 6042 33 5541 18 5465 19 5421 20 3494 16 5540 21 5579 22 5520 35 3456 15 4657 14 4505 13 4413 12 4632 11 5026 10 4788
2247 -6.0743291504342132 -0.14781173851485857 61.935535002718716 92 75 74 0.2634974273198164 17 6060 33 5559 16 5552 12 4651
2248 -5.9244213595116211 0.77857444076552285 61.779580006840753 91 84 83 0.56182495706564917 17 7511 34 5337 33 5597 18 6889 16 6960 15 5824 14 5658 12 5861 10 4850
2249 -4.1220296346701719 1.829952296203297 62.242410442476483 189 179 173 0.2699089239899688 17 6159 34 5397 33 5646 18 5575 19 3629 20 3733 16 5642 21 3742 22 3660 35 3661 12 3163 11 5127 10 3311
2250 -4.617442510643011 2.260202286853374 62.371745473508611 217 179 169 0.33763527243904051 17 6199 34 5436 33 5676 18 5605 19 5552 20 5706 16 5674 21 5696 22 5648 35 5597 15 4781 11 5156 10 4927
2251 -5.3063679347686676 2.2855068368167997 61.847774826640808 112 96 89 0.64258032039445012 17 6205 34 5440 33 5682 19 3689 16 5679 21 5701 35 5607 15 4785 14 4610 13 2953 12 3215
2252 -1.9769615797353741 3.2400008401760165 60.000814678640047 120 97 95 0.25405007901459925 17 6305 34 5506 33 5764 18 5718 19 5672 20 5814 16 5812 21 5797 22 5746 35 5678 15 4863 14 4684 13 4637 11 5233 10 5006
2253 -1.2115109489542588 3.3805720347602373 59.997645996245019 255 248 231 0.20097640476654194 17 6338 33 5780 18 5748 19 5698 20 5838 16 5845 21 3980 22 5779 15 4875 14 3221 13 3123 12 4844 11 3660 10 3531
2262 -17.478977401095783 -8.2299559074410258 68.449141185651527 174 161 170 0.58158373968236021 17 8548 34 6330 33 6568 18 7957 19 7904 20 8007 16 7535 21 7519 22 7509 35 6490 15 6801 14 6578 12 6804 11 7154 10 6871
2263 -17.396325916041103 -7.6612885379331832 68.661922701685683 186 142 126 0.43894884374365356 17 8554 34 6342 33 6579 18 7960 19 7907 20 8010 16 7991 21 7971 22 7965 35 7275 15 6806 14 6582 13 6764 12 7088 11 7443 10 7128
2264 -16.432051398282692 -7.4832936114394135 69.582869663374765 179 149 151 0.40905369103347894 17 8096 34 6348 33 6583 18 7518 19 7484 20 7582 16 7542 21 7530 22 7518 35 6504 15 6384 14 6182 13 6491 12 6812 11 7162 10 6878
2265 -18.227227692882028 -7.0263231999487807 69.046695193189194 151 150 175 0.42099714519876241 17 8100 34 6357 33 6589 18 7522 19 7489 20 7586 16 7548 21 7533 22 7521 35 6509 12 6816 11 7168 10 6882
2266 -17.528445012625614 -5.1059513269008745 71.104722234770492 110 107 120 0.83436379924699877 17 8117 34 6394 33 6625 18 7536 16 7557 22 7540 15 6402 14 6191 10 6505
2267 -16.995284846474462 -5.0119035745412557 71.114509091230417 82 81 96 0.68151148564120312 17 8122 34 6395 33 6629 15 6403 14 6192 22 7541 20 7598 12 6393 11 6788 10 6506
2268 -16.414980893286074 -4.3483941251958695 70.959871389254005 74 76 102 0.72948125009436582 17 8126 34 6411 33 6649 18 7542 19 6796 21 6937 22 6877 15 5764 13 6097 12 6399 11 6797 10 6513
2269 -5.7516550030381079 -2.9831736698653741 61.433395970863884 67 66 73 0.52995037612736906 17 7467 33 6657 16 6908 15 6419 16 7575 14 6213 12 5790
2270 -17.466429305429926 -3.3397963381212956 71.203341962271011 121 125 148 0.89735065171204509 17 8134 34 6452 33 6680 18 6831 19 6814 16 6906 16 7576 21 6951 22 6896 15 6420 13 5491 12 5784
2271 -17.466429305429926 -3.3397963381212956 71.203341962271011 121 125 148 0.89735065171204509 17 8135 34 6453 33 6681 18 6832 19 6815 16 6907 16 7577 21 6950 22 6897 15 6421 13 5490 12 5785
2272 -5.3155210452104438 -0.45001887362031129 62.411596128867195 75 70 72 0.53420181290847035 17 7488 34 6498 33 6733 18 6868 19 7542 20 7650 16 6943 21 7603 22 7594 35 6606 15 5807 14 5638 13 5533 12 5825 11 6218 10 5927
2273 -4.7429663960660395 -0.42388868325734713 62.50053440160967 75 70 71 0.43065677073422942 17 7489 33 6734 16 6944 35 6607 15 5808 14 5639 13 6137 12 5826 11 6219 10 5930
2274 -4.4659097397243155 0.96282858337824195 62.357853509088343 98 79 81 1.0359985536074814 17 7516 34 6569 33 6808 18 7616 19 7581 16 6964 20 7033 21 7018 22 6969 35 7395 15 5829 14 6264 13 5564 13 6567 12 5864
2275 -4.4685673037891149 0.96193481453098806 62.349380614637198 98 79 81 0.95508276939835701 17 7517 34 6568 33 6809 16 6965 21 7019 35 7396 19 7582 18 7617 15 5830 14 6263 13 5565
2276 -4.1575351458700069 1.6527526178111034 62.41193619993814 98 87 82 0.82332960305507907 17 7533 34 6598 33 6841 19 6895 18 5562 20 5672 17 4084 16 6982 21 7037 22 6990 35 5559 15 5848 11 6263 10 5970
2279 3.5820349901227519 3.318545182178021 62.141389369927197 238 236 240 0.41610765644720321 17 6292 33 6931 16 5798
2280 3.5795068366391654 3.3257762525346228 62.408806980525135 238 236 240 0.55188069105271398 17 6291 33 6932 16 5797 15 4853 14 4672 13 4627 11 6309 10 4993
2281 6.7792327175030955 3.4933971031559179 57.013702032202865 254 250 240 0.74927308435493933 17 7611 34 6741 33 6962 21 5916 19 5788 20 5924 16 5937 18 5841 22 5877 35 6814 15 5928 14 4734 11 5288 13 4701 10 5054 12 4894
2289 6.1683784184768058 7.8207675792942153 80.275053650126267 117 112 109 1.3873388463468121 17 7760 33 7076 18 7173 19 7119 20 7243 16 7200 15 6061 14 5867 13 5774 12 6065
2290 2.6081823481786861 -10.253372736939196 60.982233604076342 60 110 247 1.0087174266312526 17 7394 34 7609 33 7330 18 6758 19 6729 20 5378 16 6840 21 3097 22 23 15 5720 14 5517 13 5425 12 5711 10 5810
2291 -17.111283730121908 -7.8086094754704689 68.660728824793523 255 252 215 0.64009208612926227 17 8551 34 7153 33 7371 18 7958 19 7906 20 8008 16 7989 21 7970 22 7963 35 7274 15 6803 13 6484 11 7156 10 6873
2292 -18.534027757191073 -7.094583598173366 68.614459460272101 123 111 139 0.91369928863988525 17 8557 34 7160 33 7374 18 8240 19 8183 20 8326 16 7995 20 8012 21 7973 35 7278 15 6812 14 6870 12 7096 11 7447 10 7132
2293 -17.727697879060266 -5.6136302082262031 69.995359158274354 96 95 124 0.45094330242370795 17 8563 34 7168 33 7379 19 7920
2294 -17.754814614270149 -5.323306764220666 70.115793823530296 253 251 254 0.36080996144677507 17 8567 34 7179 33 7385 18 7972 19 7921 20 8025 16 8004 21 7986 22 7972 35 7293 15 6824 14 6600 13 6518 12 6832 11 7177 10 6501
2295 -15.986461536076041 -4.6700415218745936 70.904339282002951 73 77 101 0.893481357066089 17 8125 34 7189 33 7399 16 7563 20 7601 21 7550 22 7543 35 6528 15 6408 14 6195 13 6093 12 6396 11 6791 10 6509
2296 -16.910194522203046 -3.7046824747000975 71.390870932747845 149 151 172 0.86673662974763077 17 8574 34 7204 33 7412 18 7984 19 7929 20 8040 16 8014 21 7997 22 7554 35 7319 15 6839 14 6608 13 6525 12 6850 11 7188 10 6906
2297 -17.160073115144904 -3.4501888254013515 71.242491891467623 80 82 105 0.91985463157982261 17 8576 34 7213 33 7421 19 7930 20 8041 21 7999 35 7325 15 6841 14 6610 13 6529 12 6851
2298 -17.931220597870048 -2.5149416481572873 71.237074680117786 93 95 117 0.94051994141542872 17 8585 34 7231 33 7438 18 7997 19 7937 20 8047 16 8021 21 8005 22 7992 35 7344 15 6848 14 6616 12 6858 11 7199 10 6916
2299 -17.639717810255139 -1.5733125366061871 71.699366093817886 89 92 103 1.1630791746133149 17 8152 34 6488 33 7462 18 7562 19 7530 20 7632 16 7591 21 7578 22 7566 35 6598 15 6854 14 6623 13 6127 12 6864 10 6544
2301 7.0490028039967925 7.6587389186264243 76.479884850401319 101 99 93 2.2018183083825336 17 8361 34 7426 33 7637 18 7757 19 7716 20 7826 16 7772 35 7524 21 7772
2302 4.7165029849777325 -10.443756268846517 59.353415806101843 91 108 244 0.96323721133154772 17 8091 33 7818 18 7955 19 7473 20 7572 16 7532 21 7515 22 7505 15 5718 14 5516 13 6064
2303 -16.342059430786076 -6.77207248277948 69.850769348984812 111 118 141 0.6116838618708984 17 8833 34 7650 33 7857 18 8413 15 7267 13 6972 11 7623 10 7333
2304 -15.823393550619263 -6.6269796322462069 69.947111142175032 112 117 136 0.68646248851323766 17 8834 34 7652 33 7858 18 8245 19 8190 20 8333 16 8276 21 8272 22 8257 35 7282 14 6880 13 6777 12 7107 11 7458 10 6889
2305 -17.179393013806219 -5.5945757416533493 70.14543462384259 92 91 117 0.26164301719956329 17 8839 34 7665 33 7865 19 8193 20 8336 21 8276 35 7743
2306 -18.056056191932864 -0.27636234242968444 71.710788162557776 118 121 131 1.2261428546712019 17 8601 34 7710 33 7903 35 7786 19 7950
2310 5.0319555332099739 -10.259820023892127 59.392319868873372 254 214 173 0.92987328758184251 17 8812 33 8103 16 8261 20 8319 15 7077 14 6863 13 6759 12 7078 11 7435 10 7123
2311 -16.905661889977463 -7.7479536563830962 69.438876386114742 131 120 139 0.3361749193027494 17 8988 34 7936 33 8117 18 8407 19 8358 20 8470 16 8431 21 8423 22 8409 35 7984 15 7262 14 7052 13 6966 12 7267 11 7616 10 7327
2312 -17.677373554000365 -7.3256864399570212 70.055524153774655 255 254 255 0.58431671566412502 17 8824 34 7937 33 8120 19 8184 20 8327 16 8267 21 8425 22 8251 15 7082 14 6871 13 6495 14 6586 15 6811 16 7994 19 7910 12 6814 11 7164 11 7448 10 6880
2313 -15.4100826748908 -6.8576461835095444 69.371778015505342 255 255 255 0.43920099720307593 17 8830 34 8108 33 8122 18 8411 19 8361 20 8475 16 8274 21 8430 22 8412 35 8154 15 7088 14 6877 13 6775 11 7452 10 7138
2314 -3.5611189056836712 -3.4457876695750445 61.697412133005948 212 203 174 1.1425558020056907 17 9005 34 8113 33 8127 19 8206 20 8484 21 8286 22 8272 35 7995 13 6792 12 7127 11 7472 10 7341
2315 -17.096542796929509 -8.0970079770835728 68.791086694660351 255 238 193 0.42263406816221383 17 8987 34 8105 33 8277 18 8406 19 8356 20 8469 16 8430 21 8422 22 8405 35 8152 15 7261 14 7051 13 6965 12 7265 11 7614 10 7325
2316 -4.2151091214444474 -5.1433071114966857 63.525081456880187 86 91 108 1.9144386843812906 17 8998 33 8278 18 8419 19 8367 20 8479 16 8440 21 8435 22 8415 35 8155 15 7274 14 7066 13 6975 12 7278 11 7467 10 7155
2317 -4.2151091214444474 -5.1433071114966857 63.525081456880187 86 91 108 1.9144386843812906 17 8999 33 8279 18 8420 19 8368 20 8478 16 8441 21 8436 22 8416 35 8156 15 7273 14 7065 13 6974 12 7277 11 7468 10 7156
2318 -18.716042681005675 -5.7359539468694525 69.942092680663734 126 125 149 0.83500510957663099 17 8996 34 7943 33 8287 18 8416 19 8366 20 8477 16 8438 21 8434 35 8163 15 7269 14 7183 13 7080 12 7405 11 7746 10 7450
2319 -5.3970512103711172 -0.17682895169123983 62.224878044245386 108 73 64 0.86619342557112378 17 9022 34 8126 33 8297 16 8460 35 8175 15 7293 13 6991 12 7297 10 7474
2320 -16.375987493986123 -8.1153263972400396 70.049474089503391 255 247 185 0.82724078128368206 17 9188 34 8206 33 8367 18 8604 19 8564 20 8652 16 8623 21 8634 22 8609 35 8254 15 7474 14 7281 13 7172 12 7490 11 7825 10 7545
2321 -18.734427073474755 -6.4454770481928989 68.750285482136817 205 209 223 0.85880836442649988 17 9189 34 8209 33 8368 18 8605 19 8565 20 8653 16 8624 21 8635 22 8610 35 8258 15 7475 14 7282 13 7175 12 7491 11 7826 10 7447
2322 -5.9486099391062197 -3.7727106307372891 61.305765939138169 231 220 196 1.0172657831341663 17 9116 34 8215 33 8374 18 8429 19 8491 20 8580 16 8562 21 8559 22 8532 35 8165 15 7390 14 7187 13 7085 12 7413 11 7751 10 7455
2323 -17.903315798551752 -4.4540059926273514 70.966464036469702 91 93 121 0.7428787246369295 17 9190 34 8218 33 8375 18 8607 19 8566 20 8654 16 8627 21 8636 35 8265 15 7478 14 7284 13 7179 12 7494 11 7827
2324 -19.605218522068075 -1.5897612081904069 70.861075797730336 112 110 130 1.5444252890443282 17 9192 34 8223 33 8378 18 8609 16 8686 21 8640 22 8614 35 8269 15 7481 14 7348
2325 -4.9925579416697818 -0.61307206825814919 62.311781627368077 87 81 90 0.46112295485907634 17 9124 34 8224 33 8379 16 8570 35 8270 15 7398 14 7198 13 7097 12 7421 11 7761 10 7470
2326 -4.1140904771419375 -0.33713071027020175 62.311859190411759 207 182 175 0.7402975377039549 17 9125 33 8381 21 8458 22 8538 35 8174 15 7399 14 7199
2327 -18.542066785220914 -7.5652006948155925 68.226607587471989 59 19 159 1.4032102060518308 17 9244 34 8297 33 8455 18 8664 19 8624 20 8705 16 8681 21 8694 22 8665 35 8351 15 7525 14 7342 13 7229 12 7548 11 7879
2330 -20.160107052686872 1.2140729864408151 71.410984867853216 98 101 116 1.3805196695601702 17 9198 34 8317 33 8475 19 8575 20 8714 16 8637 21 8705 22 8620 15 7533
2331 4.2899309679458675 -11.182954999979476 59.727520264833352 216 209 150 1.3048061797105361 17 9241 34 8353 33 8507 18 8660 19 8620 20 8702 16 8677 21 8690 22 8662 35 8398 15 7522 14 7340 13 7227 12 7545 11 7876 10 7594
2332 2.8477505665816372 -10.682624429669772 59.20480248035031 255 244 190 1.3994304267979514 17 9242 34 8354 33 8508 18 8661 19 8621 20 8703 16 8678 21 8691 22 8663 35 8399 15 7523 14 7341 13 7228 12 7546 11 7877 10 7595
2341 -18.192087502101668 -6.6258657092787709 69.869596537284821 116 115 140 0.83821541364569785 34 8298 33 8457 18 8665 19 8625 20 8706 21 8696 22 8667 35 8353 13 7232 12 7551 11 7881
2345 3.5310030722409191 3.4679474197753635 25.570844972485361 172 162 156 0.23312727778389103 20 2649 16 2715
2349 0.05035779382765071 -0.12344697570285662 0.74272295346664252 143 137 125 0.17600773794394767 19 4114 21 1466
2480 7.0947614711492886 4.3642789737915226 33.572481719457862 194 189 182 0.69440071561301164 18 2470 22 2596
2481 1.0134903625664067 3.8510413505740435 27.417326799967011 79 62 187 0.15290541283946263 18 2596 22 2669
2482 1.2854707703622656 1.4029491117133266 10.861420969059898 54 29 164 0.94813567110024832 20 5055 22 2681
2485 0.28639146301137863 1.2017148035195393 9.1708157918088258 65 19 201 1.2670032103921065 18 4987 22 6694
2486 0.541163383619093 0.52865648827446754 4.7481612603749817 65 19 201 0.10891658039901442 20 5070 22 6695
2489 4.4332703031839609 -11.297943634493189 59.718340292207685 254 234 190 1.3155434983041683 19 4 34 3 35 1 20 2 21 1 22 1 12 1 11 1
2490 -16.889997744072982 -8.0270403539409223 69.075739638274456 254 242 217 0.47429374133848889 19 3071 34 271 35 178 17 110 18 3020 20 3154 21 3152 22 3082 16 100 15 81 14 2589 13 2458 12 54 11 2993 10 4636
2491 -16.830686945841496 -7.9866181565651555 69.245389746577175 152 128 95 0.48227212755011861 19 3076 35 182 17 3564 18 95 20 92 21 96 16 3250 14 2593 12 2725 11 2996 10 2862
2492 -18.727834444211151 -7.7581093280589792 68.801026023261628 41 23 164 0.51036884355732681 19 108 33 2995 34 2832 35 198 18 3030 16 3253 14 2597 13 4280
2493 -18.927059248731243 -7.6335329154404752 68.919312445208917 82 7 170 0.49408739324488726 19 3084 35 217 17 5872 21 3167
2494 -14.389634418399529 -6.0735095205001439 69.133325557187419 106 109 128 0.40625023410281741 19 184 34 433 35 279 17 206 18 189 20 192 21 184 22 152
2495 -6.3075051607966124 -3.9560376372269013 62.074463603419233 205 199 193 0.63550496575343651 19 300 33 3156 35 348
2496 -4.2465465313163406 -3.7645343859855793 61.757899841261171 233 226 220 0.28432341049086435 19 325 35 359 18 317 20 308
2497 -6.1750136254731043 -3.8583008268609049 61.688305375548453 134 123 103 0.39163427160861758 19 303 33 504 34 565 35 361 18 295 20 292 21 295 16 302 15 240
2498 -5.0983293112261503 -3.7821096953244808 62.025281622089082 185 178 158 0.68623848849691138 19 318 35 368 18 3151 16 3379 15 255 14 2702 13 2568
2499 -4.5423606048850065 -3.7371180339118424 62.023674502488298 173 172 165 0.40717189804914389 19 3184 33 510 35 375 17 334 20 310 21 307 22 284 16 322
2500 -16.218411880449008 -5.0178588180112778 70.74655803032617 105 109 139 0.534677922973262 19 247 35 389 15 2757
2501 -6.3346461028736627 -3.5429418333429132 61.561279367153695 72 71 73 0.2413318516990135 19 344 35 412 20 332
2502 -4.7318746578157747 -2.8116295668723428 62.02374963267269 141 133 144 0.24785919158247893 19 3225 35 494 21 3314
2503 -18.364912524014066 -3.8120974593985748 70.44177472269547 173 175 201 0.46467211450159485 19 3192 33 632 34 706 35 517
2504 -5.1426000538892609 -1.819853203926928 62.246396230671394 103 68 47 0.4739235824656341 19 481 33 711 35 597 18 472 20 3397 21 442 22 456 15 407 14 395 12 368 11 386 10 363
2505 -5.2511246260551019 -1.5870705416227069 62.112613551519537 98 66 61 0.64248441910766396 19 491 35 636 20 470 21 459 22 474 11 405 10 383 14 408
2506 -16.410655408115495 -2.1625958916359362 71.980991013217036 105 105 117 0.83333480273314786 19 469 35 669 20 444 21 418 22 439 15 399
2507 -17.911783886918144 -2.264138569237987 71.516072736426764 188 191 206 0.92793558629385819 19 464 33 769 34 869 35 677 17 3781 18 3258 20 437 21 410 22 426 16 3474 15 385 14 2773 13 2632 12 2902 11 3184 10 3042
2508 -3.9403511115604499 -0.30555464111536024 62.294093398239688 189 168 165 0.19187196989035704 19 584 35 790 17 638 18 3385 20 3508 21 540 22 563 16 626 15 491 14 2873 13 469 12 3002
2509 -4.3548196754832116 0.5580746914787047 62.473343506170693 222 192 185 0.2315081305378148 19 652 34 1041 35 874 18 675 20 643 16 695 21 612 22 647 17 707
2510 -4.3541895893874614 0.5587658973075782 62.469159927932964 222 192 185 0.24442086190060341 19 653 34 1042 35 875 18 676 20 642 21 611 22 648 16 694
2511 -5.6333118677500913 1.0529711877646581 62.252720404107741 101 72 72 0.13849015485718363 19 3544 33 1006 34 1090 35 939 18 3510
2512 -5.3069043348114633 1.5829737092255447 62.354193143676042 116 89 91 0.12513056142215007 19 3599 33 1073 34 1146 35 1009
2513 -4.6499881969280104 1.8852179663581798 62.291036994712186 116 91 88 0.24560479651063943 19 3635 35 1042 17 4100 18 3604 20 3736 21 3749 22 3667 16 3762 15 3142 14 3008 13 2910 10 3316 11 3461
2514 -4.8653956751217482 2.0938548596646074 62.421491095057718 136 99 88 0.57642350604866144 19 842 33 3736 34 3539 35 1069 21 3773 22 3691
2515 -6.0738196542292506 2.1692878139818093 62.406722550230747 224 208 197 0.48160590151323279 19 3667 33 3769 34 1216 35 1098 18 3648 20 3774 21 3786 22 3707 16 3807
2516 -4.7036447720924439 2.9822981951567162 62.539900450478271 142 134 132 0.24780191588247652 19 983 33 1274 34 3666 35 1225 20 958 21 948 22 992
2517 -5.4014731288067868 3.3526428418852552 62.409544073648455 113 104 101 0.099659270326475216 19 1060 35 1324 18 1068
2518 -1.4120760642712455 3.5791083401913748 60.038703154148244 246 217 201 0.23047939357944247 19 1132 35 1369 17 1260
2519 -2.1137636714947052 3.9230950258806971 59.917608396202745 125 106 107 1.0337852044688838 19 1227 35 1466 18 1197 20 1169 21 1181 22 1233 16 1304 15 994 15 1014 13 957 13 974 12 1019 11 3759 10 3616
2520 4.2666977680315163 4.2794210518846949 62.089318727737478 196 197 205 0.43451408135699998 19 1277 33 1540 35 1509 17 1429 18 1257 20 1228 21 1243 16 1371 15 1047
2521 -18.716370261407686 -7.7188702571588985 69.182390028401429 214 88 187 0.52362296857448043 19 5266 33 3001 34 2833 35 3151 18 5288
2522 -18.748674024953598 -6.6296937888069483 68.544372030310029 254 254 255 0.5593573406080653 19 5285 34 5059 35 3173 18 5317 33 6593 17 5897 20 5420 21 5428 22 5370 16 5397 14 4386 13 4306 12 4523 11 4888 10 4657
2523 -17.970808513559888 -5.8787961424997075 68.861264587823541 245 242 249 0.48430044946788675 19 3121 35 3185 17 3619 18 3078 20 3217 21 3212 22 3138 16 3306 15 4555 14 2637 13 2519 12 2787 11 3049
2524 -17.609967004074186 -5.3753400395212179 70.126825772594955 250 250 255 0.39360875090528274 19 3134 35 3214 17 3631 18 3095 20 3233 21 3227 22 5382 16 3320 15 2742 14 2655 13 2532 12 2803 11 3066 10 151
2525 -3.4329663176261067 -3.2300412869745072 61.716056289279315 209 200 190 0.30800233369727181 19 3207 33 3195 34 3035 35 3244 20 3309 22 3235
2526 -4.9546465212157447 -3.0553371692702553 62.221684110688827 138 130 141 0.51514710645742723 19 378 33 3226 34 3054 35 3260 20 357 16 367 21 3301 22 348 12 288
2527 -4.0391424109373801 -2.7888178445274381 62.316699537631116 90 80 92 0.65612177513935555 19 3226 33 3238 35 3279 34 3067 17 3730 18 3206 21 3318 16 3421 12 4575 11 3134 10 2997
2528 -4.544181467140918 -2.6634573354813851 62.276932061072927 90 77 88 0.63716275808914946 19 3236 35 3287 17 3737 20 382 21 3326 22 3267 16 5471 15 2836 14 2742 13 2610 12 2875 11 3139 10 3003
2529 -4.0843956371820997 -2.5245025763208422 62.103611945511119 90 75 76 0.49649970082237815 19 5353 33 3269 34 3089 35 3300 17 5961 18 5400 20 3354 16 5474 18 3222 22 3274 17 3746 15 4594 14 4444 13 4353 12 4579 11 4954 10 4727
2530 -5.0187762312318736 -2.1390613889610379 62.228942528051803 217 192 175 0.36935818369959322 19 3262 33 3317 35 3351 17 475 18 3251 20 3373 21 3351 15 2860 14 2767 13 352 12 2900 10 328
2531 -4.5371710913191592 -1.7438565996814135 62.457983966842178 104 75 86 0.13409218519372157 19 3302 35 3374 17 519 21 3385
2532 -4.4636773007468555 -1.5968717495699587 62.288440846225662 219 191 195 0.29145493190775906 19 3312 33 3381 34 3199 35 3381 20 3415 21 3398 22 3341 14 2802 13 2671 12 2931 11 3213
2533 -5.4825214102946571 -1.5752973896760871 62.101532101116106 85 61 62 0.42205163290802483 19 3315 33 3388 34 3204 35 3387 17 3809 18 3287 21 3400 16 3506 11 3211 10 3071
2534 -16.763470691429895 -1.9209577715561266 71.878647702449271 92 95 108 0.8180104513899813 19 3305 33 799 34 3242 35 3426 18 5414 17 5988 20 466 16 3498 22 5477 15 2891 14 2797 13 2658 12 371
2535 -6.337680763572024 0.28584502407354395 61.974002045793554 192 189 187 0.23885468174874039 19 633 35 3522 17 695 18 3438 20 626 16 3627 21 592 15 527 14 516 13 2769 12 521
2536 -4.5705347626090731 0.6593727221122232 62.470738605087114 109 90 75 0.44675089002783591 19 3501 33 3569 35 3536 15 3041 14 2919 22 3523 20 3607 21 3593 13 2789 12 3061 10 3218 11 583
2537 -4.352148083374594 0.68190519145047701 62.549737784983542 98 73 82 0.50894078058504233 19 3504 33 3570 35 3537 20 3613
2538 3.4905980762701798 1.2528444459187325 62.302893097905937 142 148 174 0.50845340088743929 19 3565 33 3594 34 3417 35 3564 18 3532 20 3669 21 3675 22 3602 17 4034 11 643
2539 -5.6001008909724348 0.94178013352358203 62.28274586893081 188 165 166 0.42482135262183945 19 5478 35 3573 17 4006 18 5527 20 5636 21 5640 22 5586 16 3684 15 3064 14 2938 13 2822 12 4693 11 3383 10 4859
2540 -4.8612126165393654 1.2155856226074184 62.126233703334073 151 142 142 0.45099611519179206 19 5493 33 3618 34 3437 35 3592 17 6115 18 5539 20 3667 21 3666 16 5611 15 4723 14 4554 13 4496 12 3117
2541 -5.0099443809639315 2.0612114023583565 62.200577109434889 124 89 80 0.31037178480077759 19 3650 33 3730 34 3537 35 3696 17 4114 18 3619 20 3757 21 3768 22 3686 16 3789 15 3164 14 3030 13 2927
2542 -5.9238274993112974 2.2568372806154811 62.046583272125233 107 91 81 0.64112263336355224 19 5556 33 3777 35 3745 20 5712 21 5700 22 5651 15 4784 16 3819 18 875 14 3058 13 681 12 691 11 3489 10 3362
2543 4.7269751390665764 3.0219175982381783 62.317964237652944 128 131 146 0.38452161227676634 19 997 33 3854 35 3809
2544 -14.702325315061218 2.4411828250110363 58.986054018743019 50 147 145 2.5108128728722954 19 5604 34 5483 35 3856 20 5748
2547 -6.3164103823417825 3.1538377228193668 62.12762935533059 208 204 197 0.3904544158691885 19 1021 33 3895 34 3708 35 3884 18 1026 20 1002 21 992 22 1042 15 852 12 833 11 957 10 912
2548 -1.7282505493782478 3.2670300235132976 60.05875679068027 123 104 89 0.21859760043201693 19 1073 33 3911 34 3718 35 3892 21 3952 22 3877 13 3102 12 3341
2549 -6.0439587506176409 3.2588092247688385 62.369270613188142 111 101 97 0.26687652969038511 19 1043 33 1350 34 1390 35 3895
2550 -0.99058488500218589 3.3949814991951701 60.02154833272953 250 232 214 0.23677589459681525 19 3869 35 3909 17 4391 18 3848 20 3974 21 3982 22 3909 16 4024 15 3342 14 3222 13 3124 11 3661 10 3532 12 3360
2551 -0.99058488500218589 3.3949814991951701 60.02154833272953 250 232 214 0.23677589459681525 19 3868 35 3910 17 4390 18 3849 20 3975 21 3981 22 3908 16 4025 15 3343 14 3223 13 3125 12 3359 11 3662 10 3533
2552 -1.3153150605233472 3.699575977062751 60.020475038080676 101 82 82 0.33702080985644212 19 3917 35 3974 17 4441 18 3890 20 4023 21 4033 22 3964 16 4080 14 3254 13 3164 12 3403
2553 3.9804098350868342 4.0560716948851265 64.001329880452744 173 174 182 0.30307485200850681 19 3949 33 4008 35 3992 20 4053
2555 2.6730357896590906 9.6221416998542413 65.971260315965921 105 90 166 2.1196505941295203 19 5018 35 5180
2556 -17.588400470123542 -7.386755552442521 68.843593533491273 195 166 164 0.66161308916582029 19 6743 33 5276 34 5038 35 5289 18 6775 20 6894 21 6895 22 6845 16 6857 13 5442 12 5729 10 5827
2557 -17.637496748729241 -7.3645198431547012 68.962833935925985 195 166 164 0.41507743532726665 19 5272 34 5037 35 5290 33 5275
2558 -18.463714593473309 -5.2814759897042238 69.421417612564824 203 205 250 0.42992486445849909 19 6776 35 5325 18 6801 20 6932 21 6926 14 5573 13 5468 12 5760 11 6141 10 5856
2559 -18.467134780372763 -5.28705554643697 69.449701762208377 203 205 250 0.44586754578485532 19 6777 35 5326 18 6802 20 6933 17 7435 16 5414 14 5574 13 5469 12 5761 11 6142 10 5857
2560 -17.258700818453065 -4.427043735970341 71.041775697823454 114 117 136 0.74941891200777511 19 6793 33 5368 34 5138 35 5357 18 6817 21 6935 22 6876 16 6888 15 5763 14 5589 13 5481 12 5769
2561 -17.256447573959537 -4.4256092878028594 71.038511308120519 114 117 136 0.74216223682424576 19 6794 33 5369 34 5139 35 5358 18 6818 20 6946 21 6936 22 6875 16 6889 15 5762 14 5588 13 5480 12 5768
2562 -4.9037363757765853 -2.2249640788816247 62.454544967491216 83 65 79 0.63980778251830739 19 5357 35 5401 17 5970 18 5405 20 5508 21 5500 22 5465 15 4596 14 4451 16 3458 13 2627 12 2895 11 4959 10 3029 10 4735
2563 -16.730221425511846 -2.0873345623199149 71.803270879411357 166 169 181 0.55982257498670041 19 6830 33 5490 34 5241 35 5426 18 6848 17 5977 14 5617
2564 -16.803179202920994 -2.108221074671194 72.051372938460062 166 169 181 0.83165353813217857 19 6829 33 5491 34 5242 35 5427 18 6847 17 5978 14 5618 11 6198 10 5904
2565 -19.233015009432894 -2.2036903481246544 70.220764282041443 201 194 241 0.73653615895879587 19 7526 35 5432 17 8148 18 7559 20 7627 21 7575 16 7586 15 6431 14 6223 13 6119 12 6425
2566 -5.4420196942992103 1.5352759091447081 62.274157282834942 104 81 80 0.14782926671788368 19 5509 33 5630 34 5381 35 5552
2568 2.2782738504129272 1.7078711786813225 10.119080630202232 247 242 250 1.4137986248099215 33 6384 35 6315
2569 -15.585581936779038 -6.0198695025623161 70.233568565058064 69 76 99 0.60370642034889987 19 7495 34 6370 35 6512 20 7594 21 6916 22 7534
2570 -17.695447811476082 -3.5359696098320428 70.241353589181145 88 90 117 0.82755136907710025 19 7514 33 7418 34 6443 35 6556 18 6829 17 7463 20 7614 21 7563 22 7555 16 6902 15 5768
2571 -4.5136219188789486 2.6021680298390839 62.448934478317327 117 97 90 0.48410337928168951 19 6924 35 6744 21 7054
2572 -16.474218841081534 -7.2216696692514759 70.020471238520727 253 253 253 0.31628895387245165 19 7911 33 7850 34 7647 35 7276 17 8559 18 7965 20 8013 21 7974 22 7966 16 7997 15 6813 14 6588 13 6497 12 6819 11 7169 10 6883
2573 -16.168619750356417 -5.3431008602702867 70.76851148855387 79 85 105 0.72403881801287129 19 7922 34 7171 35 7291 18 7974 17 8568 20 8027 21 7988 16 8005 15 6825 13 6520 12 6833
2574 -4.0724173658732781 -1.9555814937741507 62.495002519787285 72 70 92 1.0820488280852441 19 7527 33 7431 35 7337 17 8149 18 7560 20 7629 16 7587 22 7564 15 6434 12 6426 11 6821
2575 -17.931220597870048 -2.5149416481572873 71.237074680117786 90 93 113 0.94051994141542894 19 7936 33 7437 34 7230 35 7343 18 7996 17 8586 20 8048 21 8006 22 7993 16 8022 15 6847 14 6615 12 6857 11 7198 10 6915
2576 -19.101387723361253 -2.5043364139337938 70.677085865409865 93 94 129 1.0341704926678041 19 7523 35 7346 17 8145 18 7994 20 7624 21 7569 22 7562 16 7584 15 6845 13 6114
2577 -19.130873246415579 -2.5027545121852879 70.721221817549775 93 94 129 1.0963784831447174 19 7524 35 7347 17 8144 21 7570 13 6113
2578 -16.371081800152783 -2.3358948789150391 71.681346861057492 107 107 121 0.81423612707881288 19 7938 35 7349 17 8587 18 7999 20 8050 21 8007 22 7994 16 8023 15 6850 14 6617 13 6535 12 6859
2579 -20.418357538325679 1.5002926479623457 70.914234200568245 130 127 149 1.0722215054109321 19 7960 34 7312 35 7419 18 8026 17 8224 20 7699 21 8041 22 8029 16 8053 15 6881
2580 -4.5009057633403611 2.5072536780402146 62.277049413851415 115 99 96 0.47889852568986863 19 7617 34 7326 35 7428 20 7722
2581 -6.1470689828719252 2.9161235224170241 61.978087488262659 116 103 95 0.39654929349683493 19 7625 33 7548 34 7339 35 7442 20 7733 21 7687 15 6512 14 6295
2582 -16.888485890446731 -6.9516042343945417 70.242234054283529 115 121 143 0.6894619670263189 19 8187 35 7735 18 8243 14 6875 13 6772
2583 -16.709747981922121 -6.11911523347813 70.353531385009049 99 104 125 0.5711404361050032 19 8192 35 7740 17 8838 18 8247 15 7094
2584 -18.130427510715723 -5.6136368253331064 69.256612978889109 101 100 122 0.44429465537401885 19 7919 34 7664 35 7742 18 7970 17 8562 20 8024 16 8002 15 6821 14 6599 13 6516 12 6829 11 7175 10 6893
2585 -18.483191493794418 -5.0908285700083544 70.187795136649811 94 95 130 0.85535432392666422 19 7923 33 7873 34 7675 35 7750 18 7975 17 8569 16 8007 15 6826 14 6601 22 8262 12 6834 11 7179 10 6895
2586 -18.146611657726165 -2.5538264576639538 70.312495383615342 90 92 119 1.0858869486699791 19 7935 35 7770 17 8584 18 7995 20 8046 16 8020 22 7990 15 6844 14 6613 13 6532 12 6856 11 7197 10 6914
2587 -18.067218673937742 -1.8992846832014987 71.395737811260688 88 90 113 1.3810862833354676 19 8212 33 7893 34 7692 35 7775 18 8261 17 9012 20 8349 21 8292 16 8291 15 7103 11 7479 10 7167
2588 -4.3881793398848323 2.001826290642398 61.979099085396705 116 105 115 0.23905861418366114 19 7968 33 7913 34 7719 35 7788 18 8035 20 8095 21 8046 22 8037
2589 5.4807127179205155 0.93890927771698895 3.5212138034527509 76 76 89 0.070236832303577468 34 7910 35 7951
2590 -16.596962746204671 -8.1375398450167928 68.710845707029506 250 221 178 0.53059868345902905 19 8176 33 8116 34 7935 35 7981 18 8234 20 8320 21 8262 22 8245 16 8264 15 7079 14 6864 12 7083 10 7326
2591 -18.869270038060868 -5.0087200767804454 69.683900657099869 132 131 162 1.2662769594678327 19 8369 34 7674 35 7993 17 8844 18 8255 20 8480 21 8437 12 7279 11 7625 10 7336
2592 -3.5611189056836712 -3.4457876695750445 61.697412133005948 221 211 187 1.1425558020056907 19 8205 33 8126 34 8112 35 7994 21 8285 17 9004 20 8483 22 8271 13 6791 12 7128 11 7473 10 7340
2593 -17.159617473464643 -3.2864661648258591 71.498001254852184 88 91 111 0.76407100021127849 19 8377 35 8007 17 9007 18 8432 20 8486 21 8447 22 8426 16 8446 15 7280 14 7074 13 6981 12 7284 11 7630 10 7342
2594 -16.421377255326608 -3.2303901848491208 71.8808994904701 80 83 99 0.50051541124169918 19 8379 35 8009 17 9009 18 8434 21 8449 16 8447 15 7281 14 7191 13 7090 12 7416 11 7755 10 7461
2595 -18.517444812474196 -3.348934789467628 71.630282875872126 83 85 110 1.0893495247449929 19 8376 34 8120 35 8010 33 8292 17 9006 18 8431 20 8485 21 8446 22 8425 15 7279 14 7072 13 6980 12 7283 11 7753 10 7457
2596 -15.552720163837717 -6.2843111182052454 70.376307956860103 88 92 110 1.0598075296667588 19 8486 33 8283 34 8109 35 8157 18 8534 20 8576 21 8554 22 8529 12 7403
2597 -17.516451980051382 -1.6941499582755735 72.047966590193823 100 102 115 1.1427917407419375 19 8381 35 8171 17 9013 18 8436 20 8491 21 8453 22 8431 16 8450 15 7288 14 7079 13 6986 12 7293 11 7633 10 7467
2598 -15.47757642478164 -5.8357465382978528 68.796868328039778 91 98 120 1.7002248559563571 19 8661 33 8511 34 8358 35 8404 15 7526 16 8682 17 9245 18 8667 22 8668 14 7343 13 7233 12 7553 11 7883 10 7630
2599 6.1956824491139386 0.74880467641875859 2.1270978596927201 104 107 126 0.18282788215636397 33 2664 35 2482
2611 -1.0342352864484288 0.0088349035945879048 1.8910749164696574 128 115 116 0.17257460019701831 15 976 17 1053
2615 4.6903573046185709 -11.088697276279781 61.838511354695783 217 199 173 0.26790343342942263 15 4 16 3167 22 3037 14 3 20 3094 21 4 19 2995
2616 3.5860270003706671 -10.707501772019905 61.43050944275906 189 186 189 0.65093093482855457 15 14 22 9 14 7 21 8 16 9 17 14 19 13 20 14 12 9
2617 2.8189845875296244 -10.581845583072317 61.139553477325663 133 115 65 0.64970179951506812 22 14 14 11 12 12
2618 5.5529695067090046 -10.081189049252052 61.150057258837876 66 54 45 2.081415793472785 16 27 14 24 21 22 15 2629 18 2952 19 3005 20 3102 22 27 18 21 21 28 17 34 16 30 19 3012 15 2634 14 2554 13 21 13 25 12 28 11 26 10 22
2619 5.0525442075134244 -9.0256132313375623 62.224903809564957 86 98 147 0.27653694256484929 16 59 18 52 22 49 14 52 20 54 21 63 17 70 19 62
2621 19.107693771848776 -5.7433261797174557 57.589812388428527 84 69 52 1.5476850176733445 22 135 14 136 18 159 21 164 13 121
2622 -5.7539625538625412 -3.8509467762641427 61.828119980347559 225 219 184 1.3526002841007376 15 244 18 303 22 265 14 245 19 305 17 312 18 296 16 307
2623 -6.1925698328061412 -3.4823096753542395 61.119629932535524 170 162 145 0.50084418090239091 15 281 16 338 22 302 14 275 12 254
2624 -3.5575123197720555 -3.5478762962087282 61.543692882992922 97 94 69 0.80456573901853212 15 277 16 336 22 305 14 276 20 331 17 351 12 258 11 261 10 234
2625 -3.5575123197720555 -3.5478762962087282 61.543692882992922 97 94 69 0.80456573901853212 15 278 16 337 22 304 14 277 20 330 17 352 12 259 11 262 10 235
2626 -4.3603062455958046 -2.972368698839106 61.994112379229676 127 124 125 0.5070706449140493 15 309 16 372 18 3191 22 3246 14 302 20 3327 21 337 17 3720 19 3216 13 293 12 290 11 3119 10 2985
2627 -3.9408691663442501 -2.5944408815517046 61.934880422327566 240 223 221 0.32680642765919021 15 334 16 401 18 396 22 379 14 332 20 390 17 423 19 413
2628 -4.8583914819855973 -2.355858150812534 62.198016723638453 203 196 204 0.34799204816514134 15 360 16 431 18 419 22 3289 14 358 20 416 17 457 19 435 13 341 12 339 11 333
2629 13.819175610273868 -1.2370730983664482 62.019730541919024 111 111 104 0.85978098789252888 22 512 14 433 21 496 12 412
2630 -4.2045899612971862 -0.37335411114720968 62.228845090264272 221 212 202 0.18567971787480972 15 485 16 622 18 574 22 554 14 476 17 634
2631 -5.9353309232273652 -0.25765709451659324 61.675741760892144 117 106 106 0.21142701563186106 15 494 16 634 18 584 22 567 14 479 21 544 17 645 19 588 20 578 13 472 12 476
2632 -5.7718681560528662 -0.27265412186571325 62.220243848230112 117 106 104 0.30650004890827248 15 2982 16 3579 18 3388 22 560 14 481 21 539 17 3898 13 471
2633 -6.3106884327564163 0.28861032384321661 61.677667919109687 225 223 224 0.21925967688391101 15 528 22 3496 14 515 16 3628 12 520 11 556 10 549
2634 -3.9498631664393291 0.62781105235534307 62.06922519693255 165 152 149 0.20597075827021721 15 3040 16 701 22 652 14 541 21 619 17 708 18 679 19 656 13 522
2635 -3.9535197998021974 0.88221403569879464 62.417479233819023 138 124 121 0.24031192406508914 15 580 16 743 18 707 22 680 14 565 20 674 21 642 17 743 19 683 13 541
2636 16.376560244003976 1.3770305598175727 60.123290355366173 154 158 163 0.25945704646448436 15 631 16 3733 22 796 14 619 18 3584 17 4076 19 3619 20 773 21 752 13 2879
2637 3.9670489032337564 1.8531408180943809 63.35903811181344 196 199 203 0.075156375457676616 22 798 14 639 21 755
2638 -6.0339400526454057 2.6532114709880612 62.149336836411749 222 213 202 0.33684345287933981 15 765 18 3713 22 3771 14 749 20 923 21 3832 16 3866 17 4205 19 938 11 866 10 3407
2639 4.8493078024685161 3.0785680789426979 63.69080569401806 130 133 140 0.30780893808660281 16 1057 22 1020 14 788 21 965 19 998
2640 -0.70844201878591662 2.956514238255497 60.11134374117853 241 231 224 0.31182694877350237 15 810 16 3940 18 3763 22 3822 14 793 20 3879 21 3885 17 4295 19 3790 13 3048 12 800 11 3591 10 3465
2641 -4.2113280491197234 3.3090193806367361 62.42427942989147 126 117 109 0.38080511310510246 15 870 22 1070 14 841 13 3090 12 3326 10 929
2642 -4.0363475903365078 3.3161902200065705 62.322889316249018 185 176 165 0.25673009876466063 15 871 22 1071 14 842 13 3093 12 3333 11 3638 10 3505
2643 -6.701042857873114 2.9308901356570942 55.761684045340331 122 121 98 0.36911140762898836 15 876 16 1136 18 1056 22 1076 14 851 20 1018 21 1007 17 1165 19 1049 12 865 11 989 10 934
2644 -2.3994825398576096 3.3839308971400173 58.964841418264889 253 238 211 0.35728236849358463 22 1117 14 886 13 854 11 1032 10 966
2645 -2.3959019418974008 3.3878148044696852 59.053132301345386 253 238 211 0.42866078186241591 16 1176 22 1116 14 887 13 855 11 1033 10 967
2646 6.1245699879420137 4.0922655278018176 63.29835652879008 84 85 89 0.28824638800846963 15 993 16 1309 18 1199 22 1244 14 974 20 1170 21 1187 17 1362 19 1218 12 993 10 1087
2647 4.5494928314204213 4.3788800686108509 63.68882855080291 187 186 187 0.25711747627195491 22 1296 14 1016 13 995 17 1432 12 1060
2648 19.128058732693276 3.8248601833938847 59.369909963890613 252 252 255 0.65763030628859598 22 1429 14 1085 10 1201
2652 2.9611604369053985 -9.3064333180464214 61.80088794480249 45 69 117 0.71717667324972134 16 3211 22 3054 14 2566 17 3519 18 40 19 51 20 48 21 54
2653 18.694438275086085 -6.6726001464100602 58.109183040274935 76 63 12 1.3553166976006867 15 2676 22 3092 14 2601 20 110 16 5379 19 5265 21 3168
2654 -5.6188386216489796 -4.0798239485861973 61.656991848757485 238 235 219 0.63864893089249086 15 2774 22 5407 14 2681 16 5433 17 3660 18 3126 19 3163 20 3269 12 4554 11 3094 10 2961
2655 -4.367845609198076 -3.9132992236479383 62.047879999939177 116 115 100 0.78551871854699495 15 2787 22 3195 14 2694 20 3284 21 3264 13 4338 11 4923 10 4695
2656 -4.3075051967063391 -3.8737680402047445 61.175970332609459 116 115 100 0.59502652993508509 15 2788 22 3196 14 2695 20 3285 21 3265
2657 -4.0394032283189123 -3.7401550182892569 60.170149045230993 100 95 72 1.993675302918819 15 2793 22 3205 14 2700 21 3267 12 2839
2658 -5.1519811291447848 -3.0284329373642627 61.818618259808623 143 142 147 0.57360653733013367 15 2817 16 3408 18 3186 22 3240 14 2720 20 3317 21 3299 17 3715 19 382 13 2586 12 2855 11 284 10 257
2659 -5.1568777556152234 -3.0372466157649387 61.894709904001992 143 142 147 0.46310289205607019 15 2816 16 3409 18 3187 22 3241 14 2721 20 3316 21 3300 17 3716 13 2587 12 2856
2660 -5.2867153662945316 -2.9531717562294966 61.900835321795313 72 71 76 0.64897770791045728 15 2818 22 5445 14 2722 20 3324 17 5951 19 5341 13 2593 12 2859 11 3122 10 2987
2661 -4.3738556491272131 -2.6310678582391005 62.080833895186458 80 71 71 0.47629317532343457 15 324 16 3429 18 3215 22 3271 14 2743 20 3349 21 363 17 414 19 406 13 2611 10 3005
2662 -4.6922128423685301 -2.4456633176463507 61.715533536350833 68 61 58 0.8148454356481637 15 2840 16 3450 22 394 14 2752 17 446 20 3360 19 3248 21 3335 22 3280 13 2616 12 2887 11 3161 10 3020
2663 -4.5386158000657986 -2.4369147847498827 61.836800918073244 82 66 58 0.50965452408919265 15 2844 18 3232 22 3282 14 2754 21 3338 17 3754 20 3361 16 3451 19 3251 13 4355 12 4582 11 3162 10 3021
2664 -4.5283811272502064 -1.9539800718135065 62.034600677030241 70 61 95 0.33693441214802922 22 3316 14 2779 20 446 21 421 17 3782 19 3276 16 3478 15 396 13 2639
2665 -4.3224982443368809 -1.9092756657333154 61.523567835218635 73 51 105 0.46211665819006686 15 2877 22 3321 14 2784 21 3374 13 2644 12 2914
2666 14.99265897551823 -1.4250959083619672 61.096810878563673 107 149 187 0.77904100781758057 15 2907 16 531 18 510 22 3383 14 2810 20 3451 17 549 19 3338 21 3450 13 2681 12 2942 11 423 10 3086
2667 14.99265897551823 -1.4250959083619672 61.096810878563673 107 149 187 0.77904100781758057 15 2906 16 532 18 511 22 3382 14 2811 20 3450 21 3449 17 550 19 3337 13 2680 12 2943 11 422 10 3085
2668 -4.7458011104959201 -1.1778404424378994 61.998417123099031 125 110 109 0.37592840090539087 15 2925 16 3534 18 3329 22 3380 14 2825 20 3462 17 3842 19 3349 13 2689 12 2956 11 3234 10 3103
2669 -4.1400128214598872 -1.1597290616037397 62.309247737796099 77 67 64 0.4178688411672144 15 2926 16 5523 22 3387 14 2829 20 3465 21 3454 17 6022 12 4618
2670 15.199189789138304 -1.1698999892679276 61.381083919847768 66 95 204 0.7329174845873887 15 2927 16 3536 18 3336 22 3411 14 2830 20 3477 21 3475 17 3845 19 3365 12 2963 11 458
2671 15.669223816011824 -1.1099514048028791 61.459318322742376 172 185 194 1.4027469439499867 15 2929 16 3539 22 525 14 2835 18 3341 20 515 21 508 17 584 19 3370 13 421 21 5565 17 6026 19 5406 20 5564 22 5512
2672 13.820646925502574 -1.0623739656929869 62.003840104861219 201 207 212 0.75569984854008809 15 2937 16 573 18 3345 22 3412 14 2837 20 3481 21 3476 17 3854 19 3373 13 2703 12 2967 11 3247 10 443
2673 13.561167972648882 -0.45960720873069844 62.019060276443525 238 248 248 0.66438220422944727 22 3453 14 2861 21 549 12 462 13 455 11 3295
2674 13.518773501551662 -0.3495243933481052 62.099223773882017 77 82 95 0.70577576746404536 22 3470 14 2874 13 475 12 478 10 3161 11 3301
2675 -5.5297963183728971 -0.25729141383689935 61.916050277280377 157 144 143 0.30639158765763136 15 4664 16 5549 18 5486 22 5536 14 2880 20 5599 21 5599 17 3899 19 5441 13 2733 12 4646 10 4808
2676 -6.1873067868078504 -0.11105660015352697 61.269270189605187 76 65 63 0.57181190828468731 15 3004 18 3409 22 3463 14 2892 20 3536 21 3536 17 671 16 3597 13 2744 12 3011 10 3171
2677 -4.2995481417931813 0.70132039458074669 62.774215529341134 88 69 60 0.18497828130181268 15 3043 22 5575 14 2920 13 4466
2678 -5.3640588557827282 1.2047441238950012 61.80231224866624 179 162 158 0.24075967676579479 15 3098 16 3705 18 3528 22 3590 14 2958 20 3666 21 3665 17 4032 19 3561 13 2849 12 3116 11 3401 10 3262
2679 6.6356469943112515 1.4782926368506193 62.845383873137656 59 64 82 0.71303690997838809 22 751 14 2973 20 3696 21 714 19 3590
2680 16.523402314891097 1.3857300114661493 59.853888399873441 146 150 153 0.51656992532336643 15 3127 16 3739 18 3592 22 3672 14 2985 20 3729 21 3745 17 4083 19 3623 13 2882 12 3146 11 692 10 3295
2681 16.527753055706192 1.3861038606973137 59.868237599342002 146 150 153 0.55551614868578292 16 3738 18 3591 22 3673 14 2986 21 3746 17 4082 19 3624 15 3126 10 3296 11 693 12 3145
2682 6.4240822932839698 2.2108890335616107 62.938937790384323 59 63 71 0.47013223417951239 15 3171 16 3804 22 5650 14 3039 21 3796 17 4136 19 3682 13 2938 12 4753
2683 -5.0529922750654013 2.4376758003856942 62.11071766913291 208 191 179 0.22873158218810008 15 3217 16 3847 18 3681 22 3743 14 3077 20 883 21 862 17 4176 19 903
2684 -5.0749649790955598 2.4458141036046293 62.388796825694094 208 191 179 0.29541276404680411 15 3216 16 3846 18 3680 22 3744 14 3078 20 882 21 861 17 4175 19 902 13 702 12 716
2685 -4.153064710074867 2.8030293409963596 62.123190075782858 187 172 171 0.3266717784655549 22 5687 14 3125 20 5746 21 5737 19 5592 12 4788 11 5187 10 4959
2686 -4.2338257286923291 2.9080414402596375 61.913998289340178 93 80 55 0.33428298244327764 15 800 22 982 14 3148 20 3849 21 3858 19 3754 13 3037 12 792 11 3576 10 3446
2687 -4.2786061243531446 3.0939464633163296 61.506858172709578 102 88 86 0.30762612098776904 22 3838 14 3172 20 3897 21 3905 13 3058 12 4810
2688 -1.0972680324326531 3.5210667174115335 60.119271501992017 134 110 99 0.2529220954980041 15 3360 16 4047 18 3862 22 3932 14 3234 20 4003 21 4001 17 4416 19 3883 13 3137 12 3380 11 3679 10 3548
2689 -1.3141155877343236 3.6958943581060364 59.943418318054306 117 98 77 0.33660604452598258 16 4081 14 3255 17 4440 19 3916 21 4032 12 3404
2690 6.6304499319198253 3.5646681918869088 56.802958752473828 80 82 77 0.41556647566567884 15 4927 16 5961 18 3925 22 4006 14 3271 21 4082 17 4473 19 3960 13 4709 12 3421
2691 -1.9420202489976499 3.9810512945425298 59.88132750962771 104 88 83 0.18462620057967777 15 1022 16 1333 18 1225 22 1241 14 3297 20 4073 21 1192 17 1385 13 3198 12 1024
2693 -6.0205099068922152 -2.9440743814790729 61.198348329666167 119 120 123 0.65448434298238267 15 4586 16 5459 18 5389 22 5443 14 4437 20 3322 21 5485 17 5950 13 2592 12 4570 11 4942 10 4714
2694 -5.3217478728672436 -1.5890307155263468 61.911513922403756 77 54 54 0.20669641550919252 15 2897 16 3505 18 5420 22 5485 14 4465 20 5528 21 5520 13 2669 12 2929
2695 15.027683188296036 -1.2583260380213455 61.178128739970063 234 255 255 0.76558540935897024 15 4625 16 5517 18 5440 22 5503 14 4477 20 5556 21 5550 17 6011 19 5397 13 4380 12 4616 11 5001 10 4768
2696 13.642158581237943 -1.0824307258596113 61.91949567684415 78 82 90 0.72770763611497247 16 6931 22 6927 14 4484 18 6858 20 6986 17 7481 13 5517 12 5816 11 6211 10 5920
2697 14.968848209382839 -0.46620759397125427 61.435919523282763 80 101 122 0.4712466513276185 22 5541 14 4510 18 5472 20 5600 21 5603 19 5436
2698 13.812256650641284 -0.47049146422035065 62.285976275750741 77 86 95 0.4744684486086535 22 6944 14 4511 20 7005 18 5477 19 5434 13 4422 12 4643 11 5038 10 3156
2699 6.5450103393606689 1.3937300014339 63.116699192716652 39 63 85 0.66586349594332628 22 5610 14 4564 18 5555 20 5664 21 5670 17 6130 19 5507 16 5621 13 4505
2700 6.4780036275264798 1.6761135698827649 62.516229780217635 60 63 74 0.36891084544050057 15 4742 18 5560 22 5619 14 4576 20 5676 21 5675 17 6144 19 3612
2701 -5.1393090778185861 2.3127168753310068 62.222809181289932 100 76 65 0.25719019686689343 15 4788 16 5680 18 5609 22 5653 14 4612 20 5715 21 5702 17 6206 19 5560 13 4572
2702 -6.2296843026534514 2.3344506326686396 62.095424088812173 98 82 78 0.34208628011536546 15 4797 16 5686 22 5659 14 4617 20 5724 17 6209 11 5165 10 4941
2703 -1.1030601370575375 3.2948842680673285 60.060179821324894 128 105 84 0.22799017295135929 22 5752 14 4686 18 3833 20 3955 21 3960 19 3855 16 4005 14 3210 13 3104 12 3343 12 3344 11 3650 15 3328 10 3518
2704 -0.86024811030941661 3.3008938939116916 60.047735871641976 130 110 97 0.33826168836325271 22 5753 14 4687 20 5820 21 5807 17 6309 18 3835 19 3858 15 3331 14 3211 13 4639 12 4829 11 5242 10 3519
2705 -0.72109056280643369 3.3870293931793247 60.039876548331343 255 247 227 0.20542782009416583 15 4880 16 5847 18 5750 22 5785 14 4695 20 5842 21 5826 17 6339 19 5700 13 4656 12 4846 11 5253 10 5018
2706 -0.89543325833232679 3.5261054946852424 60.008663478597057 141 114 96 0.28909571956384456 15 3361 16 4048 18 3863 22 3938 14 4714 20 4004 21 4005 17 4417 19 3884 13 4678 12 3381 11 5272 10 5032
2707 4.9436545634631095 -11.485194882263967 61.705637170237829 252 224 175 0.69385262677100412 15 6373 16 7531 18 7502 22 5322 14 5515 21 6867 17 8090 19 6727 20 7570 13 6478 12 6370 11 6095 11 7149 10 4621 10 6465
2708 18.927102354446159 -6.2792167252930318 57.295498478409215 200 184 137 1.6301054167404889 22 5359 14 5545 20 6895 19 6745 13 5445
2709 18.973586822095886 -6.0413247614521515 57.721336235116446 174 160 112 1.5346358111413907 15 5738 22 6854 14 5553 20 6905 19 6754 21 6899 13 5453
2710 18.973586822095886 -6.0413247614521515 57.721336235116446 174 160 112 1.5346358111413907 15 5739 22 6855 14 5554 20 6906 19 6755 21 6900 13 5454
2711 -4.1053204819371576 -1.4937924030626748 62.363547546825835 67 56 61 0.40125688517567826 15 5796 16 6921 18 6852 22 6913 14 5620 20 6979 21 6969 17 7478 19 6838 13 5510 12 5805
2712 13.314498954799863 -0.96957977481525437 61.920292741798853 91 95 97 0.78643365331056703 15 5801 18 6859 22 6928 14 5629 21 6979 19 6843 20 5568 10 5921
2713 -5.8538362536832675 -0.69320467278638698 61.259816061222452 62 55 57 0.65645730335232388 18 6864 22 7589 14 5634 21 7597 17 8163 13 5526
2714 15.958752817611117 0.86715505542419091 60.324669812098762 66 75 88 0.31741981538142228 15 5835 16 6969 22 6981 14 5668 18 6901 20 7045 21 7027 17 7521 19 6880 13 5569 12 5869
2715 -5.6509994864239754 2.3509621077869167 61.913758176995948 89 78 81 0.62027557624179808 15 5868 16 7005 18 6947 22 7011 14 5701 20 5718 21 7049 17 7559 19 6915 13 6195 12 5904 11 6287
2716 16.428530100359851 2.3883881645923131 60.329444923920349 73 79 83 0.58332909102325559 15 5873 16 7010 22 7031 14 5704 20 7087 21 7066 18 5641 19 5607 13 5603 12 5910
2717 18.988668870812155 -6.2370411848931004 57.904544099018771 75 59 51 1.3551412484901839 15 6383 22 7520 14 6183 20 7584 19 7486 21 7532
2718 -5.94295132204374 -1.4066889105165759 61.850742762723279 75 64 58 0.25169591894305604 15 6437 16 7589 22 7568 14 6226 13 6128
2719 13.49950129268599 -1.1602706097946824 62.171070999316939 251 250 244 0.46338691610637162 15 6440 18 7569 22 7577 14 6229 20 7640 21 8015 17 8158 19 7534 16 6928 13 6131 12 6438
2720 -5.5091106436608381 -0.71087305799841394 61.332201820337403 58 57 58 0.89252147412653315 22 7590 14 6234 21 7598 19 7539 13 6135 12 6443 10 6559
2721 -5.3960940796319097 1.4589985668376422 62.219724608292218 82 70 66 0.4878260471546107 15 6485 18 7632 22 7636 14 6273 20 7698 21 7653
2722 -6.1408404539302328 2.909166339496688 61.856442157352284 91 82 77 0.43497044612613445 15 6511 22 7674 14 6294 20 7734 21 7686 19 7626 12 6507 11 6910
2723 5.6266920359593051 5.5965841356443367 64.163781480536912 234 229 220 0.46794862845575519 15 6589 16 7737 18 7721 22 7745 14 6368 20 7795 21 7741 17 8324 19 7682 13 6277 12 6587 11 6435 10 6142
2725 18.68498759190161 -5.9950437079189838 58.166846268074977 74 56 55 1.0956346912327006 15 6814 22 7967 14 6591 20 8015 16 7996 17 8558 19 7912 21 7536
2726 -4.3997442651193914 -0.88266554543500453 63.527449311965327 62 56 55 0.57371526121810268 16 8032 18 8009 22 8004 14 6629 20 8062 21 8016 17 8596 10 6554 11 6834
2727 6.7608543318141887 1.0844922558397434 62.381008294847497 62 70 84 1.0626406844151062 22 7628 14 6641 21 7644 19 6877
2728 -0.90057811842635349 3.2404499668290683 61.203353726906649 120 102 97 0.64169290232236287 15 6898 16 8069 18 7668 22 7684 14 6660 20 7741 21 7696 16 7683 17 8258 19 7634 17 8632 15 6516 13 6587 12 6513 12 6918 11 6917 11 7254 10 6956
2729 18.69086580078395 -6.952059440379692 58.188851852251283 219 187 133 2.027447914161995 15 7078 16 8263 22 8247 14 6865 20 8321 17 8814 19 8177 21 8263 11 7440 12 7085
2730 18.589688804307595 -6.6364073052362551 58.221170082231353 67 56 56 1.3109795358683045 22 8248 14 6867 20 8323 21 8265 17 8820
2731 18.897285557362288 -5.6176701106202351 57.991909236020874 197 178 142 1.5857763121382045 15 7089 22 8256 14 6879 16 8275 20 8334 19 8189 21 8273
2732 14.248587479051789 -0.33989758347807192 61.443213445766084 187 172 176 0.52902236865505992 15 7110 16 8295 22 8285 14 6903 20 8358 21 8303 17 8858 18 8272 19 8223 13 6806 12 7136 11 7480
2734 18.616384413224857 -6.2940656830505555 57.666311579978405 220 190 152 1.9452036469728147 15 7263 22 8410 14 7054 20 8472 16 8434 19 8180 21 8426 11 7621
2735 14.817679176174751 -1.4131686465799171 60.559695847374897 135 173 212 0.75422988523414181 15 7289 16 8451 18 8437 22 8432 14 7080 21 8296 17 9014 19 8214 13 6988 12 7294 11 7635
2736 14.817679176174751 -1.4131686465799171 60.559695847374897 135 173 212 0.75422988523414181 15 7290 16 8452 18 8438 22 8433 14 7081 21 8295 17 9015 19 8215 13 6989 12 7295 11 7636
2739 4.3539866683267023 -10.341540539872698 59.728331622110545 70 80 117 1.6819610647069436 15 7472 22 8607 14 7178 21 8633 13 7170
2740 13.98406687909147 -0.83390776673890699 61.054163630591702 73 79 99 0.94746160898445153 15 7396 16 8568 18 8544 22 8536 14 7196 20 8584 21 8561 17 9122 19 8498 13 7096 12 7419 11 7759 10 7468
2741 16.029653008405358 -1.2829205729613882 59.803803368934311 248 255 255 0.94426548353040218 15 7482 16 8630 18 8674 22 8616 14 7286 20 8662 21 8644 19 8635 13 7182 12 7498 11 7832 10 7553
2742 16.029653008405358 -1.2829205729613882 59.803803368934311 248 255 255 0.94426548353040218 15 7483 16 8629 18 8673 22 8615 14 7287 20 8661 21 8643 19 8634 13 7181 12 7497 11 7831 10 7552
2743 17.370383321218892 -1.6518607746078591 61.546166233884712 65 82 102 1.8148258824833503 15 7528 16 8685 18 8672 22 8672 14 7346 20 8711 17 9191 19 8633
2744 1.3837786909100327 -8.6690335432535903 61.655559715426705 43 47 62 1.0677717709162122 22 8731 14 7421
2745 17.431858645820576 -5.9853366014107889 63.823462553917544 42 49 58 2.3295714470558986 15 7626 18 8745 14 7427 21 8775 17 9321 20 8783 13 7314 19 8702
2746 -0.31681219713391462 -0.944458202561129 63.562137118545103 62 63 70 1.6964697068889347 15 7627 16 8771 18 8746 22 8741 14 7428 20 8785 21 8777 17 9322 19 8705
2747 -4.9301536520312048 2.187153729628263 62.357533899145238 223 199 180 0.42000553019298775 15 704 16 899 18 866 22 846 14 691 10 741
2748 -5.8796399670217703 -4.1654252684402948 61.500329710630496 60 62 54 0.781614946593157 22 3185 14 2678 20 3265
2749 -4.713447984157801 -1.0689999172030031 62.176222799746704 76 61 68 0.40134903062078831 18 3337 22 3397 14 2836 20 507 17 3851 19 3362 13 2700 12 2965 11 459 10 440
2750 -4.4980506854283551 -0.55508335919957785 62.845804518039522 101 66 58 0.49932721566982941 15 2952 18 3360 22 3420 14 2850 20 3492 21 3496 17 3872 19 3397 13 2716 11 3274 10 3136
2751 -4.8222334364516275 -0.21412480791797728 62.294935620700642 150 139 136 0.27375895854938503 18 3396 22 577 14 2885 21 554 20 3523 10 495 11 3303
2752 -4.3822840993170722 2.8821934538737088 62.398000215889745 103 88 73 0.42014198497323579 22 3789 14 3141 20 5750 21 3853 19 5605 13 3029 12 4791 11 5191 10 4962
2753 -5.5536364144586621 2.155839962012092 61.536667880694509 247 227 242 0.29457114908463267 16 5668 18 5597 22 5644 14 4603 20 5698 21 5694 17 6191 19 5546 15 4777 13 2940 12 687
2755 -5.0163503286664959 1.860828872964404 63.228709414274157 103 78 74 0.45490713446453335 15 661 16 3755 22 3659 14 646 20 3732 21 3741 17 4094 13 2901 12 3167
2756 -5.8272900331259532 3.8118316524458389 61.669956950443414 96 80 72 0.40310739472872809 22 1172 14 952 20 1115
2758 -5.9779688471961752 -1.7138016385968975 61.226721564076293 79 78 76 1.0247337024182401 16 498 18 479 22 3330 14 2794 17 3797 13 2661 12 4600 11 3206 11 4974 10 372 10 4747
2759 -4.0648474613126737 -0.43522866339810151 62.346947927774323 86 63 52 0.52360220659167178 16 615 22 3431 14 2856 10 3144 11 3280 12 2991
2760 -5.4317123491398629 -0.13989166053203567 62.245845803681043 74 59 58 0.33346493650165976 22 3461 14 2891 18 3408 20 3532 21 3533 17 6062 16 5554 19 3435 15 3000 13 2743 12 4652 11 5047 10 4813
2761 -5.3267915253884972 2.5392921766750027 62.019606005860709 101 83 78 0.40083675610787595 22 3760 14 3092
2762 -5.9542598271643268 -1.0630691693698304 61.919442450384082 63 57 54 0.47765789935399966 15 4636 16 5527 22 5500 14 4489 21 5548 17 6028 13 4389 12 4620
2763 16.963756463795942 -0.61449825889589982 63.542348623342356 82 100 120 1.0065051272238386 15 4654 16 5539 22 5532 14 4504 17 6043 12 4634
2764 -6.1038158152212709 3.1645775090398529 61.932697170578443 190 181 169 0.47400140138162683 15 4848 16 5785 22 5725 14 4664 20 5792 21 5773 17 7584 18 6976 19 5645 13 4623
2765 -4.6807341150740847 4.0522589065855401 62.759815983764909 178 164 156 0.65758004558319161 22 5902 14 4759 21 5934 13 4728 12 4928 11 5328
2766 -5.7741937127464649 -1.485005663750909 62.200890182533776 80 68 64 0.48130239907061917 15 7107 18 8264 22 8279 14 6900 20 8351 21 8293 17 8852 13 6801 12 7133
2767 2.9256998172889928 -10.208787742759526 64.616171793249819 75 92 129 0.83860624102708359 15 7260 22 8524 14 7048 18 8531 21 8548 16 8555 17 9104 13 6961
2768 -6.0644100850386877 -2.4047066566895494 61.646841031566325 55 56 62 0.74042193651125021 15 7283 16 8287 18 8258 22 8275 14 7077 20 8345 21 8288 17 8849 19 8209 13 6984 12 7288 11 7476 10 7346
2770 4.4836843729609424 -11.138098921223119 61.99913043911971 120 103 57 0.42084850215292968 21 3 13 3 19 7 18 2
2771 5.421851946019931 -10.382516812863944 60.711034269162909 69 56 47 0.3778052809983623 14 17 21 13 13 16 12 19 11 2957 10 2837
2772 5.2546075630065632 -10.334934253749934 61.831979888080355 103 89 105 1.7469868827004242 14 22 15 24 17 26 21 20 13 20 22 3043 18 2953 16 3185 19 3006 17 5844 12 2693 11 2959
2773 4.9184045477195681 -7.9174167354194767 62.508850954765954 234 241 255 0.17474200541035936 15 2668 17 3550 21 3151 13 59 19 3061 20 3152 22 3079 16 3233 18 3008 12 2728 11 2997 10 2863
2774 4.9647072778422245 -7.720389749275439 62.774134700964012 211 221 253 0.19048335749255188 15 88 17 3565 21 106 13 71 19 109 20 102 22 82 16 3252 18 3026 12 71 11 68 10 72
2775 4.6592475717004227 -7.130975833650937 62.677917294008765 174 248 255 0.177918709829366 14 117 15 127 17 152 21 143 13 101 19 147 20 3183 16 146 18 3044 22 3108 12 87 11 88 10 88
2776 19.121877888925599 -6.1306161593425612 57.78757908285565 114 88 69 1.3797475790622398 14 119 15 123 13 103 19 151 20 151 18 139 21 3188
2777 -6.2279514283531476 -3.6741419961300195 60.587759407956987 62 63 51 0.56908830808915156 14 2701 15 254 17 329 21 302 13 240 22 280 16 319 18 3150 11 239 10 211
2778 -5.8178763293036369 -3.7270840968965802 61.417555301271896 124 120 79 0.64622804598644346 21 304 13 243 19 322
2779 -4.3590705371202549 -2.9726978703673459 61.98529928496913 126 125 125 0.5196093440412336 14 303 17 3721 21 336 13 294 19 3217 20 3326 22 3247 16 373 18 3192 12 291 11 3120 10 2984
2780 -5.6195433518635269 -2.1546140936114351 61.670409654383782 94 95 102 0.3602989830614034 17 3766 21 3347 13 348 19 3259 20 426 18 3246 12 350 11 3177 10 3036
2781 -14.384138767943325 -2.1825207146626644 68.226546671445846 61 54 52 0.62566784366585371 21 3355 13 355 19 3265 20 3376 22 422 16 5485 18 6846 17 7474
2782 -6.0624946596944866 -2.0702209461685532 61.508939125061787 115 116 125 0.51195758065626851 14 2770 15 2863 17 3776 21 3356 13 356 20 430 22 3306 16 3466 18 3252 19 3264 12 354 11 3185 10 3045
2783 -4.6346639997878079 -1.4229458992966471 61.670144547230876 100 86 87 0.38648639726449285 17 3816 21 3425 13 399 19 507 20 482 22 3356 15 429 16 3512 18 3295 12 390
2784 -5.3282193893737322 -1.2969191254456527 61.546893100392111 74 59 55 0.69908182281335751 14 426 21 3437 13 406 19 514 22 3369 12 398
2785 13.878852340157154 -1.3057795241116534 61.949946739922531 247 248 239 0.78136950482159606 14 428 15 441 17 566 21 489 13 412 19 3350 20 3472 22 508 16 3524 18 3317 12 404 11 443 10 419
2786 -5.4906370510645548 -0.92662411135598166 62.075261914932987 110 110 109 0.27596742087679293 14 450 15 465 21 504 13 428 19 543 20 517 16 584 18 543 12 423 11 3248 10 3117
2787 16.31551871317922 -0.51190047556563978 59.783262432594007 74 91 111 0.66729720168651263 14 466 15 479 17 625 21 3522 13 451 22 3455 16 612 18 576 20 576 12 456
2788 14.656305058282312 -0.4658176055970516 60.914406226684527 232 247 253 0.57890428343803946 14 471 21 550 13 459 20 3521 22 579 19 3417 12 463
2789 -5.6072269556844745 -0.3832330102654678 62.584368880990127 75 64 62 1.0196645663596338 17 3890 21 527 13 463 20 554 22 550 15 2975 16 3573 14 2865 12 460 11 3286 10 475 10 3152
2790 -6.1421303326823082 -0.33505764463170157 61.420976683112258 73 63 63 0.44806712105114377 15 488 21 532 13 464 19 575 22 557 18 581 12 470 11 505
2791 -5.9426310958650177 -0.25565315532093918 61.74974120461809 119 109 109 0.13988882470253178 21 545 13 473 22 568 18 585 20 579 12 477 14 480 16 635
2792 14.079697325484398 -0.12694920818288888 62.056323349399918 84 87 102 0.47726993501531184 21 3552 13 492 17 3912 20 613 22 3484 18 619
2793 -6.3193405841531227 0.1660011356888241 61.394815430147332 67 62 64 0.24778477985423011 14 511 15 526 17 692 21 3557 13 505 20 3567 16 673 12 3031 10 539
2794 -5.3404467852710802 0.73301179354701906 61.743286578188112 140 134 136 0.21804870071033947 14 548 17 721 21 627 13 528 18 695 22 662 12 548 11 591 10 582
2795 16.06996934971847 1.1201515965528719 60.425669065741097 74 85 92 0.54010118328478307 21 713 13 579
2796 -1.839915032741632 3.1397282828782673 60.02546691215138 132 125 113 0.21885651359431618 14 830 17 1133 21 1000 13 810 16 1112
2797 -1.4198768403735635 2.801321806703017 47.479991363029384 246 230 221 1.700408644348905 14 916 21 1081 13 887 20 1074 17 1251
2798 18.353920212021549 3.9353678947999757 70.223838583607218 113 119 120 0.72550610274558214 17 1287 21 4076 13 889 19 1168 20 1133 22 4002 16 4064 14 4724 15 4909 18 3896 13 4689 12 3394 11 3695 10 3566
2799 -1.9385218247548326 3.7036865983723941 59.759805723989942 110 89 85 0.71751921307382371 21 1126 13 907
2800 -2.6315181329226651 3.6625422741496765 59.047232770971725 218 197 180 0.21534943317382438 14 943 15 973 21 1125 13 913 16 1264 18 1164 12 960
2801 -0.72761281652805243 3.7465895040542221 59.948138766255425 128 114 97 0.38002730113989042 14 951 21 1120 13 918
2802 17.72225048255547 3.465544450806044 55.260674589747147 248 252 255 0.85945845109090724 14 1054 21 1345 13 1034 12 1091 11 1240
2803 10.707052827367724 2.1125987795331844 34.451571505151385 249 245 255 2.0914241240883449 17 1459 13 1047
2804 19.726323315954915 5.5008105845987334 68.421136774772108 171 176 172 0.24927705702175007 14 1222 15 1265 21 1520 13 1187 17 1711 19 1554 20 1485 22 1594 16 1603 18 4165 12 1249
2805 20.621459956890501 6.1131662850202071 66.997787104760732 128 122 115 0.44786850633172243 15 1447 17 1961 21 1791 13 1367 19 1772 20 1746 22 1849 16 1838 12 1443
2806 21.347503556634575 6.088728477692948 64.668578809880572 97 95 93 0.53057944993180528 14 3616 15 1522 21 1861 13 1429 19 1866 20 1833 16 1913
2808 13.273266665229608 9.1834466503241767 68.527346675211049 183 175 153 1.5474020892520575 21 2601 13 2076 20 2577
2810 4.7095702846838918 -7.8705357687075681 62.451423875810484 223 242 255 0.18349854769975762 15 2669 17 3552 21 3153 13 2461 19 3065 20 3155 16 3235 18 3012 12 4496 11 2998 10 2865
2811 4.697483407422844 -7.8547533436765509 62.309208866275213 223 242 255 0.16567029736665703 17 3553 21 3154 13 2462 19 3066 20 3156 18 3013
2812 19.022369295249614 -6.3483382159191848 57.959559783779056 95 77 61 1.0601341411656713 21 138 13 2485 19 3095 20 135 22 113
2813 -6.0637376989461433 -3.8863950138714229 60.535576555065219 194 195 183 1.0972808891007055 21 3263 13 2560 20 3273 12 2832 11 3097
2814 -4.7505349720927672 -3.0432099174303544 62.0264449555672 109 104 112 0.94355719054869902 21 3304 13 2588 20 3319 22 3243 12 2857 11 3118 10 2980
2815 -5.0844703735414249 -2.9428317835571787 62.088461038815694 71 65 72 0.61363647557058287 14 305 15 2822 21 338 13 2594 17 393 20 359 22 350 16 374 18 367 19 387 12 2861 11 3123 10 2989
2816 -4.4316885957734051 -2.813417866502308 60.130221672099111 71 66 68 0.88828177961759769 14 2727 21 5487 13 2597 19 3220 22 5447 18 3198 12 4573 11 4945 10 4717
2817 -4.3028685277791912 -2.8492535359792872 61.89592684529913 65 60 59 0.59273203627805493 14 2730 15 2829 17 3724 21 3312 13 2601 19 3222 20 3336 22 3255 16 3415 18 3199 12 2867 11 3126 10 2992
2818 -5.3456506187676744 -2.6714124076828272 61.940027534083399 98 99 104 0.78054866808086765 14 315 21 355 13 2609 17 410 19 3232 22 3270 16 390 18 383 20 3347 12 2874 11 3138 10 3002
2819 -5.0850522063966181 -2.029376813724606 62.213178651266794 89 71 60 0.32231998553541596 14 2776 15 2866 17 3779 21 3360 13 2635 20 441 16 3471 12 2905
2820 -5.0850522063966181 -2.029376813724606 62.213178651266794 89 71 60 0.32231998553541596 14 2777 15 2867 17 3780 21 3361 13 2636 20 442 16 3472 12 2906
2821 -4.7842791380810361 -1.1919617217364136 63.026108041616808 118 102 97 0.461721591722695 14 2826 15 2924 17 3841 21 483 13 2690 16 3533 11 3235 10 3104
2822 -4.6377741637672329 -1.0927408699247727 62.520862634793787 80 63 70 0.40460279642394409 15 2936 21 3464 13 2697
2823 15.095579682767783 -1.023071331511678 56.919067384958986 167 185 196 1.7615194598576005 15 2938 21 512 13 2704 17 586 19 539 20 519 22 526 14 4492 16 3545 18 536 16 571 15 2934 12 2968 10 4774 11 5009 13 4393
2824 -6.0463976500278171 -0.37711081372815441 61.877873195187348 70 60 60 0.50774360627446291 14 2868 15 2974 17 3888 21 5593 13 2724 19 3411 20 3504 22 5529 16 3575 18 5474 11 3291 10 3153
2825 -4.8071667986279856 0.71303162462575465 61.960308446807105 84 81 85 0.41062862946628775 21 3600 13 2794 17 3972 19 3510 20 3616 22 3534 18 3469 16 713 12 3067
2826 15.891484687322132 1.0226021086683807 60.368040401875646 163 172 181 0.54991799334613556 14 2950 15 3082 21 3695 13 2846 17 6118 19 5504 20 5663 22 3622 16 5608 18 5541 12 3120 11 3411 10 4871
2827 -4.0238194748498994 2.346066069282764 62.563213116785747 189 180 182 0.27967749595807312 21 3805 13 2954 20 873 22 3733 12 699 11 790 10 3365
2828 -4.122931914094309 2.5407438767376216 62.073725401102202 156 145 145 0.46001940325272173 21 3825 13 2981 19 3722 20 3814 22 3758 12 3232 11 840 10 3398
2829 -4.2356503225197013 2.9079333547654591 61.960884399637088 92 77 66 0.34863651923496758 14 3147 21 3859 13 3038 20 3850 15 801 11 3577 10 3447
2830 6.2357030412231023 3.1259128994785232 62.252616017156235 108 109 114 0.35342004243792802 21 3911 13 3053 19 3819 22 3852 12 3302
2831 16.488770167231458 2.7664445523154626 60.317567605000207 72 80 78 0.049077781286700518 21 5798 13 3054 22 5755
2832 -4.1119814232858456 3.1663703000883969 61.787041210792665 92 72 63 0.48385524638595584 14 3185 15 3310 21 995 13 3064 22 1044 12 3313
2833 -2.1173975340911046 3.3281654650624466 59.979892322728368 253 239 215 0.18307863894078141 14 3214 21 3964 13 3113 19 3860 20 3963 16 4011 18 3841 12 3350
2834 18.661201006747326 3.7815483094648372 69.554444644582262 248 249 250 0.48262733397616886 14 3236 15 3365 17 6382 21 4052 13 3142 19 3911 20 4035 16 4051 18 3875 12 3383 11 3682 10 3556
2835 18.638698516659716 3.7801041653217347 69.479215832503257 248 249 250 0.51362855338273572 14 3237 15 3366 17 6383 21 4053 13 3143 19 3912 20 4034 22 3989 16 4052 18 3876 12 3384 11 3681 10 3555
2836 18.315154310408612 3.9630850445539303 70.805519372288558 106 112 114 0.76088503667669627 21 4073 13 3155 17 1286 19 3936 20 1132 22 4001 14 920 18 3891 16 1228 15 949 12 3393 11 3692 10 1002
2837 -2.6930873524336447 3.5784087423994571 59.148340365940015 104 96 78 0.32061463561718517 14 3247 17 1285 21 1097 13 3160 19 1143 16 4066 18 3881 12 937 11 3699 10 1022
2840 1.6502183169752136 3.8512353496202789 55.985916691637129 236 218 204 0.39809270945868036 21 4126 13 3215 20 4104 22 4048 19 4009 12 3459 11 3803 10 3652
2841 17.813765969201434 5.9447175399464323 72.931261411254468 98 100 95 0.97389970807058945 14 3429 15 3540 17 4671 21 6160 13 3360 12 5087 10 6139 18 7124 19 7078 22 7155
2842 19.83455081297361 5.3933182170211786 68.536723697121147 92 97 93 0.36333837330457441 14 3427 17 4672 21 4316 13 3361 19 4176 20 4273 22 4231 16 1592 18 4150 12 3586
2843 19.740678795356875 6.9086064269016019 67.951863818370697 253 253 244 0.50694750476656403 14 3672 15 3798 17 4985 21 4634 13 3621 19 4476 20 4593 16 4581 18 4480 22 4563 12 3854 11 4188 10 4024
2844 19.740678795356875 6.9086064269016019 67.951863818370697 253 253 244 0.50694750476656403 14 3673 15 3799 17 4984 21 4635 13 3622 19 4475 20 4592 16 4580 18 4481 22 4562 12 3855 11 4189 10 4023
2845 18.62613342725275 7.9263011658387894 75.39106964896834 133 120 108 0.81661881202373354 14 3683 15 3811 21 1955 13 3633 19 4478 20 1930 16 2019 18 4484 22 4553 12 1618 11 1845 10 1744
2847 -1.420880891864837 6.0153273003909664 40.789630741517598 0 0 0 0.84643160188197508 14 2282 21 2784
2850 19.244564863470451 -6.6665952296335176 57.505998151479112 80 74 51 1.2800154845249374 17 5864 21 5404 13 4285 19 3081 20 5402 18 5280 12 4502
2851 19.13452011269942 -6.3185276682455838 57.391364911466709 80 61 58 1.5929206762814943 17 3572 21 5415 13 4295 20 5405 12 4509
2852 4.7231242425817044 -7.2925769208951374 62.768903739109724 11 99 169 0.31413039333360571 17 3577 21 3178 13 4297 20 3178 16 3271 18 3040 12 2752 11 3014 10 2880
2853 14.938653252873126 -1.5796881005006578 61.034188212853877 221 254 255 0.91067979670229249 15 4609 17 5995 21 5528 13 4368 19 5375 20 5539 16 5498 18 5424 22 6915 11 4986 10 5911
2854 -5.9993543399992575 -1.3383198805417289 61.887908894691861 69 60 50 0.46832188449870399 17 6003 21 5531 13 4376 20 5542 16 5511 18 5431 19 3333 22 3365 12 4611 11 3224 10 3083
2855 -6.0583310295297359 -1.2118572502032781 60.684285642709284 76 70 66 0.63119559557703586 21 3444 13 4379 19 5385 20 6983
2856 -5.5166181108724679 1.3183083362529864 62.198265671962972 84 68 58 0.61662387235968574 17 6127 21 3679 13 4504 22 3601 11 5103
2857 6.3048704656094614 1.9884815724151892 62.489161967652599 86 90 98 0.70385634367184069 21 3774 13 4541 19 835 20 3758 22 3697 12 4744 11 3464 10 4909
2859 6.5019900781704969 2.2626689187145534 62.335031225066217 58 62 70 0.39880447133090058 15 3182 21 5710 13 4563 19 3687 20 5717 22 5661 12 4756
2860 -1.7030340033462856 2.8072972361786865 60.467537841277171 121 108 94 0.74170315318535829 21 7061 13 4602 19 5600 11 3563 15 3259 10 3436
2861 -0.86153650328890619 3.2988803557454318 60.053647648308392 130 110 92 0.31784792907502218 14 3212 17 6310 21 5808 13 4640 20 5819 16 5825 18 3836 22 5754 12 4830 11 5243 10 3520
2862 18.107760837113897 3.8354058134556679 71.001905880883882 244 250 251 0.66603172769539953 14 4705 15 4890 17 6369 21 4034 13 4664 19 5753 20 4015 16 5870 18 5787 22 5853 12 4858 11 5260 10 5024
2863 18.337653757788988 3.81328392886526 70.369690676937822 251 252 252 0.63948373115026225 14 4710 15 4893 21 5899 13 4667 19 5758 20 5905 22 5867 18 5795 17 6371 16 5878 12 4865 11 5267 10 5028
2864 7.1166236802920775 3.3874244858115579 56.404048422530337 93 79 53 0.30446365538866449 21 4049 13 4690 19 3928 20 4040 22 3983 12 4887 11 6335
2865 -4.822462420057068 3.8907150382973481 62.709371865003966 111 102 120 0.68435275918035299 14 4737 21 5905 13 4705 20 5920 22 5850 12 4902 11 5297 10 5071
2866 -4.8126063971371966 3.88839606879016 62.624581232239713 111 102 120 0.70391298660782553 21 5906 13 4706 20 5919 22 5849 11 5298 10 5070
2869 18.598591016103978 4.628431311481858 70.849299090374799 145 148 148 0.55499659757566921 14 4790 15 4977 21 6038 13 4763 19 5908 18 5953 11 5373
2870 20.900341009219265 5.7199187399809235 76.129826733009537 170 169 148 1.1891462781281574 17 7680 21 7170 13 4846 19 7673 20 7783 22 7742 12 5071 11 6414 10 5229 11 5465
2871 17.608843924209282 6.414750118560316 75.364068182080715 168 172 163 0.23607213849972494 14 4909 21 6181 13 4866 17 6675 19 6064 20 6201 15 5073 16 6203 18 6084 22 6158 12 5101 11 5493
2872 19.592417169467804 5.9198964210558929 68.988374111189671 98 103 99 0.82132826102958079 14 4940 17 6707 21 6214 13 4906 20 4362 18 6107 22 4332 12 5137 11 5521 10 5281
2873 21.014055133264886 6.2979724218479776 64.67110758744505 170 169 163 0.46318996175781646 14 5042 15 5211 21 6343 13 5002 19 6214 20 6345 16 6345 17 6818 18 6221 22 6323 12 5232 11 5637 10 5399
2874 20.183769806221196 7.7881499323980314 74.283260787093496 251 255 255 0.6917510124422136 14 5079 17 6858 21 6374 13 5029 19 6243 20 6370 16 6386 18 6244 22 6346 12 5273 11 5664 10 5426
2875 19.951526825383596 7.9113342863841796 74.829995212227502 255 255 247 0.65840036506089139 14 5084 15 5256 17 6864 21 6380 13 5037 19 6246 20 6376 16 6394 18 6252 22 6348 12 5279 11 5668 10 5430
2876 19.966415940017104 7.9082001282313357 74.882913151440391 255 255 247 0.59423217705906728 14 5085 15 5257 17 6863 21 6379 13 5038 19 6245 20 6375 16 6395 18 6251 22 6347
2877 18.884352210417436 8.0408654255504413 74.644926983522794 189 176 159 0.62181294220690975 14 5095 15 5268 17 6877 21 6388 13 5047 19 6262 20 6391 18 6263 22 6364 12 5290 11 5678 10 5445
2879 21.115676501469714 7.4930557241214943 69.04741081811494 118 120 120 0.60903044149008445 14 5139 15 5311 21 6458 13 5085 19 6308 20 6456 16 6449 17 5107 18 6312 22 6432 12 5331 11 5705 10 5474
2881 4.6220539377232903 -7.7157775152743397 62.555276999197162 36 106 168 0.46423715735613347 15 5729 17 7410 21 6886 13 5437 20 6890 16 6852 12 5724 11 6111 10 5822
2882 19.265457164766264 -5.5408359011791886 57.404907509885305 212 200 165 1.3824667225045653 21 6908 13 5459 19 6766 20 6916 18 6792 12 5750
2883 19.343657822363674 -5.4060770083008736 57.388341746220725 77 61 68 1.6784638417653532 14 5564 13 5462 19 6769 20 6920 21 6910 12 5751
2884 16.318458814343519 0.85521443579457235 59.918831424600924 72 77 91 0.38913176945665906 21 7028 13 5567 19 6882 20 7050 22 6983 18 6903 12 5870
2885 16.279726164304524 0.83998272916412287 59.772386016150236 72 77 91 0.64831555027967191 14 5669 15 5837 17 7522 21 7029 13 5568 19 6883 20 7051 16 6970 18 6902 12 5871 11 6253 10 5958
2886 16.197129008412578 1.1904413702268435 60.12040024939256 67 76 87 0.73350840855617039 14 6272 15 5843 17 7531 21 7033 13 5574 19 6893 16 6979 18 6917 20 7703 12 6488 11 6258 10 5965
2887 7.2794725802993732 3.5157047594750086 56.246404309526874 255 250 207 0.2993695836984136 21 7105 13 5645
2888 7.2794725802993732 3.5157047594750086 56.246404309526874 255 250 207 0.2993695836984136 21 7106 13 5646
2889 6.0424463691474681 4.2146495099175549 63.313809284942089 200 201 203 0.17107407896282892 14 5769 15 5948 17 7630 21 7114 13 5661 19 6999 16 7078 18 7036 12 5972 11 6363 10 6071
2890 6.0468062378872975 4.2177204412548663 63.355375677875564 200 201 203 0.19000012662126822 21 7115 13 5662 19 7000 18 7037 12 5973 11 6364
2891 19.33969343024869 5.5771026309986071 73.531275333877758 166 162 149 0.31659432975614371 14 5825 15 5048 17 6635 21 7172 13 5725 19 6005 20 7190 22 7136 16 7140 18 7110 12 6014 11 6413
2892 20.346895777974751 6.6523269813073904 75.389811441947117 139 122 111 1.1419000186202404 14 5859 15 6055 21 7231 13 5760 19 7704 20 7240 18 7165 17 7745 22 7768 12 6050 11 6464 10 6170
2893 20.847539006014088 5.8660804375190274 65.943388868619721 119 112 99 1.1974115857841956 14 5877 15 6072 17 7776 13 5778 19 7714 20 7824 16 7215 18 7754 21 8120 22 7779 12 6076 11 5573 10 6191
2894 19.552877191123752 8.6179648572757319 75.611877872152689 118 110 91 0.78444520313426092 14 5970 15 6165 17 7885 21 7352 13 5857 20 7384 16 7330 18 7295 22 7305 12 6171 11 6565 10 6275
2895 19.232030411673414 -6.5021742382022367 57.291435220495913 196 180 140 1.5529564617846323 21 7524 13 6069 19 7477 20 7579 18 7510 17 8092 12 6378 11 6773
2896 -5.3619054834159492 -2.3036427521639093 61.807712621289426 55 53 66 0.51522060212838039 14 6614 17 8141 21 6958 13 6115 19 6822 20 6965 22 6904 16 7583 18 6841 12 6421 11 6191 10 6534
2897 18.284565625323054 4.1619604071091034 72.642541046848251 104 112 113 0.89214337695530721 14 6320 15 6538 21 7712 13 6228 19 7648 20 7754 22 7701 18 8066 17 8272 12 6528
2898 16.687777919419929 5.0405890551873256 73.610057957421532 252 253 253 0.44376810707966979 14 6339 15 6559 17 8292 21 7724 13 6254 19 7661 20 7771 22 7717 16 7713 18 7694 12 6561 10 6649
2899 20.802771037247776 6.0836240868931455 65.669632326918162 254 254 250 0.4139484509320242 14 6409 15 6949 17 8681 21 8138 13 6316 19 8048 20 8188 16 8121 18 8107 22 8127 12 6618 11 7000 10 6716
2900 20.841477877617468 6.0945508635170027 65.780153076633709 254 254 250 0.49290328634910263 14 6410 21 8139 13 6317 16 8122 22 8128 12 6619 10 6717
2901 20.78455982164618 6.3569489100924583 65.724635069642545 116 110 104 0.41579377954946983 14 5897 15 6631 17 7803 21 7279 13 6326 19 7174 20 7295 16 7240 18 7221 22 7245 12 6102 11 6499 10 6214
2902 20.478452773005635 6.4795917770283946 65.890116587728059 193 167 149 0.52788034497112768 14 5907 15 6111 17 7811 21 7293 13 6331 20 7312 16 7252 18 7785 22 7249 12 6111 11 6505 10 6224
2903 20.827533729993412 6.7290134930271011 66.593070806249301 89 116 95 0.8574262640150585 14 6435 15 6650 17 8397 21 7808 13 6338 20 7859 16 7814 18 7793 22 7818 12 6648 11 7030 10 6746
2905 19.290548970052583 -5.6475115260848225 57.697724132631507 188 165 115 1.2367579158898858 14 6596 21 7977 13 6506 19 7916 20 8017 18 7967
2906 19.284443155117462 -5.644224752500592 57.673876902949765 188 165 115 1.1396777202857167 21 7978 13 6507 19 7917 18 7966
2907 -5.0855226696517715 -2.6015956438005747 62.288943701153549 64 63 72 0.886877805891224 17 8581 21 8003 13 6530 19 7932 20 8045 22 7988 18 7989 11 7195 10 6913
2908 13.456532556299297 -0.73245687910292889 61.550616353721864 69 77 97 0.7208326346931665 21 8023 13 6551 17 8598 19 7949 20 8065 18 8013 16 8034 14 6902 11 7215 10 6931
2909 13.980250348910324 0.14736809023094385 62.660586238018752 82 87 102 0.43823233116459037 17 8604 21 8028 13 6561 19 7954 20 8076 22 8017 15 6865 18 8019 14 6635 16 8040 12 6884 11 7227 10 6938
2910 20.203600025692435 6.1713895447301761 66.110682362209417 185 167 155 0.51164585920570549 14 6733 15 6948 17 8680 21 8137 13 6645 19 8047 20 8187 18 8106 22 7796 12 6975 11 7317 10 7009
2911 19.862017321665462 6.6115275264145756 67.978014364394781 254 254 251 0.54307028618174125 14 6737 15 6956 17 8686 21 8150 13 6648 19 8054 20 8200 16 8130 18 8112 22 8332 22 8139 12 6979 11 7321 10 7015
2912 20.557873457826631 7.1278046944478435 69.502399860151513 146 144 137 1.4851793165879184 14 6755 15 6975 17 8704 21 8164 13 6659 19 8076 16 8151 18 8136 20 8215 22 8149 12 6998 11 7341 10 6753
2913 21.257056917467843 7.1505538669861233 68.157489809430828 222 255 255 0.66509937759318027 14 6761 15 6981 17 8713 21 8173 13 6666 19 8085 20 8220 16 8157 18 8153 22 8345 12 6999 11 7345 10 7033
2914 19.275032538071358 8.8469201838158575 73.498716877265636 110 103 102 2.1507124341172603 15 7011 21 8205 13 6684 20 8251 14 6786 18 8363 12 7019 11 7375 10 7061
2915 18.880519936407538 -6.5474716593542546 56.926412924803159 191 176 115 1.7068099965760328 21 8264 13 6765 19 8179 20 8322 18 8235 12 7089 11 7444
2916 20.793304192467652 6.9437082749536723 67.989112282272345 114 107 92 0.71139743806180145 14 6983 17 8916 21 8366 13 6889 19 8295 20 8413 18 8333 22 8339
2918 19.720119809237222 7.5592254393051892 66.330583956707301 108 103 96 1.6649381112425325 14 7002 15 7204 21 8384 13 6913 20 8431 12 7220 11 7571 10 7281
2919 21.171117050507586 5.7578737893734271 66.926729233714568 120 114 102 0.671852943790472 14 7120 15 7326 17 9051 21 8502 13 7023 19 8418 20 8525 16 8499 18 8471 22 8472 12 7340 11 7678 10 7389
2920 20.301673094846372 6.3388371542315722 66.552690251534841 163 150 136 0.78409562611407724 14 7126 15 7336 17 9061 21 8505 13 7029 19 8427 20 8529 22 8478 16 8507 12 7344 11 7685 10 7394
2921 20.715054437589618 6.5687502926492929 65.658576013159333 136 130 124 1.0310463018412928 14 7133 15 7342 17 9066 21 8516 13 7036 19 8434 16 8512 18 8485 22 8488
2922 19.86161676302525 8.5765167747888498 75.505620969168888 255 254 249 0.93848308061794716 14 7146 15 7352 21 8522 13 7047 17 9081 19 8452 20 8549 16 8525 18 8500 22 8501 12 7370 11 7704 10 7412
2924 -5.3818512389681121 -3.2924598194008974 59.86599323520845 61 59 60 0.39248330662227471 15 7392 21 8444 13 7087 22 8424
2925 18.511135630980828 5.6398960062469863 73.235009585859444 113 111 109 0.74822546199212325 14 7232 15 7430 17 9043 21 8592 13 7120 20 8618 22 8574 16 8593 12 7449 11 7787 10 7503
2926 18.527334791524073 6.7911770338512758 73.96892603750571 106 108 103 0.40740849238118854 17 9162 21 8599 13 7131 20 8625 22 8583 11 7680 10 7516
2927 18.244635321090335 7.5781399040189461 74.83324550629213 113 111 105 0.509963280348531 14 7250 15 7445 17 9167 21 8608 13 7139 19 8547 20 8630 22 8589 16 8607 18 8583
2928 -5.9821941683506648 -0.89637897436433289 63.090599214624284 87 87 87 0.93474438559992024 14 7288 21 8646 13 7183 22 8617 16 8632 18 8611 12 7499 11 7833 10 7554
2929 -5.9808356964991383 -0.89154857067382531 62.914173468710651 87 87 87 1.2098952235169964 14 7289 17 9119 21 8645 13 7184 20 8663 22 8618 16 8631 18 8610 12 7500 11 7834 10 7555
2930 19.783081660918338 5.867728589939194 73.71925507319709 255 255 247 0.21263296175481117 14 7313 15 7505 17 9216 21 8665 13 7211 19 8597 20 8680 16 8651 18 8636 22 8639 12 7525 11 7859 10 7579
2931 19.91666805385842 8.1017910248912823 74.02219610112806 255 255 253 0.85787635737277634 15 7558 21 8677 13 7256 17 9268 19 8611 20 8728 14 7330 16 8664 18 8652 22 8691 12 7534 11 7904 10 7586
2933 20.477343823880666 7.1332487101551827 68.969056789218101 157 153 138 1.1316073991861562 14 7391 21 8738 13 7281 19 8671 20 8748 16 8732 22 8701 12 7602 11 7936
2939 21.184096959676019 7.3528113809976627 68.280820866192144 137 131 122 0.92015608580381381 14 5133 15 5304 21 6445 13 5081 16 6444 18 6309 22 6413 12 5324 11 5704
2940 18.995655379921949 -6.8731425861056028 57.899626787955746 64 63 77 1.855113513586703 21 6885 13 5435 20 6888
2941 22.223136313066529 9.6210509792585395 81.16035049153065 99 89 87 0.7490185142833593 14 7003 13 7055 15 7208 16 8385 17 8933 12 7377 18 8355 19 8320 20 8435 21 8387 11 7712 10 7419
2942 17.608548316897906 10.092245794391202 73.19906272270407 70 70 65 1.3933046551411934 21 8723 13 7261 19 8657 20 8732 22 8693 18 8702 15 7566 16 8711 17 9278 10 7622
2943 22.154484608212762 9.1730152609299491 72.023493346467149 77 75 73 2.1224030045924773 15 7590 17 9293 21 8740 19 8687 20 8750 18 8715 12 7624 16 8736 11 7957 10 7668
2947 2.8081734248673884 -10.640651844150652 62.554834458477941 119 107 101 1.050924508394536 13 19 16 18 20 18 12 21 19 20 22 19 14 19
2948 19.194925175448372 -6.2163370382051939 57.392261118302642 85 70 52 1.941657082801999 20 146 12 86 11 89
2949 19.372120102621203 -5.8507202073562139 57.243435011710957 79 71 48 1.409261520845571 13 114 20 168 12 104
2950 19.419295224218466 -5.7113341091511076 57.605390884434364 91 75 60 1.457868204879728 13 122 20 3203 12 111 19 3109 17 3594 18 160 21 5434 20 5426 18 5315
2951 -3.9518388650824945 -5.2499667358899966 62.55973136998945 80 86 97 1.6876918899444271 20 213 12 164 21 213 22 176
2952 -5.4093866047638901 -3.0224487297028348 61.699015441437055 152 153 156 0.43864194103695042 13 287 14 293 16 364 20 355 12 286 18 358 19 376 15 301 17 387 11 280 10 255
2953 -3.5587653635209464 -2.6564363144486793 61.986532308372524 118 117 118 0.45177808126587071 20 383 12 311 18 384 19 407 21 359 22 371 15 320 11 3140 10 281
2954 -4.1752203539666688 -2.5825238179138745 62.066139417137386 81 65 62 0.59708237683237431 13 317 14 330 20 395 12 318 18 393 22 380 15 332 19 416 10 293
2955 -3.855584134804745 -1.8889136997161178 62.136117400581128 96 97 102 0.31764976372087128 16 480 20 458 12 365 18 466 19 472 15 402 17 508
2956 -4.1496422867819795 -1.8078165399304544 62.178204374485986 73 57 70 0.10575558289793256 20 464 12 369 22 462
2957 -6.1055308725840121 -1.611816672885499 61.580136175872937 176 171 163 0.43909348238616058 13 386 16 3503 20 3412 12 377 18 3285 21 3392 22 3337 17 3807 14 407 11 403 10 3068
2958 -6.1939052844404348 -1.4875471103766484 62.062032543985381 88 79 70 0.47806079132094742 16 523 20 478 12 383 19 498 21 462 11 412 10 392
2959 14.749623321546466 -1.5029753262776306 61.122023900888053 114 129 188 1.0484099864598306 20 486 12 388 18 505 21 472 22 498 11 419 15 423 10 396
2960 17.089957142253102 -1.1286913717210747 66.351595781877506 166 181 200 1.062510922171896 20 524 12 422 19 547
2961 16.416304555818737 -0.58444087484514506 59.827043971419009 106 124 141 0.80290100899865158 13 445 20 567 12 450
2962 14.155179387945379 -0.38789942593063453 61.876427662405391 192 182 192 0.61002771115015997 13 465 16 624 20 593 12 471 19 3429 21 564 17 3892
2963 -6.2056888628730213 -0.23323580353342671 61.913528012473485 190 180 180 0.18271682175986065 13 476 14 484 16 642 20 586 12 481 18 589 15 496
2964 -4.0347795572271892 -0.21261525365037121 62.158619232459777 94 70 54 0.6321322945512875 20 589 12 485 18 591 21 555 22 3452 16 644 10 3165 11 3304
2965 -5.5321407596022354 0.72967408469041817 61.758764538789144 112 107 109 0.12573790436614871 20 656 12 546 18 694
2966 -5.2978523875776435 1.9510730682793693 62.287130112511782 146 126 124 0.11735254243861452 20 801 12 641 19 823 21 772
2967 -5.2978523875776435 1.9510730682793693 62.287130112511782 146 126 124 0.11735254243861452 20 802 12 642 19 824 21 773
2968 6.5037240595639272 2.3917599171743933 62.063680532965591 100 104 112 0.71342019583517979 13 697 20 3806 12 706 15 716
2969 6.5076402687036126 2.394412287505598 62.086623609948553 100 104 112 0.50319453179004292 13 696 20 3807 12 707 16 929 15 715 17 934
2970 -6.2823571831673366 3.1447016404316752 61.759956639798801 185 179 176 0.34536151369504209 20 1003 12 834 19 1022 21 993 22 1043 18 1027
2971 16.343122748204038 2.8412179022738626 60.18704998568689 143 149 148 0.2113749104113469 14 3183 20 1025 12 841 18 1046 19 1054 21 1033 13 802 16 3972 15 3308 17 1135 22 1103
2972 -2.2780431630899707 3.3604173502797119 59.800234023657715 255 235 210 0.14750112327111975 13 846 20 1045 12 887
2973 -1.2044463894168147 3.5858520819529898 60.040703355914786 253 248 238 0.16942212227950482 16 1217 20 1088 12 924 17 1261
2974 6.6678208714072937 3.3579489085998229 56.689600088697368 82 83 86 0.37118984993504289 13 888 20 1101 12 929 18 1141 22 1169
2975 7.3560249266503757 3.3986540403290184 56.153010576768985 112 96 80 0.38381019795156007 16 4076 20 1131 12 950 18 1166 19 1172 21 4063 22 3985 15 4914 17 4443 11 5284
2976 -1.2169246482333156 3.7348281797020011 60.055360008480257 178 164 147 0.22402686413458869 20 1109 12 953 21 1127 22 1178 18 1165 17 1308
2977 18.886040712968569 6.8233586798161197 73.556965229111057 165 165 159 0.34561927176366508 20 1705 12 1408 22 1788
2978 20.257888600978092 6.5426327183392603 66.191962534608621 179 161 148 0.4799694767154089 13 3603 14 3655 16 4560 20 1897 12 1571 18 4447 19 1916 21 1933 22 1992 15 3780 17 4955 10 5394 11 5629
2979 21.46103572519004 6.6409687010867424 65.236173030263686 169 168 158 0.64226962434793033 16 4635 20 4644 12 1673 18 4533 19 4529 21 4699 17 5036 10 1795
2981 -0.94327077430837925 2.0628823829067824 14.57920192403726 38 8 150 0.23668319049307335 14 2221 12 2362
2983 -5.6618384882349382 -3.9264783594639709 61.261873315733865 108 103 78 0.62210677816870763 20 3274 12 2833 18 3133 16 3360 17 3670 15 2781 13 2561 14 2687 11 3098 10 2967
2984 -5.6669712472532776 -3.9304333691647373 61.381287544537606 108 103 78 0.68990287396967953 20 3275 12 2834 18 3134 11 3099 15 2782 13 2562 10 2968
2985 -5.1672100085816446 -3.7637181628549441 61.679075154650583 137 129 106 0.57441424746099079 20 3292 12 2838
2986 -4.9000662510934259 -3.540542668313436 61.218803155376072 115 112 112 0.55130927940565866 13 2579 20 3298 12 2844 16 332 18 329 19 3189 21 3278 22 5431 14 2706 15 271 17 346 10 232
2987 -3.453330903858657 -3.36351322542777 61.56763275795322 213 210 186 1.1969104883026096 20 3303 12 2850 22 3224
2988 -4.8231848026193358 -3.0904828925478118 62.883755480537573 108 103 112 0.44649303209728269 13 2589 20 3318 12 2858 21 3303 22 3242 14 296 15 304 16 368 17 390
2989 -4.8984940202682168 -2.9651888914416791 62.711435871507099 67 57 62 0.48271760093316174 13 2596 20 3329 12 2862 19 3218
2990 -6.0872763785448853 -1.9405495537774695 61.633771435387132 68 68 90 0.51609491785309225 13 369 14 383 16 467 20 3382 12 2909 18 3260 19 3275 21 3365 22 3313 15 395 17 494 11 370 10 350
2991 -5.4958828987251227 -1.4323924827390884 62.386161729326332 104 93 89 0.48716343348887553 16 3513 20 3429 12 2936 18 3298 21 3423 22 483 15 2904 17 552 11 3216 10 3077
2992 14.89924551673275 -1.1899675693765193 61.141642100919569 50 79 121 0.82774638718972016 14 4481 16 3535 20 511 12 2960 18 3333 19 3364 21 500 22 520 17 3844 11 456 10 3106
2993 16.240737745103704 -0.45652302189611127 59.847091377467642 108 125 145 0.7429967225164259 13 2723 14 2863 16 3572 20 3525 12 2996 19 590 15 2969 17 632 18 3382 21 3530 22 592
2994 13.913905006431653 -0.08383725016096337 61.838303657888858 175 178 187 0.63105031252013899 13 2751 14 2898 16 3605 20 3562 12 3018 18 3417 19 3463 21 3560 22 621 15 520 17 3918 11 3318 10 523
2995 16.162486748651176 0.3256206058162831 59.990193131360584 151 165 179 0.69757381503228266 16 3640 20 3608 12 3055 18 3454 19 3497 21 3599 22 3537 11 3359 10 3213
2996 16.461784853835436 0.3547870804273543 60.170023468664603 117 124 146 0.45788016818341493 20 3612 12 3057 19 3500 17 3958 16 686
2997 16.349284885112731 0.68267613400576876 60.379581654990396 116 124 136 0.56663248097972141 13 2812 14 2933 20 3651 12 3090 18 3499 15 3055
2998 16.521360207698695 0.68388541057963503 60.183115642881482 117 124 140 0.61383628333658313 13 2813 20 3655 12 3095 16 3672 14 4543 15 3058 18 5526 11 615
2999 -5.7344697048842352 2.0580783544710921 62.306279635787114 92 78 75 1.3542814500781948 16 3783 20 3753 12 3187 18 847 22 3682 11 3473 19 3647 21 3765 22 830 10 4913
3000 -4.6950210550002556 2.420322844796555 62.97336818844569 121 98 75 0.32965317784230813 20 3797 12 3220 19 3701 21 3809 17 4155
3001 -4.157246435019271 2.5718904170904002 62.648484578454912 150 140 140 0.26227387928485013 14 3087 20 3815 12 3233 21 3826 22 3759
3002 19.036094658122199 4.0012565832901519 69.848388600943252 91 97 99 0.91931440101588213 13 3166 14 4735 16 5944 20 5967 12 3401 21 5953 17 6431 15 5934 16 7066 17 7615 18 3919 19 1197 21 7108 22 7075 11 5289
3003 6.4258996625600879 4.994803380322975 62.154481936261654 128 129 132 0.35168183162299432 14 1196 20 1406 12 3561 19 1469 21 1426
3004 19.523697230226734 5.5955849240273645 68.136444803042167 95 100 94 0.34314335617827729 13 3383 14 3444 16 6205 20 4315 12 3606 18 6088 19 6070 21 6186 22 4282 15 3555 17 6677
3005 21.570071670149332 6.8172054624082801 65.918843409310483 124 120 111 0.74146739992398714 13 3677 20 4660 12 3909 11 1937 10 1844
3006 20.742880964266213 7.5724348645415951 69.946913075768748 160 152 145 0.82064531313473776 13 3718 14 3763 16 6438 20 6445 12 3945 18 6304 19 4574 21 6436 22 6410 15 3890 17 5093 11 4297 10 4117
3007 -1.9374401215743586 0.69519162215202512 5.1796069220032717 0 0 0 0.057870150030870524 13 4057 14 4107
3008 1.6459953429216816 5.1511329660409793 35.612036550146072 86 68 185 0.58571816375508379 20 5129 12 4327
3009 19.11957721869716 -6.3384877743471693 57.356317277657581 83 60 33 1.574782334010395 13 4296 20 5406 12 4510
3010 15.039657825733045 -1.6561432311164024 60.851090976211239 30 85 202 0.62117131086069854 14 4464 16 5495 20 5537 12 4604 18 5418 19 6833 21 6970 15 4606 17 5989 17 7476 11 4982 10 3069
3011 16.405951662413873 -0.9475513656632657 60.30817901181809 120 138 151 0.61538054158927147 13 4396 14 5630 16 6933 20 5571 12 4627 15 5802 17 7483 18 6861
3012 16.482189412453806 -0.68090940767148278 60.393064787095419 73 93 110 1.0047254496907054 13 4409 16 6936 20 6998 12 4631 18 5457 19 6846 21 5586 17 3868 11 6216 13 5529 10 5924
3013 -6.2543190853693034 -0.35436075873958672 61.654816249500207 64 62 60 0.33995950536889863 13 4425 14 4514 16 5546 20 3506 12 4644 11 5037 10 3155
3014 -5.9640426154568456 1.296301355566402 62.102513413709261 83 66 65 0.29310507215460924 13 4500 16 3714 20 5652 12 4708 19 3566 14 2967 15 4730 17 6124
3015 -5.2632398458686005 1.3265076916985645 62.26514392242359 85 66 59 0.36536475196749557 20 5658 12 4710 21 5659 22 3597
3016 16.363362374862547 1.4582008519959058 59.689598331323431 79 86 92 0.56531821811378113 20 5687 12 4728 18 5572 19 5527 17 6152 16 5634 10 4897
3017 16.710155408886738 1.5302605377479681 59.382303985341956 88 87 117 0.49463509455794691 20 3749 12 4730 21 5686 22 5641
3018 -5.3334776745042074 1.8232292681153122 62.081949954628222 92 68 65 0.42777589546146594 13 4534 14 4587 16 5641 20 3731 12 4731 21 3740 15 4755
3019 6.5849762993359739 1.9972655342559631 63.098150776583267 64 68 76 1.0697798889483416 13 2915 16 3763 20 5695 12 4741 18 3615 19 3645 21 3764 22 3687 17 4105 17 4107 16 3770 15 3150 11 5138 10 4910
3020 -4.9721010738158924 1.9573044765424965 62.644435519381418 202 181 175 0.23772368805980088 13 4543 14 4597 16 5654 20 5692 12 4743 18 5581 19 5533 15 4762 17 6168 10 4907
3021 -4.1295691644271741 2.4083072147928788 62.24647566647306 89 77 79 0.39364004093374921 13 4581 20 5731 12 4769 19 5566 21 5714 22 5663 11 5169 10 3377
3022 6.1527345056367526 3.8511250914388651 62.662312797277572 62 63 66 0.27565050215895798 13 4694 20 7130 12 4892 18 7005 19 6982
3023 1.7577488086551629 3.9330188680865188 55.78696304690682 125 98 89 0.26505998490187554 20 6024 12 4968 21 6005 22 5964
3024 1.3649279238092151 3.966172397063112 55.808095834636461 121 98 97 0.43523370213354767 20 4121 12 4979 19 5900 21 4155 22 4074 18 5951 17 6546
3025 19.692142513625026 6.429277038663046 67.79674742032573 123 127 107 0.90975800347920344 13 4967 14 5005 16 6304 20 7276 12 5202 18 6181 19 6160 15 5172 17 4888 16 4487 19 1813 21 1832 20 1782 22 1881 11 4112 10 3941
3026 20.5605646437517 6.3927075452929119 65.545257951509512 174 160 146 0.72851416601852237 14 3642 20 6335 12 5230 18 6216 22 6314 15 3769 11 5630 10 5392
3027 20.861278165209018 6.3335121013664084 63.400764995672361 99 94 89 0.63725217713843563 16 6380 20 6371 12 5266 18 6241 21 6376 15 5239 17 6850 11 5658 10 5420
3028 14.306564906644466 5.0157372594779481 43.490729202849899 97 88 92 1.1421004671569515 16 6589 12 5451
3029 17.497306973392838 8.0658233460730084 65.431526312707504 255 255 252 2.1023495044078171 20 6589 12 5469 21 4956 11 5851 10 4304
3030 10.250366414058238 7.3693629434728294 54.624802330014163 92 83 69 1.5912041399809753 20 6645 11 6682 10 5658
3031 4.4537196661632947 -12.193523075900293 62.854380377862128 61 57 51 0.85596636122773739 20 5374 12 5709 18 5257 19 2993 21 5383 10 4620
3032 -3.9443252681767622 1.8783064492872041 62.304400523342302 77 66 64 0.62002291714568292 20 7062 12 5889 19 6899 21 7040 22 6999 11 6886
3033 -6.1198434585049508 3.1674947911600433 62.085402749078689 188 183 173 0.33508415364360877 20 5793 12 5932 16 5786 19 5646 21 5774 15 4849 17 7583 19 6952 11 6304
3034 17.950495742929029 3.8785499954147116 71.984478034549667 244 249 249 0.67294216630000514 13 5629 14 5735 20 5892 12 5945 18 5781 19 5744 21 5878 15 5906 22 5845 16 5865 11 6327 10 6033
3035 19.864494369143117 6.5801496115439901 66.297373661251683 218 203 183 0.49253132932913152 13 5801 14 5906 16 7251 20 7310 12 6109 18 7230 19 7180 22 7248 17 6817 11 5634 10 6223
3036 20.232309405829458 7.8363647408894108 72.184052731288304 153 158 149 0.78618668695562965 13 5840 14 5948 16 7311 20 7358 12 6152 19 7225 22 7289 15 6150 17 7865 18 6299 17 6919 11 6538 10 6250
3037 -4.7204758053029714 -3.5222584327714666 62.473186769588651 91 92 97 0.69218586133805482 16 7570 20 6952 12 6407 19 7510 21 6944 22 6887 17 7459 11 6171
3038 15.62370379938195 0.07297187620309116 60.460650927134459 61 78 95 0.51229417034932145 13 6147 14 6245 16 7612 20 7675 12 6458 18 7602 19 7563 21 7629 15 6456 17 8182 11 6851 10 6571
3039 -6.6841438384937675 3.1306349234291395 55.673956921717085 98 96 91 0.29891322869848919 14 6317 16 7689 20 7749 12 6527 18 7676 19 7641 21 7702 22 7691 15 6535 17 8265 11 7261 10 6959
3040 18.324813179130793 4.1383062956886683 72.823809384358967 101 110 111 1.0286459129866072 13 6229 14 6321 20 7755 12 6529 15 6539 17 8273 11 6337 10 6048
3041 18.504909900731022 4.5771807609413138 73.702377753485592 248 255 255 0.55604857220492432 13 6241 14 6327 16 7697 20 7763 12 6543 18 7688 19 7651 21 7716 22 7706 17 8281 15 6544 11 6930 10 6634
3042 20.788029722596633 6.3864853246802467 63.751393998878598 99 94 87 0.6148316169582112 14 6754 16 7816 20 7329 12 6646 15 6976 17 8398 11 7340 10 6744
3044 -4.1062726342353688 -3.5797718906462008 60.723562509701061 121 112 94 1.2957565241725788 20 8037 12 6847 22 7980
3045 -6.3951439371035761 -1.559500255587652 60.674377437233886 62 61 63 0.92029066771139389 13 6539 14 6899 16 8026 20 8054 12 6862 18 8262 19 8213 16 8292 10 7168
3046 20.992536943959582 6.1057031416643719 65.070973534509321 110 109 114 1.1021704226438169 14 6735 16 7792 20 8199 12 6978 18 7774 19 7736 21 8148 22 8133 15 6951 17 8376 13 6873 12 7189 11 7006 11 7537 10 7242
3049 20.57255871407725 6.028373009793575 65.988374776124502 113 106 99 0.36684953785978086 20 8186 12 7183 19 8046 21 8133 22 8121 11 7533 10 7238
3050 19.141349309300679 4.5043479451059865 74.116016087615606 106 115 115 1.398121230031486 13 7012 14 7112 16 8487 20 8512 12 7325 18 8457 19 8403 15 7316 17 9041 22 8459 11 7660 10 7375
3051 -2.0127678779228986 0.95902008100531755 6.2041734615381774 0 0 0 0.1002599717228306 14 7279 16 8423
3052 13.829889909974005 -0.83818206083215197 60.479157942709712 73 79 95 0.80510563804273605 13 7095 14 7197 16 8569 20 8585 12 7420 15 7397 17 9123 11 7760 10 7469
3053 19.817400744091874 5.8776246826569309 73.833910912058514 255 255 249 0.19055195012949352 14 7314 16 8652 20 8681 12 7526 18 8637 21 8666 15 7506 17 9217 13 7212 11 7860 10 7578
3054 17.606830521904723 -3.2489401084814467 61.855976798039343 72 87 98 2.2121591606660664 14 7377 16 8745 20 8760 12 7611 18 8720 21 8749 17 9299 15 7574 16 8718 19 8678
3055 17.385757334789471 -5.6541524747577263 52.812156209772333 213 190 167 2.5097131857652832 20 8758 12 7626 19 8677 11 7959 17 9306
3056 -4.8866738543437549 -3.196073303250742 62.151393934641781 67 65 71 0.53670817578013952 16 6905 22 6895 14 5598 21 6949 13 5489 12 5782 18 5382 22 5438 14 4434 20 5486 19 5337 15 4584 11 4936 10 4709
3057 7.3995955091441914 3.5815074713004238 56.989502063108596 255 246 212 1.1144587735066178 21 5941 13 4713 12 4908 17 7618 34 6752 33 6971 19 6988 16 7070 35 6824 11 5305 10 5077
3058 7.3995955091441914 3.5815074713004238 56.989502063108596 255 246 212 1.1144587735066178 21 5940 13 4712 12 4907 17 7617 34 6751 33 6970 19 6987 16 7069 35 6823 11 5304 10 5076
3060 19.597127548414107 9.1445363459272855 69.981649148921633 107 107 102 2.0559539836612557 13 6721 14 6824 20 8276 12 7045 16 8224 19 8138 22 7915 17 8774 15 7044
3062 4.675021715679943 -12.355496536268571 63.244948677702929 74 65 58 1.074864687635156 15 0 19 0 11 0 18 2941 10 0
3063 -5.2481074940817898 -3.8611727139997263 61.881424790664333 251 247 231 0.53382018990911939 12 226 19 307 11 228 16 299 10 202
3064 -5.295031720945703 -3.7553962835585293 61.582081225054303 126 116 82 0.68428070266777397 19 313 11 238 18 309 16 318 10 213
3065 -3.7029322422799296 -3.7420947727110292 60.949560827548979 232 225 211 1.0997419416726242 19 315 11 241
3066 -5.5822961576541736 -2.5954483594848394 61.786244040022083 132 138 144 0.35429999964154696 19 410 11 304 17 413 18 389 20 384 16 394 14 323 15 329 10 285
3067 -5.7533662643207162 -2.4570474509596019 61.336264381787473 62 68 75 0.76185915645311786 19 421 11 321 20 401 22 385 10 307
3068 -5.0777459247430627 -1.5687938095699607 61.793753179127798 87 63 61 0.44482000046224462 19 492 11 407 17 536 18 492 21 460 16 512 10 384
3069 -4.4707292341093847 -1.4806277196334079 62.164194399041925 78 54 53 0.55666960187359971 19 501 11 414
3070 15.131061991940765 -1.5241057343439284 60.775226613559191 229 248 255 0.96566088006098572 19 3327 11 417 18 502 20 485 16 517 21 470 14 412 10 395
3071 -4.2249512195807668 -0.14351429638268426 62.250538551241057 235 216 211 0.24274660078198487 15 504 19 601 11 521 17 667 18 601 14 492 16 652 12 489 22 588 21 566 10 503
3072 13.877744471543776 -0.10326142293995078 62.073159651821257 71 76 94 0.80933868679692544 19 622 11 541
3073 15.759288059798331 -0.11226914404570623 60.548247787264941 146 167 188 0.74594834005647848 19 3465 11 543 17 3919 20 3565 13 2752 15 4672 16 3606 18 3420 14 2899 12 3019 10 524
3074 15.628494331219715 0.26371268688744864 60.801109403283355 171 192 207 0.68836368899399958 19 648 11 567 17 701 18 3444 20 3596 21 615 16 3633 13 2774 12 527 14 523 15 530 10 554
3075 -5.3712819856787455 0.84857855857100684 62.698744988651612 73 62 68 0.51913078503889942 19 674 11 601 18 3486 21 639 22 3551 20 3627
3076 4.7887474978868969 1.757749679591424 63.080036750089029 143 147 153 0.10958068821126721 19 798 11 703 10 677
3077 3.4883833224499172 1.8021910100381446 63.471569801092095 75 78 91 0.29909998498589624 19 800 11 706 20 771 21 3729 10 681
3078 -4.2114379424757189 2.4242627131928081 61.98690807558414 85 70 69 0.281592256583439 19 904 11 816 10 773
3079 -0.6154421800349148 3.3187736400301033 59.99652377789397 130 117 105 0.5620002604343427 12 3348 13 3106 15 3332 19 1083 11 1006 18 3837 14 4688 16 5826 22 1098 10 940
3080 -0.6060528457332568 3.5092961169305008 59.877122103744895 133 120 108 0.37981593366415151 19 1110 11 1045 18 3864 20 1068 21 1075 22 1128 10 3549
3081 -1.6339660485141168 3.0921333093858516 52.31291550266392 235 214 197 0.79271677321410339 19 1120 11 1058
3082 -1.2851074996732033 3.8359245451638042 64.385852730918302 235 214 197 0.38756228125167008 19 1133 11 1059 10 995
3083 18.245874829935214 4.0092103377058628 70.186600067288097 155 163 165 0.2664179386239085 19 1190 11 1089 10 1042
3084 6.888180917079902 3.5444234731220319 56.956818083258028 115 102 96 0.4972917737129316 13 928 15 3384 19 1194 11 1106 18 1187 14 955 16 4087
3085 19.466373345533963 3.6751345993172988 59.230083366008429 243 246 255 0.61361884266882161 12 1085 13 1030 19 1355 11 1234 10 1173
3086 1.5440816968926665 4.0176833872690167 56.187256385092347 253 224 199 0.39054440775121169 12 1096 19 1316 11 1236 14 1056
3087 20.620970537315223 6.5227284819883407 65.668901101356184 112 107 99 0.67816998108070281 15 1595 19 1933 11 1825 21 1950 14 1520
3088 19.439780875974837 8.2208592011469719 75.195336954039277 103 103 94 1.052930310431669 19 2055 11 1956 10 4086
3089 3.0753620043744951 -10.600385588296085 63.645887008421212 88 99 124 0.58865845461453326 19 3003 11 2965 18 5258 20 5379
3090 2.7516460535896976 -10.379613185193092 62.651539598975084 84 89 114 0.73498688622177188 19 3007 11 2966 15 28 17 3500 18 2954 20 5381 16 3186 10 2840
3092 4.8070776469452845 -7.7396829374692411 62.05871508188843 96 120 160 0.27688530413090351 15 2672 19 3073 11 3000 17 3558 18 3021 20 3161 21 3158 16 3241 10 2868
3093 18.765179081240753 -5.9487030033873101 58.194471581888507 79 55 61 1.503079315039815 15 2704 19 3107 11 3038
3094 -4.2322558854480068 -4.0173372907817377 62.397568646903096 215 212 199 0.53227491838326424 12 2835 15 2780 19 296 11 3100 17 3671 20 3279 14 237 16 3365 13 226 22 3192
3095 -5.8473222512206888 -2.9039867055034101 61.039421081946273 52 51 59 0.51770524392799844 19 3215 11 3121 18 3193 21 3306 22 3245 16 3410 10 2986
3096 -4.8911424580434115 -2.9552088309176376 62.502904125026006 59 51 56 0.54609743419683443 12 2863 13 2595 19 3219 11 3124 17 3722 18 3194 20 3328 21 3307 14 2724 16 3411 15 2823 22 3248 10 2990
3097 -5.9480514413613701 -2.0280987183501278 61.637505985500368 79 83 114 0.47779723611821628 19 3268 11 3187 20 3379
3098 -5.5026915457494976 -1.7748923551299036 61.142183967415122 75 48 49 0.50501603816618235 19 3289 11 3201 18 3279 10 3058
3099 -5.5026915457494976 -1.7748923551299036 61.142183967415122 75 48 49 0.50501603816618235 19 3290 11 3202 18 3278 10 3057
3100 -4.2330139562600646 -0.26477643271626955 62.010633191091479 98 74 56 1.062266230620559 19 3426 11 3300 17 643 20 3519 21 3517 16 5548 13 2732 15 493 16 631
3101 -4.5843291592708812 0.78904924060632164 62.256354766658596 176 160 156 0.20155166566554583 19 671 11 3372 18 3476 20 667 22 3544 10 3224
3102 -5.8746163098557584 1.0355781185206439 61.416946813115587 77 63 64 0.16415848896603968 19 3543 11 3393 20 3653
3103 -5.5952048015601719 1.1601917093370027 61.431732842709067 111 92 90 0.35092299447520087 19 3558 11 3397 17 4023 18 3521 20 3661 21 3658 16 3693 10 3255
3104 -3.7214231688228963 1.2044708502542214 62.263088389977504 142 129 131 0.27789692666237181 19 3559 11 3402 20 3662 21 3663 22 3587 10 3263
3105 -6.0751911270358185 1.292741659408758 62.079440472002403 82 63 63 0.44213012541733465 19 3572 11 3414 10 3269
3106 6.2204902101576867 2.4156722805927351 61.515857091703332 61 65 73 1.2378987227585114 19 5572 11 3516 20 3808 22 3754 21 868 10 4944
3107 -2.3785266459910503 3.0735281961871048 59.421291619214678 114 93 73 0.72235294600105404 19 5647 11 3610 20 5794 21 5780 10 892
3108 -6.5995681919342797 2.8440654541635193 55.629596035980335 234 237 219 0.37655699314354768 12 852 19 1030 11 3626 18 1041 17 4342 22 3849 10 3495
3109 6.2339639465448613 3.7220105357240789 62.953693273877064 117 118 122 0.27817753313207211 12 3390 19 3898 11 3686 18 3868 21 4020 16 4057 15 3369 22 3954 10 3559
3110 6.2339639465448613 3.7220105357240789 62.953693273877064 117 118 122 0.27817753313207211 12 3389 19 3899 11 3687 15 3370 18 3869 21 4019 16 4058 22 3953 10 3560
3111 -1.6367700597662429 3.9314295887752273 64.093372226784808 119 101 88 0.58260757831247645 19 3908 11 3702 21 4030 10 3574
3112 -1.6367700597662429 3.9314295887752273 64.093372226784808 119 101 88 0.58260757831247645 19 3909 11 3703 21 4029 10 3575
3113 5.9242158192452337 3.913894620531742 63.238875695127739 126 127 132 0.25225578347609751 19 1171 11 3713 18 3906 20 1130 21 4060 22 1195 10 3580
3114 -1.482776341980387 3.2142171644080428 51.78001653384208 186 167 159 1.1902059608585567 19 3933 11 3718 17 4451 10 3584
3115 6.5235013442273946 4.1570573707100449 62.887789819909145 143 146 149 0.11978614073076797 19 1251 11 3777 10 3630
3116 6.5235013442273946 4.1570573707100449 62.887789819909145 143 146 149 0.11978614073076797 19 1252 11 3778 10 3631
3117 5.4533401714329575 5.1748959144538 63.093315332609777 176 169 177 0.15032930040914658 19 4143 11 3923 10 3773
3118 5.4643989583017323 5.1820429337394645 63.14571791059096 176 169 177 0.25899249266803431 13 3339 19 4142 11 3924 17 4648 20 4227 21 4256 12 3571 22 4170 18 4123
3119 17.702084779959506 7.6774344408717834 75.366483252395255 116 111 106 0.55334140319211911 12 3812 13 3590 15 3750 19 4423 11 4149 17 2069 18 4417 20 4528 21 4571 14 3639 16 4533 22 1923 10 3972
3120 19.533134408172138 6.8357416387062671 67.689773587886918 135 142 134 0.9359599471997907 12 1598 19 6218 11 4181 20 6350 22 4543
3121 20.081770196064888 7.5639097132882886 74.005163293130806 122 137 134 0.73906633886256445 12 5252 15 5223 19 6216 11 4183 18 6224 20 4576 21 4615 13 5805 16 6353 17 7818 22 4537 10 5409
3122 18.711137294284931 7.8371299784754136 74.787042754560289 158 128 100 0.64138308368311647 12 3857 13 3628 15 3807 19 4479 11 4191 17 2161 18 4479 20 4588 21 4627 14 3677 16 4588 22 4554 10 4026
3124 4.8123113172474223 -6.6634090873049416 62.713706874283673 172 247 255 0.20446453409854723 12 4525 13 4308 19 6760 11 4893 15 5744 17 7424 18 6791 22 6858 10 4662
3125 -5.5390438163269469 -2.8520273093481623 61.574124742130692 66 72 79 0.50484154709986195 12 4571 15 4587 19 5343 11 4944 18 5390 16 5463 10 4718
3126 16.304225801017676 -0.57512650917399744 60.468880274284736 76 99 120 1.1540532686288258 19 5430 11 5032 10 4794
3127 -5.8103574447549118 -0.38490010663554342 61.31575032081939 71 60 55 0.57829583492953851 12 4642 13 4423 15 4661 19 5427 11 5034 17 3889 16 5545 10 4800
3128 -5.7943097657159743 -0.38370894942915695 60.959360417757331 71 60 55 0.6241262408985454 15 4662 19 5428 11 5035 13 4424 12 4641 10 4799
3129 -5.247946409216075 0.0050873434361126679 62.434631813321516 139 122 122 0.19255106742526301 12 4659 13 4438 15 3010 19 3452 11 5054 17 3921 16 3616 10 4820
3130 16.184472450853338 2.3760712276817619 60.294918318996721 70 79 85 0.85605151301896099 19 5597 11 5183 10 4953
3131 -1.9269312827093272 2.7568751069919402 59.85473316966722 119 98 92 0.11384772388699899 19 3748 11 5189 10 4961
3132 18.114666911533416 3.8340910820492358 71.02554451991638 248 253 255 0.64850103592327091 12 4859 13 4665 19 5752 11 5261 17 6370 18 5788 21 4035 14 4704 15 4889 16 5869 22 5852 10 5025
3133 20.039239213655254 4.1859704564892128 72.022126941806022 90 95 91 1.1717651246539866 12 4903 19 6991 11 5299 17 8278 18 7684 20 7141 21 7113 14 4736 16 7072 13 6232
3134 6.3387253189070272 4.2472878721139722 63.509360423675567 67 68 73 0.69028252566145953 12 3444 19 5863 11 5341 17 6503 18 5915 20 6005 21 5984 16 6026 10 5111
3135 1.3255618573426449 3.8609500817802385 56.058543247859156 255 235 219 0.56409963476413127 19 5872 11 5357 18 5934 20 6011 21 4130 22 4051 10 5136
3136 6.2328675827117284 4.4691375349368752 61.506016237295242 72 75 80 0.39001504236691859 19 5926 11 5415 18 5972 20 6058 10 5172
3137 6.2328675827117284 4.4691375349368752 61.506016237295242 72 75 80 0.39001504236691859 19 5927 11 5416 18 5973 20 6059 10 5173
3138 5.5368510026693567 5.3666323760628574 63.413374714326658 93 86 88 0.5887388027054925 19 6012 11 5477 15 3537 17 4664 18 4136 20 4245 16 4285 22 4189 12 1231 10 5239
3139 17.209556797728112 7.6258008138951254 76.571297582602867 108 111 97 0.36006421713345405 19 6166 11 5606 18 4379 10 5366
3140 20.11276114511595 6.5524765699546155 66.377176548531324 198 191 174 0.68062576881215464 13 5000 19 7176 11 5636 17 6811 18 7227 20 6342 21 7288 16 6341 22 6318 10 5393
3141 21.112203297542496 6.8659336822689463 66.243480678411174 143 142 136 0.44388890667695163 19 7217 11 5683 15 5278 17 6885 18 7263 20 7354 21 7331 22 7285 13 3672 16 6419 12 3900 14 1614 10 5448
3142 5.4701356367203067 -9.9795465173066198 61.178592183516635 225 197 174 1.140825330585445 12 2700 15 35 19 3013 11 6098 17 5845 18 6759 20 5383 21 5386 13 26 14 28 16 6841 17 7395 22 5323 10 6470
3143 -17.746032771432475 -7.6665857447377252 68.455579135167852 122 110 124 1.2276840675073775 13 4286 15 4528 19 5267 11 6108 17 5873 18 5289 20 5403 21 5405 16 5384 22 5350 34 5024 33 5270 35 3148 10 5817
3144 -15.445444007513421 -7.3804474546049805 68.90034222751359 255 224 188 0.50608678906112514 12 5732 13 5446 15 5737 19 5275 11 6116 17 5884 18 5301 20 3180 14 5549 16 5390 21 3181 22 3102 10 6484
3145 4.9233371636524144 -7.2439505920037854 62.879189984507356 215 225 251 0.1983887790021556 12 5736 13 5448 15 5736 19 6748 11 6118 17 7415 18 6778 20 6898 21 6897 16 6859 22 6850 10 6486
3146 18.626445446538128 5.4410288906380693 71.932505836848165 136 137 125 0.44170243321878749 15 6011 19 7058 11 6411 17 7679 18 7109 20 7189 21 7169 16 7139 22 7130 10 6125
3147 3.6248020884013634 -10.903953420393593 61.638837620205237 191 169 127 0.63857768574405438 13 6063 19 7472 11 6765 10 6468
3148 -4.2684745369487036 -4.1973302439653404 61.840739589848134 57 63 74 1.11152488324412 19 6789 11 6794 18 7541 21 5469 22 7546 10 6512
3149 16.185315582725597 -0.30131241254775576 60.907998940368032 65 88 113 0.88200209461584822 19 7552 11 6843 15 6450 17 8173 18 7585 20 7664 16 7604 21 7616 14 5643 12 5830
3150 15.868205663821769 -0.29978177839597697 60.553316532088907 68 90 120 1.0248654498614178 19 7551 11 6844 15 6449 17 8172 18 7583 20 7662 21 7618 16 7603 13 6140 14 6239 12 6451 10 6565
3151 15.848157982663437 0.096582722442571822 60.335436070756984 64 85 104 1.0675405473177877 13 6150 19 7566 11 6852 17 8189 18 7604 20 7676 21 7630 16 7615 10 6572
3152 15.938673008386283 0.099218079400851228 60.604061260413751 64 85 104 1.0374641161559253 12 6460 19 7567 11 6853 18 7605 13 6149 14 6248 16 7616 15 6459 17 8188 10 6573
3153 15.881821544986312 0.45035681113037496 60.236999043646776 73 86 101 0.75857297512055721 12 6471 19 7578 11 6865 18 7611 13 6163 14 6258 16 7625 17 8195 10 5950
3154 19.385036386075654 6.7222086043296834 67.404723557983033 128 134 132 0.51228449541430854 12 6634 13 6330 19 7744 11 7020 17 8392 18 7784 14 6742 16 7802 22 8145 10 6737
3155 16.612366297033404 8.7164259623953182 78.472169703448969 102 94 93 0.76534697391914264 12 6667 13 6350 15 6658 19 7757 11 7039 17 8404 18 7803 20 7861 21 7317 14 6443 16 7824 10 6756
3156 -15.297915181127669 -7.7100323307968655 68.304303343007476 255 232 175 1.2189122640749361 12 6806 13 6486 15 6807 19 7476 11 7158 17 8555 18 7959 20 8009 21 6888 14 6584 16 7993 22 7514 10 6875
3157 -1.9384108442885535 3.1155114510732074 59.804677795453337 104 93 91 0.25958682992263898 15 6897 19 7980 11 7252 17 8631 20 8116 14 6659 16 8068
3158 14.511200316881135 3.3078138908873784 49.343811265558827 95 104 114 0.78959418158302608 19 1423 11 7284 10 6980
3159 19.885441512861604 6.2635556771127536 67.885461580967203 110 112 108 0.92503854152044007 12 6968 15 6943 19 8275 11 7309 17 8675 16 8116 10 7001
3160 19.737568502409122 6.5873998732822097 67.598859256236608 252 255 250 0.3014193536779457 12 6980 13 6649 15 6957 19 8055 11 7322 14 6738 16 8131 10 7016
3161 21.031900059682414 7.4437864082310758 70.096758184612099 255 254 242 0.71327243564485165 12 7206 15 7192 19 8088 11 7350 17 8922 18 8335 20 8221 21 8176 14 6992 16 8368 20 8420 22 8343 21 8371 10 7037
3162 21.03202760196578 7.441730709816869 70.09654833550789 255 254 242 0.71065030317903199 15 7193 19 8089 11 7351 17 8923 18 8336 20 8222 21 8177 14 6993 16 8369 22 8344 20 8421 21 8372 10 7038
3165 20.157645294605068 6.2146577548661419 67.151325161848206 106 106 103 1.0041855112447715 15 7333 19 8423 11 7684 18 8321 20 8528 21 8504 16 8504 22 8474 14 6965 17 8906 13 6865 12 7184 10 7393
3166 20.61416428268317 6.5432389497944481 65.344548610248921 146 141 135 1.1232925357042811 13 7035 15 7341 19 8433 11 7690 17 9065 18 8484 21 8515 14 7132 16 8511 22 8487
3167 19.159120270964639 8.1311350045392956 74.577419794252336 117 116 117 0.54581236174345305 12 7358 15 7345 19 8445 11 7694 17 9076 18 8494 20 8419 21 8369 13 6900 14 7139 16 8521 10 7402
3168 19.793273685241083 8.5602857932294718 75.274001237382436 254 254 250 0.82312308414486846 12 7371 13 7048 15 7353 19 8453 11 7703 17 9082 18 8501 20 8550 14 7147 16 8526 10 7411
3169 17.758512190431546 6.0763291146015597 79.020689175080037 98 105 99 0.99089375781494382 13 7119 15 7428 19 8537 11 7784 17 9152 18 8571 14 7230 16 8591 10 7500
3170 19.92808608877332 8.113652723316779 74.050339035232994 254 254 254 0.73373105389665738 12 7535 19 8612 11 7903 17 9269 18 8653 15 7559 10 7587
3172 19.676288736624244 6.7643052200078966 70.78742790774767 110 114 113 1.0982451063068275 12 7595 13 7276 15 7554 19 8650 11 7928 18 8696 20 8725 21 8720 14 7388 16 8703 22 8690 10 7649
3173 19.588727125155991 10.61333028997052 71.696177247333281 242 241 230 2.1695961073824681 13 7287 19 8689 11 7941 19 8675 18 8718 21 8746 20 8766 10 7625
3174 7.0822041869538825 -9.3065322964684949 63.334653956090321 43 47 59 2.2728519882007698 15 7621 19 8699 11 7972 17 9318 18 8742
3175 -5.2215556843133282 -2.0283927612708346 62.16997629603005 215 200 192 3.1782774727630159 34 3148 18 3247 17 3771 33 3315 16 3464 22 3299 35 3349 15 2857 12 2897 11 3179 34 3168 18 3266 19 3281 20 448 33 3346 16 3483 21 3373 22 3320 35 580 15 2876 14 2783 13 2643
3176 2.454566573921575 -10.895482242561034 60.609568978988271 226 197 176 0.8281895275619453 12 3 18 3 10 2 13 2
3177 2.5889178677884668 -9.8604135347714283 61.989832650158696 55 70 99 0.92690516427721514 11 35 18 28 10 30
3178 -17.095761608986304 -7.8439289523222939 69.186761982463509 149 116 86 0.40215332099229473 11 58 12 59 18 98 10 58 16 106 17 120 19 110 20 100
3179 -16.171822394952827 -7.9537331259969832 70.270384173902798 159 125 70 0.26347697931639458 11 64 12 66 14 87 18 105 10 65 16 113 17 127 19 120 20 107 22 88 13 69 15 92 21 109
3180 -16.043655850082487 -7.8407344434070749 70.053485931553766 245 206 162 0.1920811416838977 11 3003 18 117 10 71 12 73 13 76
3181 -16.339093858633422 -7.715125582590094 70.493565171317556 247 205 182 0.29399400286514638 11 75 12 2741 14 101 18 127 10 75 16 136 17 144 19 141 20 127 22 103 13 2476 15 2682 21 131
3182 -16.574210106408952 -7.0685431306967699 69.522448381144372 129 133 161 0.53086397027985865 18 3056 10 92 16 3291 17 3589 34 2866 35 3159 15 2703 11 3025
3183 -15.065362655971311 -6.8249929025128937 69.615660563637206 229 206 192 0.24259269983813522 12 107 14 141 18 167 10 108 16 179 19 3110 20 3201 22 134 13 124 15 145 21 159
3184 -18.235646999398835 -5.4080753566138942 70.002569179147201 186 179 196 0.33674613814692778 11 158 18 215 10 147 14 179 16 225 17 238 19 214 20 214
3185 -16.860511470539439 -5.1213295387048996 72.030023230729299 120 120 136 0.49112309936571674 11 178 12 181 14 194 18 3112 10 169 16 252 17 262 19 3152 13 188
3186 -16.030006268955798 -4.9218487829402298 71.571719478261997 121 125 147 0.57238782481031936 11 185 18 258 10 177 17 276 19 264 20 257
3187 -18.27349621196846 -4.5143854897439004 68.589589009270185 66 66 88 0.45978131390703147 11 193 18 265 10 183 19 271 12 200
3188 -17.072510118497526 -4.720720609520864 71.450570973260525 61 61 78 0.56507493477479431 12 202 14 219 18 270 10 184 17 285 13 207 15 218 16 274 20 272 22 234
3189 -16.201834590645511 -4.4274268388767224 71.895214798673393 67 72 90 0.53533077263291473 11 212 18 292 10 195 16 293 19 294 20 283 15 230
3190 -5.5059122579101043 -3.8407624178547657 61.510579499383539 221 214 191 0.71088025937869936 18 298 10 200 16 303 17 314
3191 -5.5060059325487103 -3.8289021033070836 61.354790065806853 221 214 191 0.57382993965860862 18 299 10 201 17 315
3192 -4.3568070343396048 -3.7000372997740314 60.456941340289561 221 212 209 0.58850852154230315 18 310 10 215 16 311 17 326
3193 -15.374312536461231 -2.8715870024512342 71.471335735268013 161 155 162 0.58056029333614312 14 335 18 402 10 277 17 428 13 312
3194 -4.3034439942726852 -2.3984998735102887 61.794877841694394 102 78 79 0.13190073041744951 12 335 18 415 10 315
3195 -14.555723278919421 -2.3696577461567054 69.29780646436177 121 117 119 0.54552200565297237 12 345 18 3244 10 321 14 2764 16 3462 17 467 19 452 20 3370 22 409 13 2630 15 2853 21 397
3196 -17.565683670937144 -2.2437428020799906 72.208432093384317 182 180 197 0.72146481369717463 11 355 18 458 10 337 16 472 17 493 15 392
3197 -17.565683670937144 -2.2437428020799906 72.208432093384317 182 180 197 0.72146481369717463 11 356 18 457 10 338 16 473 17 492 15 393
3198 -15.865683212823066 -2.0858176250146765 72.222337440747083 133 122 132 0.74641419035951928 11 371 18 468 10 352 16 488 17 513 19 475 20 456 22 447 21 428 15 404
3199 -5.6049156058874932 -1.6898096069443715 61.738016299720314 129 114 115 0.45957579224752804 11 397 18 483 10 376 16 499 17 523 19 485
3200 -5.8937777649274423 -1.5378370476046173 61.519997601890203 78 66 66 0.47390282795090449 11 406 18 496 10 385 16 514 17 537 15 419
3201 -5.1326294072207848 -0.14037509595746142 61.90864078353593 85 62 65 0.36395049000600604 18 610 10 506 19 3437 15 3002 21 3535
3202 15.72704261618156 0.032373492942536608 60.175778610362855 54 77 96 0.52028416773359354 18 644 10 541 19 3478 20 628 21 597 22 627
3203 -4.0694103108720903 1.1009809694843742 62.593438498606965 153 144 144 0.32665792763175433 18 732 10 616 16 3691 17 762 19 710 22 704 15 3076 14 2946
3204 -6.2915716693810531 1.1930544746256648 61.997786372863082 172 157 157 0.13948213238350499 11 640 18 747 10 628 13 570 15 603
3205 -3.9824784366832966 1.3519447965743312 62.397040973912027 161 155 152 0.11226335150021907 18 3551 10 647
3206 -4.0524865158478924 1.9182003994746557 63.293143494445602 71 64 61 0.2631360637081801 11 720 18 821 10 696 17 859
3207 16.269433703374073 1.810758653226854 59.84837213990302 73 85 93 0.80064468328477578 11 762 18 864 10 726 19 3681
3208 -4.5424907608778486 2.8362402037512613 61.430746928507425 109 89 87 0.3714274415622662 12 789 18 961 10 849
3209 -6.6964429467540576 2.7600530529299165 55.686101240473029 100 100 95 0.30082809073481842 11 948 18 1022 10 898 15 842
3210 -12.274361952358676 1.8258221395715339 42.429392996933096 170 134 149 1.8653588856359553 18 1009 10 904
3211 -6.7334408825811742 2.83713345761474 55.560000563070751 231 232 223 0.35415131138687606 11 976 12 851 18 1040 10 921 16 1118 17 1144 22 1049
3212 -0.73579996137709713 3.5039043764659481 60.056039328067314 155 132 113 0.26820576310716088 11 1044 12 902 14 894 18 1112 10 979 16 1188 17 1227 13 860 15 918
3213 -1.6247559456437268 2.9692601103294196 50.181759492754978 0 0 0 0.73180200404972484 12 923 18 1124
3214 18.583734231126233 3.8803138868739095 69.196215062134783 98 104 108 0.86462289459485175 11 1074 12 938 14 922 18 1163 10 1013 16 1235 13 897 17 4445 15 4915 19 3943 14 3248 16 5930
3215 18.837697118481742 4.9686273227290405 75.383119893523073 157 167 165 0.83327328489664743 18 1293 10 1153 20 1286
3216 21.225514541692782 4.3278649756991934 65.267886866517699 241 242 251 0.9450420925970241 11 1293 18 4071 10 1229
3217 21.225514541692782 4.3278649756991934 65.267886866517699 241 242 251 0.9450420925970241 11 1292 18 4070 10 1230
3218 16.922799851075276 7.8294743042779862 83.28502302069333 132 124 95 0.49240035483738015 18 4287 10 1510 16 4412 17 1886 19 1693 20 1665 21 1710 15 3657
3219 17.647773567386174 7.3744800332513902 75.531380128297428 213 211 206 0.36167275262740262 11 1696 18 1697 10 1589 14 1407 19 1788 20 1752 12 1477 13 3546 15 1475
3220 21.598472658496693 6.9439255072290695 66.1306727920756 246 238 224 0.32134155288954591 14 1657 18 2005 10 1875 16 2169 17 2315 12 1749 13 1633 15 1758 11 4279
3221 -2.4364892270800387 0.26251624800780404 2.2845042372957916 0 0 0 0.095060424636243729 11 2273 14 6561
3222 -16.198560156023994 -7.7496745047696667 70.274399203072804 119 84 64 0.30757285718599819 11 3004 12 2739 14 2607 18 121 10 2870 16 3269 17 140 19 136 20 122 22 98 13 2474 15 109 21 3172
3223 -17.26373790818235 -7.3764193975682701 69.297732555933095 255 253 255 0.36257605120821029 11 3012 12 2747 14 2614 18 3042 10 2876 16 3278 17 3582 19 3097 20 3179 22 3099 34 336 13 2483 15 2689 21 3179 33 302
3224 -15.908276796869599 -7.1896997984113211 70.73272884558277 252 251 251 0.32145760795708794 11 3028 12 2759 14 2626 18 3059 10 2895 16 166 17 173 19 162 20 162 13 2499 15 2705
3225 -15.162739077547682 -6.6115187129070563 69.416447805622624 155 126 110 0.57396185240034647 11 3039 12 114 18 3066 10 2907 20 3206 14 144 16 186 15 149
3226 -17.329901938662299 -5.8792555431262299 70.709824832541713 69 71 89 0.20587312850375486 18 198 10 2925 16 207 22 166
3227 -18.085600888597391 -4.9339788320270896 70.289213215229395 184 183 207 0.45496593919660905 11 3080 14 2669 18 3113 10 2949 16 251 19 245 22 3172 34 3016 13 187 15 2758 12 183 21 241 33 533 35 3238
3228 -18.578807019611379 -4.8535056845219682 69.929207204890602 135 134 159 0.37305974766656746 11 180 12 2820 14 2671 18 242 10 2951 16 256 17 266 19 248 20 240 34 603 13 2546 15 2760 21 244 33 551
3229 -16.341757799554244 -4.6106416436964528 71.604723495374586 156 164 179 0.55591050411278353 11 3090 12 207 14 225 18 278 10 2956 16 282 17 3659 19 285 20 277 22 241 13 216 15 222 21 279
3230 -4.768187859002067 -2.9591969272493905 63.009840216452744 70 55 60 0.53206962966867066 11 3125 12 2864 18 3196 10 2991 16 3413 20 3331 14 2725 15 2824
3231 -17.873608307102479 -2.8009768871360174 71.723469958307021 153 151 162 0.83394659836180807 11 3142 12 2878 14 2746 18 3224 10 3006 16 3446 17 436 19 417 20 396 13 2613 15 345 21 371 22 381
3232 -18.022247752226388 -2.7177919501532264 71.147819200809124 73 76 89 1.0384586740596899 11 3148 12 2881 14 339 18 3228 10 3009 16 3452 17 3755 19 3244 13 322 15 348 22 386 20 400 21 374
3233 -5.8652645103744856 -2.5248819379933138 61.172365012399986 102 108 114 0.36411995044893408 11 3146 18 3218 10 3010 16 3437 17 3742 13 315 14 327 15 335
3234 -17.612063637610152 -2.1827954003896992 70.996244176785055 92 85 99 0.97291234809318416 14 4455 18 5408 10 3047 16 5486 17 5975 19 5359 20 5513 13 4360 12 4591 21 5503
3235 -17.864410914828866 -2.1448304745816844 71.343052628012288 71 67 80 1.1548827097096519 11 3191 12 359 18 3270 10 3051 19 3282 22 3314 13 368 14 385 16 479 15 400
3236 -4.771445110784942 -1.3113921243338955 62.702211872990446 91 61 61 0.39309363323090707 11 3227 18 3309 10 3093 19 3340 20 3443 22 3370 21 3438
3237 -4.0177249849032712 -0.21102200631257428 61.873562861181924 102 79 60 0.31478484230636788 11 3305 18 592 10 3164 22 3451 21 556
3238 -6.0385130986907338 2.6486646991129086 62.194895231471207 222 210 198 0.2917898705619299 11 867 18 3714 10 3408 16 3867 17 4206
3239 16.57874575099305 5.2060056048193948 73.144337621642535 147 151 155 0.39366943998060422 11 5433 12 5025 18 6000 10 3700
3240 17.639793697474548 6.7496625721264172 75.777516548880826 248 253 255 0.26217076081348056 11 4009 14 3483 18 4238 10 3833 20 4369 22 1691 12 3648 13 3421 15 3599 16 4366 17 4757 21 1635 19 4248
3241 17.008199587684224 8.2866110157303474 82.770794995489709 131 130 89 0.33526743146866483 11 1721 12 3773 18 4366 10 3948 14 5010 16 4486 17 4886 19 4380 20 4490 22 4432 13 3550 15 5171 21 1806
3242 17.894174583424864 7.581895099769234 75.953270711697513 166 162 155 0.35114072142733355 18 4385 10 3958 17 2041 19 4392 20 4508 21 1840 22 1895
3243 19.416988618816564 8.7717291351742439 75.833146330426942 189 183 166 0.85245766827166924 11 4353 18 6364 10 4161 19 6348 20 7388 17 5173 15 1902 16 4770 13 1791
3245 0.340620026908802 4.6622045319618026 32.761882929334334 52 19 133 0.4738419683893681 14 2201 10 4446
3247 -16.761296274356056 -7.9585918460868026 69.644431499204856 112 84 75 0.38428335193849106 11 4870 12 4495 14 4366 18 5285 10 4637 17 5870 19 5262 20 5401 22 5349 13 4283 21 5403
3248 -16.761296274356056 -7.9585918460868026 69.644431499204856 112 84 75 0.38428335193849106 11 4871 12 4494 14 4365 18 5284 10 4638 17 5869 19 5261 20 5400 22 5348 13 4282 21 5402
3249 -17.162264253091671 -7.237167239322428 70.397114238136666 0 0 0 0.29842917458073387 18 3054 16 3288 17 5890 19 3100 20 3186 22 3114 21 3186
3250 4.8125699024414779 -6.6641082556923585 62.714569381689664 164 233 255 0.20255443429683004 11 4892 12 4524 18 6790 10 4661 16 6864 17 7423 19 6759 22 6859 13 4307 15 5745
3251 -15.520899504467769 -6.6565615331334254 70.129332707707377 96 100 112 0.41866102284124984 11 4895 12 113 18 171 10 4663 17 182 19 174 20 174 22 140 21 168
3252 -16.382815092335555 -4.4635981732635575 71.158045803341167 65 70 88 0.77540632684063338 11 4920 18 5355 10 4689
3253 -15.971069281720142 -3.1705258175547071 72.711793622652252 68 60 67 1.1335803152100163 11 4943 12 4572 14 4438 18 3208 10 4716 16 3418 17 3728 19 393 20 367 13 4346 15 2830 21 345 22 355
3254 -15.622328798198859 -2.0666879758680037 71.859709544454546 56 50 58 1.2053541613911729 14 2789 18 3271 10 4744 19 3286 20 3390 22 452 21 435
3255 16.132169586681862 0.19236552629278472 60.333889662031581 63 80 101 0.81426225260759177 11 5068 18 5501 17 6074 22 5562 21 5626 13 4447 15 4684 12 4672 14 2909 15 3022 18 3442 17 3944 10 4832
3256 5.0273569087956478 1.7241975064591781 63.031412983407456 168 171 181 0.17014530479864043 11 5122 12 4725 18 5564 10 4891 16 5632 15 4743
3257 5.0273569087956478 1.7241975064591781 63.031412983407456 168 171 181 0.17014530479864043 11 5123 12 4726 18 5565 10 4892 16 5633 15 4744
3258 -6.9298904684366534 3.3629017556854639 55.358285788648423 97 97 96 0.98042313190144526 11 5291 12 4900 18 5839 10 5067 17 4447 13 5648 14 5751 15 5935 17 7616 16 7071 19 6984 20 5912
3259 16.918927153562485 7.5207222360086767 82.025067972850337 112 118 96 0.51181606893305531 11 5538 12 5145 18 4256 10 5295 16 4386 17 4770 19 4273 20 4386 22 4343 13 5763 14 4948 15 5113 14 5862 21 1658
3260 17.171184258749669 7.6619091733541529 81.36766402824702 142 148 128 0.4047262722776937 11 4052 14 3533 18 6135 10 5322 16 4418 17 4817 19 6123 20 4437 12 1385 13 3479 15 3658 21 4465
3261 17.010280143098477 7.8513670408790697 80.735392228942175 142 150 123 0.51397563314517636 11 4084 12 3741 14 3568 18 4345 10 5343 16 4454 17 4843 19 4356 20 4474 22 4402 13 3526 21 4497
3262 17.395690982292969 7.6802763508679268 77.332701823626451 109 112 98 0.63943369132330352 18 4380 10 5367 20 4496 22 4435 21 4528 19 6167
3263 17.44727413955264 8.7084711044640617 78.667796237830444 102 101 80 0.68349144522232352 18 6276 10 5453 17 6891 19 6267 20 6411 22 6377
3264 17.274092292184502 8.6217284143209785 77.860052178260773 102 101 80 0.69485082720629221 12 5299 14 5944 18 6275 10 5454 16 7295 17 6890 19 6266 20 6412 22 6378 13 5829 15 6141 19 7212
3265 17.636798772080116 8.954149028923359 79.205960403688806 156 155 135 0.79242917674779845 11 5701 12 5315 14 5131 18 6297 10 5470 16 6437 17 6918 19 6283 20 6436 22 6401 13 5071 15 5299 21 4727
3266 -18.483558209623741 -7.9171676406804172 68.199715296424515 121 0 133 0.59484664093453332 11 6103 12 5718 14 5528 18 6769 10 5816 16 7537 17 7408 19 6738 20 6883 13 5434 15 6378 21 6882
3267 -18.520612216047876 -4.9629842282000292 69.287001113660082 74 70 97 0.63830156563202267 11 6144 12 5762 14 4411 18 5341 10 5861 17 5913 19 6781 20 6937 22 6870 13 5470 15 4568 16 5421 21 6931
3268 -15.908747518472696 -4.8303933294502119 72.52362797245533 73 77 103 1.5350155913135566 18 6811 10 5872 20 5455
3269 -16.453222166735006 -3.675318316317397 73.456633165106538 109 102 112 0.89888107022857078 11 6172 12 5781 14 5595 18 5380 10 5886 16 6903 17 7464 19 5336 20 5485 22 5437 13 5486 15 5771 21 5479
3270 -16.932838963983691 -3.2881955788202295 72.408722008890734 86 84 96 1.0188232574599929 11 6176 12 5789 14 5601 18 6833 10 5890 16 6909 17 7468 19 6819 20 6963 22 6899 13 5496 15 5775 21 6952
3271 -15.18647628889144 -3.0148138515457217 70.621363702122764 66 61 63 0.62572628421895393 18 5393 10 5894 16 5468 19 5346 20 5493 15 4590 17 5954 13 4349 12 4574 11 4947
3272 -16.563006579543774 -2.0928704148820305 72.315682696129713 142 139 146 1.0074113980291577 11 6200 18 6850 10 5907 20 6974 34 5244 12 4598 13 4362 33 5493 35 5429 21 6965
3273 -16.758928841482337 -2.1212537670495188 73.285077378559933 142 139 146 1.172034757415312 11 6201 18 6849 10 5908 20 6973 12 4599 13 4363 21 6966
3274 13.577820734765528 -1.0807370451802365 61.626637121189901 80 80 98 0.88613648414649393 18 6857 10 5919 20 6985
3275 16.029780168709369 0.14714426225157978 60.010039210384939 62 78 99 0.66332643775528422 18 6882 10 5944 16 6954 20 7022 22 6962 21 7005
3276 4.3347605764892254 4.4840616648994835 62.538462206922809 76 78 78 0.4684293781244574 18 7062 10 6095
3277 17.076319915925009 8.155767269073344 81.508534476231674 168 178 133 0.51861267772123265 11 6491 18 7201 10 6204 19 7150 20 7275 22 7217 21 7255 13 6319 12 6621 14 6412 15 6623 17 8372 16 7783
3278 17.460077733358464 8.5570761664913526 79.009367610701005 155 154 136 0.67809359669582692 11 6522 18 7245 10 6236 14 5083 16 6389 17 7828 19 7194 20 7328 22 6343 21 6371 12 5278 15 5254 17 6861 13 5036
3279 -17.245315788884078 -6.8757763706666646 68.753557057416842 93 98 118 1.3426656331979172 11 7170 18 6787 10 6488 20 8014 22 7524 12 7103 15 7085 19 7913 13 6502 14 6873 16 8270 17 8827 20 8329 21 7535 19 8185 21 8268 14 6592
3280 4.9242090239119998 -7.0479955578095534 63.512106355949165 3 77 151 0.96310855101291259 11 6777 18 7520 10 6491 16 7544 17 8099 19 7488 21 7534 15 6388 20 7587
3281 -16.519571716960197 -6.9995601732599644 70.666526341771515 95 102 122 0.77117917124218782 12 6383 18 7526 10 6492 14 6595 19 6758 20 7588 22 6857 13 6503 15 6818
3282 -16.015753950358761 -4.2151899628918956 71.014086853943169 54 59 77 0.56576526851065467 11 6798 14 6199 18 7543 10 6516 16 7565 17 8127 19 7506 20 7605 22 6880 15 6412
3283 -17.959670877198317 -3.8020880903205168 70.715609260690442 98 101 120 0.93490562124383003 11 6802 14 6207 18 7983 10 6521 19 7927 20 7611 22 7551 34 6433 13 6104 21 7559
3284 -19.092084998567227 -2.7395069440099653 70.011586611462036 165 163 178 0.66064628706093709 11 6183 12 6417 14 6217 18 7556 10 6531 16 7582 17 8140 19 7521 13 6111 15 6428
3285 -17.637760319205459 -1.0024283565302612 73.054281220122519 63 56 68 0.87202284995602031 11 6833 18 7572 10 6555 14 6232 16 7597 17 8160 19 7536 15 6445 12 6441 13 6133
3286 21.683260680125535 6.2602902313077484 66.263187117026462 114 109 108 0.29591589875133129 12 6624 18 7208 10 6725
3287 16.58669979598632 8.3850091972599934 78.075121842184771 150 154 150 0.39921316588221284 11 6515 12 6122 14 5921 18 7241 10 6743 16 7268 17 7824 19 7188 20 7318 22 6334 13 5815 15 6124 21 6360
3289 -16.546439151766624 -4.913234443684253 71.975770452833459 49 53 82 0.94285403730045436 18 7978 10 6896 16 7561 17 8123 19 7504 20 8030 22 7976 21 7547
3290 -16.596452890445228 -4.9312484090266402 72.256502323194567 49 53 82 0.67466560735242542 18 7977 10 6897 16 7560 17 8124 20 8031 22 7975 21 7546
3291 -16.760967587186823 -4.4363664864422052 71.682882660673016 59 59 73 1.0406171783350655 18 7980 10 6899 16 8012 17 8571 20 8033
3292 -16.12545891308061 -4.2485492514046541 72.948791598067189 57 61 73 0.66959561422387437 11 7185 12 6844 14 6603 18 7545 10 6902 16 7566 17 8128 19 7925 20 7608 22 7549 15 6835
3293 -16.945086819647347 -0.93002113118004814 73.640127195989919 63 54 62 0.7922222775764437 11 7211 12 6876 18 8012 10 6929 14 6233 16 7598 17 8597 19 7538 20 7648 22 7582 13 6134 15 6446 21 7594
3294 -15.19763305848271 -7.3647337781400308 69.198503329291867 61 59 57 1.0758070976604375 11 7620 12 7098 14 7055 18 8408 10 7134 16 8268 17 8990 19 8359 20 8575 22 8526 13 6969 15 7265 21 8552
3295 -15.992458809274522 -7.072694484840687 70.050085764362564 255 255 255 0.45285097737992458 11 7449 12 7104 14 6874 18 8241 10 7135 16 8271 17 8828 19 8186 20 8330 13 6770 15 7086 21 8269
3296 -16.782846891770422 -5.5491062629211596 71.228546315589739 59 60 65 0.55534156003801949 11 7465 18 8250 10 7150 17 8840 19 8194 22 8261 13 6783 21 8278
3297 -16.777034876859449 -5.5464885035358771 71.2019444128739 59 60 65 0.56668187868686926 11 7466 18 8251 10 7151 19 8195 20 8337 22 8260 13 6782 21 8277
3298 -6.0838909045898042 -1.5154311867033052 60.85684760028326 172 158 155 0.47296291986805045 11 7634 18 8263 10 7169 17 8851 20 8350 22 8278 15 7106
3299 19.629220136620251 4.7673832412287211 71.092293752673342 0 0 0 0.76953503439591575 14 6942 18 8076 16 8327 19 8007 20 8145 22 8078 15 7148 21 8095
3300 20.584862867980796 6.0335968924520813 66.033584825553547 113 110 101 0.32961505831755977 11 7534 12 7182 14 6960 18 8320 10 7237 16 8351 17 8907 22 8120 13 6862 15 7170 19 8045 20 8185 21 8132
3301 -16.628321835074775 -8.5128081164384479 68.07671583039965 53 56 68 1.1923175055679036 14 7049 18 8404 10 7323 19 8174 20 8467 22 8403 21 8261
3302 -15.817123649494251 -7.4552078985169077 69.23076990395576 126 90 104 0.36096916606032081 11 7619 12 7269 14 7053 18 8239 10 7331 16 8266 17 8823 19 8181 20 8324 22 8250 13 6968 15 7264 21 8267
3303 -16.909804989027865 -0.93752438041542052 72.591576042696275 66 58 65 0.54604956160972751 12 7296 14 7085 18 8440 10 7348 16 8457 17 9018 13 6990 15 7291
3304 -16.566753060832816 -3.2569744655167976 72.594071003591651 59 58 65 0.44697936849192987 11 7754 12 7415 14 7190 18 8433 10 7460 16 8448 17 9008 19 8378 20 8487 22 8427 13 7089 15 7282 21 8448
3305 15.506624468675385 -1.896888806550425 58.536605328306173 93 115 135 0.67560221015155919 18 8608 10 7465 22 8613
3306 6.9171493404292175 8.4035354546880008 85.285852446386698 103 101 97 1.1721412123284534 18 8578 10 7517 19 8542 20 8623 21 8597
3309 17.921129272046134 10.245381793892482 74.280324446683196 73 75 70 1.3420033142427443 18 8703 10 7623 16 8712 17 9279 15 7567
3310 17.296726415060089 6.0569902358737799 80.495314286157594 94 101 98 1.2235308576689528 11 7925 12 7592 14 7380 18 8686 10 7644 16 8725 17 9288 19 8641 20 8719 22 8682 13 7272 15 7582 21 8713
3311 19.685707680066013 6.979062742669405 78.279076801418285 106 113 112 1.9756717188076109 18 8712 10 7647 16 8749 17 9290 19 8667 15 7586 13 7294 21 8733 20 8744
3312 17.021141963891623 8.8497782850061171 84.315909357721182 174 165 146 0.64027027050851737 11 1795 14 1492 18 6212 10 4001 17 6808 19 6193 13 1465 21 6320 22 4495
3314 17.965051206671532 9.3440675397476038 83.98442376016996 105 94 90 0.70507652755716543 18 8150 10 6757
3315 16.272015996637638 8.7633786943227285 84.322505326973584 94 95 87 0.65396136335326405 11 7803 12 7463 14 7249 18 8582 10 7522 16 8606 17 9166 19 8545 20 8628 22 8586 13 7137 15 7444 21 8606
