datasets/GS/road/images/aerial_q/Q_009_00004.JPG datasets/GS/road/images/aerial_q/Q_009_00006.JPG 0 0 2492.479879 0.000000 799.387405 0.000000 2492.479879 525.034457 0.000000 0.000000 1.000000 2492.479879 0.000000 799.387405 0.000000 2492.479879 525.034457 0.000000 0.000000 1.000000 0.999997 0.001889 -0.001596 -6.458916 -0.001893 0.999995 -0.002617 -8.359164 0.001592 0.002620 0.999995 8.110782 0.000000 0.000000 0.000000 1.000000
datasets/GS/road/images/aerial_q/Q_009_00005.JPG datasets/GS/road/images/aerial_q/Q_009_00007.JPG 0 0 2492.479879 0.000000 799.387405 0.000000 2492.479879 525.034457 0.000000 0.000000 1.000000 2492.479879 0.000000 799.387405 0.000000 2492.479879 525.034457 0.000000 0.000000 1.000000 0.999996 -0.000614 0.002917 -6.989135 0.000618 0.999999 -0.001257 -9.112825 -0.002916 0.001258 0.999995 8.810859 0.000000 0.000000 0.000000 1.000000
datasets/GS/road/images/aerial_q/Q_009_00006.JPG datasets/GS/road/images/aerial_q/Q_009_00008.JPG 0 0 2492.479879 0.000000 799.387405 0.000000 2492.479879 525.034457 0.000000 0.000000 1.000000 2492.479879 0.000000 799.387405 0.000000 2492.479879 525.034457 0.000000 0.000000 1.000000 0.952994 -0.217189 0.211260 -2.559478 0.215267 0.976020 0.032343 -5.610557 -0.213218 0.014655 0.976895 5.567550 0.000000 0.000000 0.000000 1.000000
datasets/GS/road/images/aerial_q/Q_009_00007.JPG datasets/GS/road/images/aerial_q/Q_009_00009.JPG 0 0 2492.479879 0.000000 799.387405 0.000000 2492.479879 525.034457 0.000000 0.000000 1.000000 2492.479879 0.000000 799.387405 0.000000 2492.479879 525.034457 0.000000 0.000000 1.000000 0.999410 0.023702 -0.024863 -2.537356 -0.023639 0.999717 0.002827 -1.171284 0.024923 -0.002238 0.999687 1.179579 0.000000 0.000000 0.000000 1.000000
datasets/GS/road/images/aerial_q/Q_009_00008.JPG datasets/GS/road/images/aerial_q/Q_009_00010.JPG 0 0 2492.479879 0.000000 799.387405 0.000000 2492.479879 525.034457 0.000000 0.000000 1.000000 2492.479879 0.000000 799.387405 0.000000 2492.479879 525.034457 0.000000 0.000000 1.000000 0.949810 0.222116 -0.220286 -3.747538 -0.224083 0.974433 0.016346 -4.125589 0.218285 0.033837 0.975298 3.929325 0.000000 0.000000 0.000000 1.000000
datasets/GS/road/images/aerial_q/Q_009_00009.JPG datasets/GS/road/images/aerial_q/Q_009_00011.JPG 0 0 2492.479879 0.000000 799.387405 0.000000 2492.479879 525.034457 0.000000 0.000000 1.000000 2492.479879 0.000000 799.387405 0.000000 2492.479879 525.034457 0.000000 0.000000 1.000000 0.999583 -0.022360 0.018292 -5.679119 0.022527 0.999706 -0.008968 -7.601144 -0.018086 0.009376 0.999792 7.253976 0.000000 0.000000 0.000000 1.000000
datasets/GS/road/images/aerial_q/Q_009_00010.JPG datasets/GS/road/images/aerial_q/Q_009_00012.JPG 0 0 2492.479879 0.000000 799.387405 0.000000 2492.479879 525.034457 0.000000 0.000000 1.000000 2492.479879 0.000000 799.387405 0.000000 2492.479879 525.034457 0.000000 0.000000 1.000000 0.999959 -0.006263 0.006530 -6.716790 0.006292 0.999970 -0.004520 -9.529060 -0.006502 0.004561 0.999968 9.169235 0.000000 0.000000 0.000000 1.000000
datasets/GS/road/images/aerial_q/Q_009_00011.JPG datasets/GS/road/images/aerial_q/Q_009_00013.JPG 0 0 2492.479879 0.000000 799.387405 0.000000 2492.479879 525.034457 0.000000 0.000000 1.000000 2492.479879 0.000000 799.387405 0.000000 2492.479879 525.034457 0.000000 0.000000 1.000000 0.999956 -0.003428 0.008698 -6.811577 0.003382 0.999980 0.005364 -9.736336 -0.008716 -0.005334 0.999948 9.332117 0.000000 0.000000 0.000000 1.000000
datasets/GS/road/images/aerial_q/Q_009_00012.JPG datasets/GS/road/images/aerial_q/Q_009_00014.JPG 0 0 2492.479879 0.000000 799.387405 0.000000 2492.479879 525.034457 0.000000 0.000000 1.000000 2492.479879 0.000000 799.387405 0.000000 2492.479879 525.034457 0.000000 0.000000 1.000000 0.999854 -0.010777 0.013232 -6.618046 0.010714 0.999931 0.004791 -9.130180 -0.013282 -0.004648 0.999901 8.705475 0.000000 0.000000 0.000000 1.000000
datasets/GS/road/images/aerial_q/Q_009_00013.JPG datasets/GS/road/images/aerial_q/Q_009_00015.JPG 0 0 2492.479879 0.000000 799.387405 0.000000 2492.479879 525.034457 0.000000 0.000000 1.000000 2492.479879 0.000000 799.387405 0.000000 2492.479879 525.034457 0.000000 0.000000 1.000000 0.999999 0.000181 0.001301 -6.867370 -0.000182 0.999999 0.001331 -8.933360 -0.001301 -0.001332 0.999998 8.550802 0.000000 0.000000 0.000000 1.000000
datasets/GS/road/images/aerial_q/Q_009_00014.JPG datasets/GS/road/images/aerial_q/Q_009_00016.JPG 0 0 2492.479879 0.000000 799.387405 0.000000 2492.479879 525.034457 0.000000 0.000000 1.000000 2492.479879 0.000000 799.387405 0.000000 2492.479879 525.034457 0.000000 0.000000 1.000000 0.999930 0.009380 -0.007161 -7.008894 -0.009378 0.999956 0.000229 -9.091244 0.007163 -0.000162 0.999974 8.809324 0.000000 0.000000 0.000000 1.000000
datasets/GS/road/images/aerial_q/Q_009_00015.JPG datasets/GS/road/images/aerial_q/Q_009_00017.JPG 0 0 2492.479879 0.000000 799.387405 0.000000 2492.479879 525.034457 0.000000 0.000000 1.000000 2492.479879 0.000000 799.387405 0.000000 2492.479879 525.034457 0.000000 0.000000 1.000000 0.999963 0.007460 -0.004237 -6.946505 -0.007450 0.999970 0.002301 -9.027127 0.004254 -0.002269 0.999988 8.740239 0.000000 0.000000 0.000000 1.000000
datasets/GS/road/images/aerial_q/Q_009_00016.JPG datasets/GS/road/images/aerial_q/Q_009_00018.JPG 0 0 2492.479879 0.000000 799.387405 0.000000 2492.479879 525.034457 0.000000 0.000000 1.000000 2492.479879 0.000000 799.387405 0.000000 2492.479879 525.034457 0.000000 0.000000 1.000000 0.999997 -0.001412 0.001765 -6.733516 0.001410 0.999998 0.001366 -8.833556 -0.001767 -0.001363 0.999998 8.505244 0.000000 0.000000 0.000000 1.000000
datasets/GS/road/images/aerial_q/Q_009_00017.JPG datasets/GS/road/images/aerial_q/Q_009_00019.JPG 0 0 2492.479879 0.000000 799.387405 0.000000 2492.479879 525.034457 0.000000 0.000000 1.000000 2492.479879 0.000000 799.387405 0.000000 2492.479879 525.034457 0.000000 0.000000 1.000000 0.999996 0.002572 -0.000765 -6.465092 -0.002573 0.999996 -0.001385 -8.899384 0.000762 0.001387 0.999999 8.718677 0.000000 0.000000 0.000000 1.000000
datasets/GS/road/images/aerial_q/Q_009_00018.JPG datasets/GS/road/images/aerial_q/Q_009_00020.JPG 0 0 2492.479879 0.000000 799.387405 0.000000 2492.479879 525.034457 0.000000 0.000000 1.000000 2492.479879 0.000000 799.387405 0.000000 2492.479879 525.034457 0.000000 0.000000 1.000000 0.999988 0.004070 -0.002589 -6.287973 -0.004068 0.999992 0.000599 -9.175702 0.002591 -0.000588 0.999996 9.029581 0.000000 0.000000 0.000000 1.000000
datasets/GS/road/images/aerial_q/Q_009_00019.JPG datasets/GS/road/images/aerial_q/Q_009_00021.JPG 0 0 2492.479879 0.000000 799.387405 0.000000 2492.479879 525.034457 0.000000 0.000000 1.000000 2492.479879 0.000000 799.387405 0.000000 2492.479879 525.034457 0.000000 0.000000 1.000000 0.999951 -0.008289 0.005372 -6.733376 0.008279 0.999964 0.001854 -9.029099 -0.005387 -0.001810 0.999984 8.748137 0.000000 0.000000 0.000000 1.000000
datasets/GS/road/images/aerial_q/Q_009_00020.JPG datasets/GS/road/images/aerial_q/Q_009_00022.JPG 0 0 2492.479879 0.000000 799.387405 0.000000 2492.479879 525.034457 0.000000 0.000000 1.000000 2492.479879 0.000000 799.387405 0.000000 2492.479879 525.034457 0.000000 0.000000 1.000000 0.999979 -0.004384 0.004809 -7.068126 0.004385 0.999990 -0.000223 -8.844044 -0.004808 0.000244 0.999988 8.569645 0.000000 0.000000 0.000000 1.000000
datasets/GS/road/images/aerial_q/Q_009_00021.JPG datasets/GS/road/images/aerial_q/Q_009_00023.JPG 0 0 2492.479879 0.000000 799.387405 0.000000 2492.479879 525.034457 0.000000 0.000000 1.000000 2492.479879 0.000000 799.387405 0.000000 2492.479879 525.034457 0.000000 0.000000 1.000000 0.999998 0.002047 -0.000474 -7.280894 -0.002048 0.999997 -0.001023 -8.853168 0.000472 0.001024 0.999999 8.513006 0.000000 0.000000 0.000000 1.000000
datasets/GS/road/images/aerial_q/Q_009_00022.JPG datasets/GS/road/images/aerial_q/Q_009_00024.JPG 0 0 2492.479879 0.000000 799.387405 0.000000 2492.479879 525.034457 0.000000 0.000000 1.000000 2492.479879 0.000000 799.387405 0.000000 2492.479879 525.034457 0.000000 0.000000 1.000000 0.999969 -0.004161 0.006729 -7.145449 0.004169 0.999991 -0.001115 -9.198963 -0.006724 0.001143 0.999977 8.866547 0.000000 0.000000 0.000000 1.000000
datasets/GS/road/images/aerial_q/Q_009_00023.JPG datasets/GS/road/images/aerial_q/Q_009_00025.JPG 0 0 2492.479879 0.000000 799.387405 0.000000 2492.479879 525.034457 0.000000 0.000000 1.000000 2492.479879 0.000000 799.387405 0.000000 2492.479879 525.034457 0.000000 0.000000 1.000000 0.999993 0.003783 0.000332 -6.722279 -0.003782 0.999992 -0.001111 -8.944351 -0.000336 0.001109 0.999999 8.792149 0.000000 0.000000 0.000000 1.000000
datasets/GS/road/images/aerial_q/Q_009_00024.JPG datasets/GS/road/images/aerial_q/Q_009_00026.JPG 0 0 2492.479879 0.000000 799.387405 0.000000 2492.479879 525.034457 0.000000 0.000000 1.000000 2492.479879 0.000000 799.387405 0.000000 2492.479879 525.034457 0.000000 0.000000 1.000000 0.999936 0.008425 -0.007559 -6.432833 -0.008415 0.999964 0.001334 -8.891720 0.007569 -0.001270 0.999971 8.707135 0.000000 0.000000 0.000000 1.000000
datasets/GS/road/images/aerial_q/Q_009_00025.JPG datasets/GS/road/images/aerial_q/Q_009_00027.JPG 0 0 2492.479879 0.000000 799.387405 0.000000 2492.479879 525.034457 0.000000 0.000000 1.000000 2492.479879 0.000000 799.387405 0.000000 2492.479879 525.034457 0.000000 0.000000 1.000000 0.999998 -0.002029 0.000696 -6.823691 0.002027 0.999996 0.001879 -9.146473 -0.000700 -0.001877 0.999998 8.871376 0.000000 0.000000 0.000000 1.000000
datasets/GS/road/images/aerial_q/Q_009_00026.JPG datasets/GS/road/images/aerial_q/Q_009_00028.JPG 0 0 2492.479879 0.000000 799.387405 0.000000 2492.479879 525.034457 0.000000 0.000000 1.000000 2492.479879 0.000000 799.387405 0.000000 2492.479879 525.034457 0.000000 0.000000 1.000000 0.999999 -0.000334 -0.000922 -6.907369 0.000335 0.999999 0.001064 -8.937209 0.000922 -0.001064 0.999999 8.671556 0.000000 0.000000 0.000000 1.000000
datasets/GS/road/images/aerial_q/Q_009_00027.JPG datasets/GS/road/images/aerial_q/Q_009_00029.JPG 0 0 2492.479879 0.000000 799.387405 0.000000 2492.479879 525.034457 0.000000 0.000000 1.000000 2492.479879 0.000000 799.387405 0.000000 2492.479879 525.034457 0.000000 0.000000 1.000000 0.999994 -0.001674 0.002921 -6.944229 0.001670 0.999998 0.001295 -8.874784 -0.002923 -0.001290 0.999995 8.638083 0.000000 0.000000 0.000000 1.000000
datasets/GS/road/images/aerial_q/Q_009_00028.JPG datasets/GS/road/images/aerial_q/Q_009_00030.JPG 0 0 2492.479879 0.000000 799.387405 0.000000 2492.479879 525.034457 0.000000 0.000000 1.000000 2492.479879 0.000000 799.387405 0.000000 2492.479879 525.034457 0.000000 0.000000 1.000000 0.999996 -0.001389 0.002392 -6.982057 0.001390 0.999999 -0.000449 -8.963242 -0.002391 0.000452 0.999997 8.818771 0.000000 0.000000 0.000000 1.000000
datasets/GS/road/images/aerial_q/Q_009_00029.JPG datasets/GS/road/images/aerial_q/Q_009_00031.JPG 0 0 2492.479879 0.000000 799.387405 0.000000 2492.479879 525.034457 0.000000 0.000000 1.000000 2492.479879 0.000000 799.387405 0.000000 2492.479879 525.034457 0.000000 0.000000 1.000000 0.999987 0.003718 -0.003357 -6.832236 -0.003721 0.999993 -0.000969 -8.863142 0.003354 0.000982 0.999994 8.739807 0.000000 0.000000 0.000000 1.000000
datasets/GS/road/images/aerial_q/Q_009_00030.JPG datasets/GS/road/images/aerial_q/Q_009_00032.JPG 0 0 2492.479879 0.000000 799.387405 0.000000 2492.479879 525.034457 0.000000 0.000000 1.000000 2492.479879 0.000000 799.387405 0.000000 2492.479879 525.034457 0.000000 0.000000 1.000000 0.999972 -0.004988 0.005593 -6.910263 0.004982 0.999987 0.001003 -8.998580 -0.005598 -0.000975 0.999984 8.764457 0.000000 0.000000 0.000000 1.000000
datasets/GS/road/images/aerial_q/Q_009_00031.JPG datasets/GS/road/images/aerial_q/Q_009_00033.JPG 0 0 2492.479879 0.000000 799.387405 0.000000 2492.479879 525.034457 0.000000 0.000000 1.000000 2492.479879 0.000000 799.387405 0.000000 2492.479879 525.034457 0.000000 0.000000 1.000000 0.999670 -0.018957 0.017320 -7.229818 0.018947 0.999820 0.000753 -9.213499 -0.017331 -0.000424 0.999850 8.867749 0.000000 0.000000 0.000000 1.000000
datasets/GS/road/images/aerial_q/Q_009_00032.JPG datasets/GS/road/images/aerial_q/Q_009_00034.JPG 0 0 2492.479879 0.000000 799.387405 0.000000 2492.479879 525.034457 0.000000 0.000000 1.000000 2492.479879 0.000000 799.387405 0.000000 2492.479879 525.034457 0.000000 0.000000 1.000000 0.999952 0.007920 -0.005794 -7.379148 -0.007908 0.999967 0.002017 -8.739282 0.005809 -0.001971 0.999981 8.624617 0.000000 0.000000 0.000000 1.000000
datasets/GS/road/images/aerial_q/Q_009_00033.JPG datasets/GS/road/images/aerial_q/Q_009_00035.JPG 0 0 2492.479879 0.000000 799.387405 0.000000 2492.479879 525.034457 0.000000 0.000000 1.000000 2492.479879 0.000000 799.387405 0.000000 2492.479879 525.034457 0.000000 0.000000 1.000000 0.999709 0.019363 -0.014366 -6.987176 -0.019366 0.999812 -0.000036 -8.724052 0.014363 0.000314 0.999897 8.659979 0.000000 0.000000 0.000000 1.000000
datasets/GS/road/images/aerial_q/Q_009_00034.JPG datasets/GS/road/images/aerial_q/Q_009_00036.JPG 0 0 2492.479879 0.000000 799.387405 0.000000 2492.479879 525.034457 0.000000 0.000000 1.000000 2492.479879 0.000000 799.387405 0.000000 2492.479879 525.034457 0.000000 0.000000 1.000000 1.000000 0.000596 0.000422 -6.707800 -0.000595 1.000000 -0.000314 -9.031098 -0.000423 0.000313 1.000000 8.940698 0.000000 0.000000 0.000000 1.000000
datasets/GS/road/images/aerial_q/Q_009_00035.JPG datasets/GS/road/images/aerial_q/Q_009_00037.JPG 0 0 2492.479879 0.000000 799.387405 0.000000 2492.479879 525.034457 0.000000 0.000000 1.000000 2492.479879 0.000000 799.387405 0.000000 2492.479879 525.034457 0.000000 0.000000 1.000000 0.999994 0.002351 -0.002491 -6.732283 -0.002345 0.999995 0.002272 -8.998685 0.002496 -0.002266 0.999994 8.830804 0.000000 0.000000 0.000000 1.000000
datasets/GS/road/images/aerial_q/Q_009_00036.JPG datasets/GS/road/images/aerial_q/Q_009_00038.JPG 0 0 2492.479879 0.000000 799.387405 0.000000 2492.479879 525.034457 0.000000 0.000000 1.000000 2492.479879 0.000000 799.387405 0.000000 2492.479879 525.034457 0.000000 0.000000 1.000000 0.999968 0.005244 -0.005981 -6.939111 -0.005258 0.999984 -0.002186 -8.912690 0.005969 0.002218 0.999980 8.733745 0.000000 0.000000 0.000000 1.000000
datasets/GS/road/images/aerial_q/Q_009_00037.JPG datasets/GS/road/images/aerial_q/Q_009_00039.JPG 0 0 2492.479879 0.000000 799.387405 0.000000 2492.479879 525.034457 0.000000 0.000000 1.000000 2492.479879 0.000000 799.387405 0.000000 2492.479879 525.034457 0.000000 0.000000 1.000000 0.999948 -0.007233 0.007186 -6.590236 0.007232 0.999974 0.000125 -8.765068 -0.007187 -0.000073 0.999974 8.616904 0.000000 0.000000 0.000000 1.000000
datasets/GS/road/images/aerial_q/Q_009_00038.JPG datasets/GS/road/images/aerial_q/Q_009_00040.JPG 0 0 2492.479879 0.000000 799.387405 0.000000 2492.479879 525.034457 0.000000 0.000000 1.000000 2492.479879 0.000000 799.387405 0.000000 2492.479879 525.034457 0.000000 0.000000 1.000000 0.997139 0.057431 -0.049150 -6.058822 -0.057259 0.998347 0.004911 -7.114457 0.049350 -0.002082 0.998779 6.960216 0.000000 0.000000 0.000000 1.000000
datasets/GS/road/images/aerial_q/Q_009_00039.JPG datasets/GS/road/images/aerial_q/Q_009_00041.JPG 0 0 2492.479879 0.000000 799.387405 0.000000 2492.479879 525.034457 0.000000 0.000000 1.000000 2492.479879 0.000000 799.387405 0.000000 2492.479879 525.034457 0.000000 0.000000 1.000000 0.106606 0.713248 -0.692757 -9.818741 -0.713983 0.539812 0.445906 -3.525400 0.692000 0.447080 0.566794 3.777635 0.000000 0.000000 0.000000 1.000000
datasets/GS/road/images/aerial_q/Q_009_00040.JPG datasets/GS/road/images/aerial_q/Q_009_00042.JPG 0 0 2492.479879 0.000000 799.387405 0.000000 2492.479879 525.034457 0.000000 0.000000 1.000000 2492.479879 0.000000 799.387405 0.000000 2492.479879 525.034457 0.000000 0.000000 1.000000 0.139031 0.713414 -0.686812 -7.389986 -0.706342 0.557541 0.436152 -7.721572 0.694083 0.424486 0.581429 7.929739 0.000000 0.000000 0.000000 1.000000
datasets/GS/road/images/aerial_q/Q_009_00041.JPG datasets/GS/road/images/aerial_q/Q_009_00043.JPG 0 0 2492.479879 0.000000 799.387405 0.000000 2492.479879 525.034457 0.000000 0.000000 1.000000 2492.479879 0.000000 799.387405 0.000000 2492.479879 525.034457 0.000000 0.000000 1.000000 0.679219 0.530434 -0.507249 -6.531404 -0.531788 0.832014 0.157967 -4.449082 0.505830 0.162454 0.847198 4.175747 0.000000 0.000000 0.000000 1.000000
datasets/GS/road/images/aerial_q/Q_009_00042.JPG datasets/GS/road/images/aerial_q/Q_009_00044.JPG 0 0 2492.479879 0.000000 799.387405 0.000000 2492.479879 525.034457 0.000000 0.000000 1.000000 2492.479879 0.000000 799.387405 0.000000 2492.479879 525.034457 0.000000 0.000000 1.000000 -0.016293 0.715876 -0.698037 -6.508870 -0.718429 0.477169 0.506132 -4.522962 0.695410 0.509737 0.506531 4.137104 0.000000 0.000000 0.000000 1.000000
datasets/GS/road/images/aerial_q/Q_009_00043.JPG datasets/GS/road/images/aerial_q/Q_009_00045.JPG 0 0 2492.479879 0.000000 799.387405 0.000000 2492.479879 525.034457 0.000000 0.000000 1.000000 2492.479879 0.000000 799.387405 0.000000 2492.479879 525.034457 0.000000 0.000000 1.000000 0.646330 0.546628 -0.532405 -4.922399 -0.548930 0.817731 0.173185 -7.693235 0.530031 0.180318 0.828584 7.074294 0.000000 0.000000 0.000000 1.000000
datasets/GS/road/images/aerial_q/Q_009_00044.JPG datasets/GS/road/images/aerial_q/Q_009_00046.JPG 0 0 2492.479879 0.000000 799.387405 0.000000 2492.479879 525.034457 0.000000 0.000000 1.000000 2492.479879 0.000000 799.387405 0.000000 2492.479879 525.034457 0.000000 0.000000 1.000000 0.997389 0.050425 -0.051700 -5.788754 -0.050333 0.998728 0.003079 -9.157103 0.051789 -0.000469 0.998658 8.612831 0.000000 0.000000 0.000000 1.000000
datasets/GS/road/images/aerial_q/Q_009_00045.JPG datasets/GS/road/images/aerial_q/Q_009_00047.JPG 0 0 2492.479879 0.000000 799.387405 0.000000 2492.479879 525.034457 0.000000 0.000000 1.000000 2492.479879 0.000000 799.387405 0.000000 2492.479879 525.034457 0.000000 0.000000 1.000000 0.999912 -0.009102 0.009658 -6.401547 0.009015 0.999919 0.008957 -9.983396 -0.009739 -0.008869 0.999913 9.447927 0.000000 0.000000 0.000000 1.000000
datasets/GS/road/images/aerial_q/Q_009_00046.JPG datasets/GS/road/images/aerial_q/Q_009_00048.JPG 0 0 2492.479879 0.000000 799.387405 0.000000 2492.479879 525.034457 0.000000 0.000000 1.000000 2492.479879 0.000000 799.387405 0.000000 2492.479879 525.034457 0.000000 0.000000 1.000000 0.998785 -0.033784 0.035874 -6.700975 0.033469 0.999396 0.009324 -9.593672 -0.036168 -0.008112 0.999313 9.199880 0.000000 0.000000 0.000000 1.000000
datasets/GS/road/images/aerial_q/Q_009_00047.JPG datasets/GS/road/images/aerial_q/Q_009_00049.JPG 0 0 2492.479879 0.000000 799.387405 0.000000 2492.479879 525.034457 0.000000 0.000000 1.000000 2492.479879 0.000000 799.387405 0.000000 2492.479879 525.034457 0.000000 0.000000 1.000000 0.998747 0.039128 -0.031189 -7.334591 -0.038917 0.999215 0.007356 -8.741792 0.031452 -0.006133 0.999486 8.566189 0.000000 0.000000 0.000000 1.000000
datasets/GS/road/images/aerial_q/Q_009_00048.JPG datasets/GS/road/images/aerial_q/Q_009_00050.JPG 0 0 2492.479879 0.000000 799.387405 0.000000 2492.479879 525.034457 0.000000 0.000000 1.000000 2492.479879 0.000000 799.387405 0.000000 2492.479879 525.034457 0.000000 0.000000 1.000000 0.999778 0.016556 -0.012993 -6.615427 -0.016518 0.999859 0.003077 -8.660273 0.013042 -0.002862 0.999911 8.464385 0.000000 0.000000 0.000000 1.000000
datasets/GS/road/images/aerial_q/Q_009_00049.JPG datasets/GS/road/images/aerial_q/Q_009_00051.JPG 0 0 2492.479879 0.000000 799.387405 0.000000 2492.479879 525.034457 0.000000 0.000000 1.000000 2492.479879 0.000000 799.387405 0.000000 2492.479879 525.034457 0.000000 0.000000 1.000000 0.999029 -0.031587 0.030702 -6.476445 0.031518 0.999499 0.002738 -8.715318 -0.030773 -0.001768 0.999525 8.447637 0.000000 0.000000 0.000000 1.000000
datasets/GS/road/images/aerial_q/Q_009_00050.JPG datasets/GS/road/images/aerial_q/Q_009_00052.JPG 0 0 2492.479879 0.000000 799.387405 0.000000 2492.479879 525.034457 0.000000 0.000000 1.000000 2492.479879 0.000000 799.387405 0.000000 2492.479879 525.034457 0.000000 0.000000 1.000000 0.999869 -0.010747 0.012131 -6.525975 0.010744 0.999942 0.000373 -9.062308 -0.012135 -0.000242 0.999926 8.801251 0.000000 0.000000 0.000000 1.000000
datasets/GS/road/images/aerial_q/Q_009_00051.JPG datasets/GS/road/images/aerial_q/Q_009_00053.JPG 0 0 2492.479879 0.000000 799.387405 0.000000 2492.479879 525.034457 0.000000 0.000000 1.000000 2492.479879 0.000000 799.387405 0.000000 2492.479879 525.034457 0.000000 0.000000 1.000000 0.999949 -0.005843 0.008240 -6.711251 0.005817 0.999978 0.003201 -9.152942 -0.008258 -0.003153 0.999961 9.026873 0.000000 0.000000 0.000000 1.000000
datasets/GS/road/images/aerial_q/Q_009_00052.JPG datasets/GS/road/images/aerial_q/Q_009_00054.JPG 0 0 2492.479879 0.000000 799.387405 0.000000 2492.479879 525.034457 0.000000 0.000000 1.000000 2492.479879 0.000000 799.387405 0.000000 2492.479879 525.034457 0.000000 0.000000 1.000000 0.999132 0.030583 -0.028269 -6.857304 -0.030465 0.999525 0.004600 -8.716714 0.028396 -0.003735 0.999590 8.582055 0.000000 0.000000 0.000000 1.000000
datasets/GS/road/images/aerial_q/Q_009_00053.JPG datasets/GS/road/images/aerial_q/Q_009_00055.JPG 0 0 2492.479879 0.000000 799.387405 0.000000 2492.479879 525.034457 0.000000 0.000000 1.000000 2492.479879 0.000000 799.387405 0.000000 2492.479879 525.034457 0.000000 0.000000 1.000000 0.999995 -0.002284 0.002218 -6.546104 0.002283 0.999997 0.000301 -8.982570 -0.002219 -0.000296 0.999998 8.789622 0.000000 0.000000 0.000000 1.000000
datasets/GS/road/images/aerial_q/Q_009_00054.JPG datasets/GS/road/images/aerial_q/Q_009_00056.JPG 0 0 2492.479879 0.000000 799.387405 0.000000 2492.479879 525.034457 0.000000 0.000000 1.000000 2492.479879 0.000000 799.387405 0.000000 2492.479879 525.034457 0.000000 0.000000 1.000000 0.999014 -0.032384 0.030371 -6.953971 0.032291 0.999472 0.003531 -9.101770 -0.030470 -0.002547 0.999532 8.957207 0.000000 0.000000 0.000000 1.000000
datasets/GS/road/images/aerial_q/Q_009_00055.JPG datasets/GS/road/images/aerial_q/Q_009_00057.JPG 0 0 2492.479879 0.000000 799.387405 0.000000 2492.479879 525.034457 0.000000 0.000000 1.000000 2492.479879 0.000000 799.387405 0.000000 2492.479879 525.034457 0.000000 0.000000 1.000000 0.999924 0.009224 -0.008129 -6.983702 -0.009211 0.999956 0.001572 -8.712564 0.008144 -0.001497 0.999966 8.554303 0.000000 0.000000 0.000000 1.000000
datasets/GS/road/images/aerial_q/Q_009_00056.JPG datasets/GS/road/images/aerial_q/Q_009_00058.JPG 0 0 2492.479879 0.000000 799.387405 0.000000 2492.479879 525.034457 0.000000 0.000000 1.000000 2492.479879 0.000000 799.387405 0.000000 2492.479879 525.034457 0.000000 0.000000 1.000000 1.000000 -0.000203 -0.000624 -6.878004 0.000202 0.999998 -0.002019 -8.936697 0.000625 0.002019 0.999998 8.799101 0.000000 0.000000 0.000000 1.000000
datasets/GS/road/images/aerial_q/Q_009_00057.JPG datasets/GS/road/images/aerial_q/Q_009_00059.JPG 0 0 2492.479879 0.000000 799.387405 0.000000 2492.479879 525.034457 0.000000 0.000000 1.000000 2492.479879 0.000000 799.387405 0.000000 2492.479879 525.034457 0.000000 0.000000 1.000000 0.999958 -0.006316 0.006576 -7.267135 0.006312 0.999980 0.000731 -9.204151 -0.006581 -0.000689 0.999978 9.106639 0.000000 0.000000 0.000000 1.000000
datasets/GS/road/images/aerial_q/Q_009_00058.JPG datasets/GS/road/images/aerial_q/Q_009_00060.JPG 0 0 2492.479879 0.000000 799.387405 0.000000 2492.479879 525.034457 0.000000 0.000000 1.000000 2492.479879 0.000000 799.387405 0.000000 2492.479879 525.034457 0.000000 0.000000 1.000000 0.999993 0.003777 -0.000385 -6.997569 -0.003776 0.999989 0.002924 -9.066151 0.000396 -0.002923 0.999996 8.966608 0.000000 0.000000 0.000000 1.000000
datasets/GS/road/images/aerial_q/Q_009_00059.JPG datasets/GS/road/images/aerial_q/Q_009_00061.JPG 0 0 2492.479879 0.000000 799.387405 0.000000 2492.479879 525.034457 0.000000 0.000000 1.000000 2492.479879 0.000000 799.387405 0.000000 2492.479879 525.034457 0.000000 0.000000 1.000000 1.000000 0.000547 -0.000290 -6.753749 -0.000547 0.999999 0.001495 -8.992369 0.000291 -0.001495 0.999999 8.927438 0.000000 0.000000 0.000000 1.000000
datasets/GS/road/images/aerial_q/Q_009_00060.JPG datasets/GS/road/images/aerial_q/Q_009_00062.JPG 0 0 2492.479879 0.000000 799.387405 0.000000 2492.479879 525.034457 0.000000 0.000000 1.000000 2492.479879 0.000000 799.387405 0.000000 2492.479879 525.034457 0.000000 0.000000 1.000000 0.999985 0.004155 -0.003690 -7.245506 -0.004153 0.999991 0.000574 -9.483903 0.003692 -0.000559 0.999993 9.482059 0.000000 0.000000 0.000000 1.000000
datasets/GS/road/images/aerial_q/Q_009_00061.JPG datasets/GS/road/images/aerial_q/Q_009_00063.JPG 0 0 2492.479879 0.000000 799.387405 0.000000 2492.479879 525.034457 0.000000 0.000000 1.000000 2492.479879 0.000000 799.387405 0.000000 2492.479879 525.034457 0.000000 0.000000 1.000000 0.999969 0.006212 -0.004769 -6.766863 -0.006210 0.999981 0.000537 -8.760055 0.004772 -0.000507 0.999988 8.740820 0.000000 0.000000 0.000000 1.000000
datasets/GS/road/images/aerial_q/Q_009_00062.JPG datasets/GS/road/images/aerial_q/Q_009_00064.JPG 0 0 2492.479879 0.000000 799.387405 0.000000 2492.479879 525.034457 0.000000 0.000000 1.000000 2492.479879 0.000000 799.387405 0.000000 2492.479879 525.034457 0.000000 0.000000 1.000000 0.999994 0.002342 -0.002591 -6.060549 -0.002343 0.999997 -0.000143 -7.966474 0.002590 0.000149 0.999997 7.911684 0.000000 0.000000 0.000000 1.000000
datasets/GS/road/images/aerial_q/Q_009_00063.JPG datasets/GS/road/images/aerial_q/Q_009_00065.JPG 0 0 2492.479879 0.000000 799.387405 0.000000 2492.479879 525.034457 0.000000 0.000000 1.000000 2492.479879 0.000000 799.387405 0.000000 2492.479879 525.034457 0.000000 0.000000 1.000000 0.999974 -0.005695 0.004430 -6.640472 0.005692 0.999984 0.000681 -8.708876 -0.004434 -0.000656 0.999990 8.650681 0.000000 0.000000 0.000000 1.000000
datasets/GS/road/images/aerial_q/Q_009_00064.JPG datasets/GS/road/images/aerial_q/Q_009_00066.JPG 0 0 2492.479879 0.000000 799.387405 0.000000 2492.479879 525.034457 0.000000 0.000000 1.000000 2492.479879 0.000000 799.387405 0.000000 2492.479879 525.034457 0.000000 0.000000 1.000000 0.999980 -0.004562 0.004402 -6.795958 0.004560 0.999989 0.000583 -8.866435 -0.004404 -0.000562 0.999990 8.820364 0.000000 0.000000 0.000000 1.000000
datasets/GS/road/images/aerial_q/Q_009_00065.JPG datasets/GS/road/images/aerial_q/Q_009_00067.JPG 0 0 2492.479879 0.000000 799.387405 0.000000 2492.479879 525.034457 0.000000 0.000000 1.000000 2492.479879 0.000000 799.387405 0.000000 2492.479879 525.034457 0.000000 0.000000 1.000000 0.999999 0.000912 -0.000811 -6.756013 -0.000912 1.000000 0.000211 -8.868067 0.000811 -0.000210 1.000000 8.810566 0.000000 0.000000 0.000000 1.000000
datasets/GS/road/images/aerial_q/Q_009_00066.JPG datasets/GS/road/images/aerial_q/Q_009_00068.JPG 0 0 2492.479879 0.000000 799.387405 0.000000 2492.479879 525.034457 0.000000 0.000000 1.000000 2492.479879 0.000000 799.387405 0.000000 2492.479879 525.034457 0.000000 0.000000 1.000000 0.999971 0.005420 -0.005426 -6.997880 -0.005420 0.999985 0.000004 -9.102365 0.005426 0.000026 0.999985 9.058437 0.000000 0.000000 0.000000 1.000000
datasets/GS/road/images/aerial_q/Q_009_00067.JPG datasets/GS/road/images/aerial_q/Q_009_00069.JPG 0 0 2492.479879 0.000000 799.387405 0.000000 2492.479879 525.034457 0.000000 0.000000 1.000000 2492.479879 0.000000 799.387405 0.000000 2492.479879 525.034457 0.000000 0.000000 1.000000 1.000000 0.000267 -0.000034 -6.715828 -0.000267 0.999999 0.001068 -8.901346 0.000034 -0.001068 0.999999 8.893412 0.000000 0.000000 0.000000 1.000000
datasets/GS/road/images/aerial_q/Q_009_00068.JPG datasets/GS/road/images/aerial_q/Q_009_00070.JPG 0 0 2492.479879 0.000000 799.387405 0.000000 2492.479879 525.034457 0.000000 0.000000 1.000000 2492.479879 0.000000 799.387405 0.000000 2492.479879 525.034457 0.000000 0.000000 1.000000 0.999985 -0.004350 0.003301 -6.627748 0.004346 0.999990 0.001319 -8.818791 -0.003307 -0.001305 0.999994 8.786278 0.000000 0.000000 0.000000 1.000000
datasets/GS/road/images/aerial_q/Q_009_00069.JPG datasets/GS/road/images/aerial_q/Q_009_00071.JPG 0 0 2492.479879 0.000000 799.387405 0.000000 2492.479879 525.034457 0.000000 0.000000 1.000000 2492.479879 0.000000 799.387405 0.000000 2492.479879 525.034457 0.000000 0.000000 1.000000 0.999982 0.003311 -0.005026 -6.906689 -0.003311 0.999995 -0.000074 -9.025730 0.005026 0.000091 0.999987 8.977955 0.000000 0.000000 0.000000 1.000000
datasets/GS/road/images/aerial_q/Q_009_00070.JPG datasets/GS/road/images/aerial_q/Q_009_00072.JPG 0 0 2492.479879 0.000000 799.387405 0.000000 2492.479879 525.034457 0.000000 0.000000 1.000000 2492.479879 0.000000 799.387405 0.000000 2492.479879 525.034457 0.000000 0.000000 1.000000 0.999977 0.004174 -0.005357 -7.106447 -0.004178 0.999991 -0.000740 -9.312909 0.005354 0.000763 0.999985 9.241757 0.000000 0.000000 0.000000 1.000000
datasets/GS/road/images/aerial_q/Q_009_00071.JPG datasets/GS/road/images/aerial_q/Q_009_00073.JPG 0 0 2492.479879 0.000000 799.387405 0.000000 2492.479879 525.034457 0.000000 0.000000 1.000000 2492.479879 0.000000 799.387405 0.000000 2492.479879 525.034457 0.000000 0.000000 1.000000 0.999986 0.004439 -0.003034 -6.965475 -0.004437 0.999990 0.000680 -9.144372 0.003037 -0.000667 0.999995 9.139697 0.000000 0.000000 0.000000 1.000000
datasets/GS/road/images/aerial_q/Q_009_00072.JPG datasets/GS/road/images/aerial_q/Q_009_00074.JPG 0 0 2492.479879 0.000000 799.387405 0.000000 2492.479879 525.034457 0.000000 0.000000 1.000000 2492.479879 0.000000 799.387405 0.000000 2492.479879 525.034457 0.000000 0.000000 1.000000 0.999973 -0.005134 0.005250 -6.193064 0.005124 0.999985 0.001906 -8.587963 -0.005260 -0.001879 0.999984 8.571013 0.000000 0.000000 0.000000 1.000000
datasets/GS/road/images/aerial_q/Q_009_00073.JPG datasets/GS/road/images/aerial_q/Q_009_00075.JPG 0 0 2492.479879 0.000000 799.387405 0.000000 2492.479879 525.034457 0.000000 0.000000 1.000000 2492.479879 0.000000 799.387405 0.000000 2492.479879 525.034457 0.000000 0.000000 1.000000 0.999969 0.003890 -0.006790 -6.518621 -0.003886 0.999992 0.000596 -8.579960 0.006792 -0.000570 0.999977 8.504861 0.000000 0.000000 0.000000 1.000000
datasets/GS/road/images/aerial_q/Q_009_00074.JPG datasets/GS/road/images/aerial_q/Q_009_00076.JPG 0 0 2492.479879 0.000000 799.387405 0.000000 2492.479879 525.034457 0.000000 0.000000 1.000000 2492.479879 0.000000 799.387405 0.000000 2492.479879 525.034457 0.000000 0.000000 1.000000 0.999956 0.005088 -0.007875 -6.926417 -0.005091 0.999987 -0.000260 -8.881188 0.007874 0.000300 0.999969 8.779563 0.000000 0.000000 0.000000 1.000000
datasets/GS/road/images/aerial_q/Q_009_00075.JPG datasets/GS/road/images/aerial_q/Q_009_00077.JPG 0 0 2492.479879 0.000000 799.387405 0.000000 2492.479879 525.034457 0.000000 0.000000 1.000000 2492.479879 0.000000 799.387405 0.000000 2492.479879 525.034457 0.000000 0.000000 1.000000 0.999836 -0.014168 0.011259 -6.937100 0.014174 0.999899 -0.000419 -8.732339 -0.011252 0.000579 0.999937 8.605667 0.000000 0.000000 0.000000 1.000000
datasets/GS/road/images/aerial_q/Q_009_00076.JPG datasets/GS/road/images/aerial_q/Q_009_00078.JPG 0 0 2492.479879 0.000000 799.387405 0.000000 2492.479879 525.034457 0.000000 0.000000 1.000000 2492.479879 0.000000 799.387405 0.000000 2492.479879 525.034457 0.000000 0.000000 1.000000 0.999977 -0.004662 0.004829 -7.117450 0.004661 0.999989 0.000168 -8.928073 -0.004830 -0.000145 0.999988 8.835080 0.000000 0.000000 0.000000 1.000000
datasets/GS/road/images/aerial_q/Q_009_00077.JPG datasets/GS/road/images/aerial_q/Q_009_00079.JPG 0 0 2492.479879 0.000000 799.387405 0.000000 2492.479879 525.034457 0.000000 0.000000 1.000000 2492.479879 0.000000 799.387405 0.000000 2492.479879 525.034457 0.000000 0.000000 1.000000 0.997586 -0.048590 0.049601 -5.677707 0.048139 0.998788 0.010253 -7.956375 -0.050039 -0.007840 0.998717 8.071505 0.000000 0.000000 0.000000 1.000000
datasets/GS/road/images/aerial_q/Q_009_00078.JPG datasets/GS/road/images/aerial_q/Q_009_00080.JPG 0 0 2492.479879 0.000000 799.387405 0.000000 2492.479879 525.034457 0.000000 0.000000 1.000000 2492.479879 0.000000 799.387405 0.000000 2492.479879 525.034457 0.000000 0.000000 1.000000 0.777754 -0.452445 0.436339 -1.922492 0.446749 0.886217 0.122619 -6.226942 -0.442169 0.099567 0.891388 6.131514 0.000000 0.000000 0.000000 1.000000
datasets/GS/road/images/aerial_q/Q_009_00079.JPG datasets/GS/road/images/aerial_q/Q_009_00081.JPG 0 0 2492.479879 0.000000 799.387405 0.000000 2492.479879 525.034457 0.000000 0.000000 1.000000 2492.479879 0.000000 799.387405 0.000000 2492.479879 525.034457 0.000000 0.000000 1.000000 0.412438 -0.652929 0.635278 -2.806941 0.645410 0.701577 0.302054 -5.821594 -0.642916 0.285436 0.710764 5.603087 0.000000 0.000000 0.000000 1.000000
datasets/GS/road/images/aerial_q/Q_009_00080.JPG datasets/GS/road/images/aerial_q/Q_009_00082.JPG 0 0 2492.479879 0.000000 799.387405 0.000000 2492.479879 525.034457 0.000000 0.000000 1.000000 2492.479879 0.000000 799.387405 0.000000 2492.479879 525.034457 0.000000 0.000000 1.000000 0.813456 -0.415139 0.407369 -4.599451 0.412524 0.905544 0.099066 -5.515845 -0.410017 0.087463 0.907875 5.475286 0.000000 0.000000 0.000000 1.000000
datasets/GS/road/images/aerial_q/Q_009_00081.JPG datasets/GS/road/images/aerial_q/Q_009_00083.JPG 0 0 2492.479879 0.000000 799.387405 0.000000 2492.479879 525.034457 0.000000 0.000000 1.000000 2492.479879 0.000000 799.387405 0.000000 2492.479879 525.034457 0.000000 0.000000 1.000000 0.774729 -0.452139 0.442001 -1.391487 0.448920 0.885605 0.119061 -5.747273 -0.445270 0.106183 0.889078 5.722710 0.000000 0.000000 0.000000 1.000000
datasets/GS/road/images/aerial_q/Q_009_00082.JPG datasets/GS/road/images/aerial_q/Q_009_00084.JPG 0 0 2492.479879 0.000000 799.387405 0.000000 2492.479879 525.034457 0.000000 0.000000 1.000000 2492.479879 0.000000 799.387405 0.000000 2492.479879 525.034457 0.000000 0.000000 1.000000 -0.220493 -0.707303 0.671644 0.818161 0.686585 0.376551 0.621940 -5.178493 -0.692808 0.598274 0.402597 5.110484 0.000000 0.000000 0.000000 1.000000
datasets/GS/road/images/aerial_q/Q_009_00083.JPG datasets/GS/road/images/aerial_q/Q_009_00085.JPG 0 0 2492.479879 0.000000 799.387405 0.000000 2492.479879 525.034457 0.000000 0.000000 1.000000 2492.479879 0.000000 799.387405 0.000000 2492.479879 525.034457 0.000000 0.000000 1.000000 0.312983 -0.684237 0.658682 -3.994112 0.674076 0.648601 0.353467 -6.327727 -0.669077 0.333372 0.664228 6.058015 0.000000 0.000000 0.000000 1.000000
datasets/GS/road/images/aerial_q/Q_009_00084.JPG datasets/GS/road/images/aerial_q/Q_009_00086.JPG 0 0 2492.479879 0.000000 799.387405 0.000000 2492.479879 525.034457 0.000000 0.000000 1.000000 2492.479879 0.000000 799.387405 0.000000 2492.479879 525.034457 0.000000 0.000000 1.000000 0.998564 -0.036643 0.039078 -5.044355 0.036822 0.999314 -0.003888 -6.962165 -0.038909 0.005322 0.999229 6.485245 0.000000 0.000000 0.000000 1.000000
datasets/GS/road/images/aerial_q/Q_009_00085.JPG datasets/GS/road/images/aerial_q/Q_009_00087.JPG 0 0 2492.479879 0.000000 799.387405 0.000000 2492.479879 525.034457 0.000000 0.000000 1.000000 2492.479879 0.000000 799.387405 0.000000 2492.479879 525.034457 0.000000 0.000000 1.000000 0.999987 -0.002499 0.004418 -5.436120 0.002519 0.999987 -0.004417 -8.392139 -0.004407 0.004428 0.999980 7.806275 0.000000 0.000000 0.000000 1.000000
datasets/GS/road/images/aerial_q/Q_009_00086.JPG datasets/GS/road/images/aerial_q/Q_009_00088.JPG 0 0 2492.479879 0.000000 799.387405 0.000000 2492.479879 525.034457 0.000000 0.000000 1.000000 2492.479879 0.000000 799.387405 0.000000 2492.479879 525.034457 0.000000 0.000000 1.000000 0.999948 0.008710 -0.005368 -6.157901 -0.008706 0.999962 0.000776 -9.188164 0.005375 -0.000729 0.999985 8.658948 0.000000 0.000000 0.000000 1.000000
datasets/GS/road/images/aerial_q/Q_009_00087.JPG datasets/GS/road/images/aerial_q/Q_009_00089.JPG 0 0 2492.479879 0.000000 799.387405 0.000000 2492.479879 525.034457 0.000000 0.000000 1.000000 2492.479879 0.000000 799.387405 0.000000 2492.479879 525.034457 0.000000 0.000000 1.000000 0.999979 0.006385 -0.000872 -6.478109 -0.006379 0.999952 0.007463 -9.643534 0.000919 -0.007457 0.999972 9.110469 0.000000 0.000000 0.000000 1.000000
datasets/GS/road/images/aerial_q/Q_009_00088.JPG datasets/GS/road/images/aerial_q/Q_009_00090.JPG 0 0 2492.479879 0.000000 799.387405 0.000000 2492.479879 525.034457 0.000000 0.000000 1.000000 2492.479879 0.000000 799.387405 0.000000 2492.479879 525.034457 0.000000 0.000000 1.000000 0.999797 -0.010391 0.017237 -6.680918 0.010262 0.999919 0.007587 -9.380733 -0.017314 -0.007409 0.999823 8.883096 0.000000 0.000000 0.000000 1.000000
datasets/GS/road/images/aerial_q/Q_009_00089.JPG datasets/GS/road/images/aerial_q/Q_009_00091.JPG 0 0 2492.479879 0.000000 799.387405 0.000000 2492.479879 525.034457 0.000000 0.000000 1.000000 2492.479879 0.000000 799.387405 0.000000 2492.479879 525.034457 0.000000 0.000000 1.000000 0.999586 0.024460 -0.015116 -7.284397 -0.024408 0.999696 0.003582 -9.427271 0.015199 -0.003212 0.999879 9.170821 0.000000 0.000000 0.000000 1.000000
datasets/GS/road/images/aerial_q/Q_009_00090.JPG datasets/GS/road/images/aerial_q/Q_009_00092.JPG 0 0 2492.479879 0.000000 799.387405 0.000000 2492.479879 525.034457 0.000000 0.000000 1.000000 2492.479879 0.000000 799.387405 0.000000 2492.479879 525.034457 0.000000 0.000000 1.000000 0.999432 0.027102 -0.020051 -6.833320 -0.027041 0.999629 0.003294 -8.954347 0.020133 -0.002750 0.999794 8.711738 0.000000 0.000000 0.000000 1.000000
datasets/GS/road/images/aerial_q/Q_009_00091.JPG datasets/GS/road/images/aerial_q/Q_009_00093.JPG 0 0 2492.479879 0.000000 799.387405 0.000000 2492.479879 525.034457 0.000000 0.000000 1.000000 2492.479879 0.000000 799.387405 0.000000 2492.479879 525.034457 0.000000 0.000000 1.000000 0.999968 -0.003692 0.007120 -6.460036 0.003672 0.999989 0.002795 -8.691733 -0.007130 -0.002769 0.999971 8.318046 0.000000 0.000000 0.000000 1.000000
datasets/GS/road/images/aerial_q/Q_009_00092.JPG datasets/GS/road/images/aerial_q/Q_009_00094.JPG 0 0 2492.479879 0.000000 799.387405 0.000000 2492.479879 525.034457 0.000000 0.000000 1.000000 2492.479879 0.000000 799.387405 0.000000 2492.479879 525.034457 0.000000 0.000000 1.000000 0.999945 -0.005442 0.008947 -6.835591 0.005416 0.999981 0.002998 -9.240646 -0.008963 -0.002949 0.999955 8.956260 0.000000 0.000000 0.000000 1.000000
datasets/GS/road/images/aerial_q/Q_009_00093.JPG datasets/GS/road/images/aerial_q/Q_009_00095.JPG 0 0 2492.479879 0.000000 799.387405 0.000000 2492.479879 525.034457 0.000000 0.000000 1.000000 2492.479879 0.000000 799.387405 0.000000 2492.479879 525.034457 0.000000 0.000000 1.000000 0.999960 -0.004265 0.007859 -6.822554 0.004240 0.999986 0.003223 -9.187547 -0.007872 -0.003190 0.999964 8.951321 0.000000 0.000000 0.000000 1.000000
datasets/GS/road/images/aerial_q/Q_009_00094.JPG datasets/GS/road/images/aerial_q/Q_009_00096.JPG 0 0 2492.479879 0.000000 799.387405 0.000000 2492.479879 525.034457 0.000000 0.000000 1.000000 2492.479879 0.000000 799.387405 0.000000 2492.479879 525.034457 0.000000 0.000000 1.000000 0.999984 -0.002123 0.005326 -6.884926 0.002117 0.999997 0.001200 -8.937217 -0.005328 -0.001188 0.999985 8.697041 0.000000 0.000000 0.000000 1.000000
datasets/GS/road/images/aerial_q/Q_009_00095.JPG datasets/GS/road/images/aerial_q/Q_009_00097.JPG 0 0 2492.479879 0.000000 799.387405 0.000000 2492.479879 525.034457 0.000000 0.000000 1.000000 2492.479879 0.000000 799.387405 0.000000 2492.479879 525.034457 0.000000 0.000000 1.000000 0.999976 -0.003457 0.005982 -6.915753 0.003440 0.999990 0.002890 -9.060580 -0.005992 -0.002870 0.999978 8.869147 0.000000 0.000000 0.000000 1.000000
datasets/GS/road/images/aerial_q/Q_009_00096.JPG datasets/GS/road/images/aerial_q/Q_009_00098.JPG 0 0 2492.479879 0.000000 799.387405 0.000000 2492.479879 525.034457 0.000000 0.000000 1.000000 2492.479879 0.000000 799.387405 0.000000 2492.479879 525.034457 0.000000 0.000000 1.000000 0.999960 -0.005077 0.007297 -6.615504 0.005048 0.999979 0.003958 -8.622319 -0.007317 -0.003921 0.999966 8.429224 0.000000 0.000000 0.000000 1.000000
datasets/GS/road/images/aerial_q/Q_009_00097.JPG datasets/GS/road/images/aerial_q/Q_009_00099.JPG 0 0 2492.479879 0.000000 799.387405 0.000000 2492.479879 525.034457 0.000000 0.000000 1.000000 2492.479879 0.000000 799.387405 0.000000 2492.479879 525.034457 0.000000 0.000000 1.000000 0.999981 0.005768 -0.002249 -6.684561 -0.005767 0.999983 0.000483 -8.606376 0.002251 -0.000470 0.999997 8.493582 0.000000 0.000000 0.000000 1.000000
datasets/GS/road/images/aerial_q/Q_009_00098.JPG datasets/GS/road/images/aerial_q/Q_009_00100.JPG 0 0 2492.479879 0.000000 799.387405 0.000000 2492.479879 525.034457 0.000000 0.000000 1.000000 2492.479879 0.000000 799.387405 0.000000 2492.479879 525.034457 0.000000 0.000000 1.000000 0.999995 0.003274 0.000025 -7.098057 -0.003274 0.999995 -0.000107 -9.235496 -0.000026 0.000107 1.000000 9.166922 0.000000 0.000000 0.000000 1.000000
datasets/GS/road/images/aerial_q/Q_009_00099.JPG datasets/GS/road/images/aerial_q/Q_009_00101.JPG 0 0 2492.479879 0.000000 799.387405 0.000000 2492.479879 525.034457 0.000000 0.000000 1.000000 2492.479879 0.000000 799.387405 0.000000 2492.479879 525.034457 0.000000 0.000000 1.000000 0.999997 0.000766 0.002336 -6.885709 -0.000769 0.999998 0.001592 -9.098906 -0.002335 -0.001594 0.999996 9.023094 0.000000 0.000000 0.000000 1.000000
datasets/GS/road/images/aerial_q/Q_009_00100.JPG datasets/GS/road/images/aerial_q/Q_009_00102.JPG 0 0 2492.479879 0.000000 799.387405 0.000000 2492.479879 525.034457 0.000000 0.000000 1.000000 2492.479879 0.000000 799.387405 0.000000 2492.479879 525.034457 0.000000 0.000000 1.000000 0.999999 0.001326 0.000842 -6.575838 -0.001327 0.999998 0.001444 -8.737237 -0.000840 -0.001445 0.999999 8.638854 0.000000 0.000000 0.000000 1.000000
datasets/GS/road/images/aerial_q/Q_009_00101.JPG datasets/GS/road/images/aerial_q/Q_009_00103.JPG 0 0 2492.479879 0.000000 799.387405 0.000000 2492.479879 525.034457 0.000000 0.000000 1.000000 2492.479879 0.000000 799.387405 0.000000 2492.479879 525.034457 0.000000 0.000000 1.000000 0.999995 -0.001085 0.002986 -6.702839 0.001079 0.999998 0.001871 -8.641161 -0.002988 -0.001868 0.999994 8.553361 0.000000 0.000000 0.000000 1.000000
datasets/GS/road/images/aerial_q/Q_009_00102.JPG datasets/GS/road/images/aerial_q/Q_009_00104.JPG 0 0 2492.479879 0.000000 799.387405 0.000000 2492.479879 525.034457 0.000000 0.000000 1.000000 2492.479879 0.000000 799.387405 0.000000 2492.479879 525.034457 0.000000 0.000000 1.000000 0.999997 0.002357 -0.000011 -6.837545 -0.002357 0.999996 0.001279 -8.771719 0.000014 -0.001279 0.999999 8.740793 0.000000 0.000000 0.000000 1.000000
datasets/GS/road/images/aerial_q/Q_009_00103.JPG datasets/GS/road/images/aerial_q/Q_009_00105.JPG 0 0 2492.479879 0.000000 799.387405 0.000000 2492.479879 525.034457 0.000000 0.000000 1.000000 2492.479879 0.000000 799.387405 0.000000 2492.479879 525.034457 0.000000 0.000000 1.000000 0.999998 0.001671 -0.001367 -6.743335 -0.001671 0.999999 -0.000080 -8.854858 0.001366 0.000082 0.999999 8.869443 0.000000 0.000000 0.000000 1.000000
datasets/GS/road/images/aerial_q/Q_009_00104.JPG datasets/GS/road/images/aerial_q/Q_009_00106.JPG 0 0 2492.479879 0.000000 799.387405 0.000000 2492.479879 525.034457 0.000000 0.000000 1.000000 2492.479879 0.000000 799.387405 0.000000 2492.479879 525.034457 0.000000 0.000000 1.000000 0.999999 -0.000888 0.000796 -6.990002 0.000887 0.999999 0.001261 -9.229204 -0.000797 -0.001260 0.999999 9.198012 0.000000 0.000000 0.000000 1.000000
datasets/GS/road/images/aerial_q/Q_009_00105.JPG datasets/GS/road/images/aerial_q/Q_009_00107.JPG 0 0 2492.479879 0.000000 799.387405 0.000000 2492.479879 525.034457 0.000000 0.000000 1.000000 2492.479879 0.000000 799.387405 0.000000 2492.479879 525.034457 0.000000 0.000000 1.000000 0.999999 -0.001098 0.001201 -6.944488 0.001098 0.999999 -0.000277 -9.107207 -0.001200 0.000278 0.999999 9.039295 0.000000 0.000000 0.000000 1.000000
datasets/GS/road/images/aerial_q/Q_009_00106.JPG datasets/GS/road/images/aerial_q/Q_009_00108.JPG 0 0 2492.479879 0.000000 799.387405 0.000000 2492.479879 525.034457 0.000000 0.000000 1.000000 2492.479879 0.000000 799.387405 0.000000 2492.479879 525.034457 0.000000 0.000000 1.000000 0.999983 0.004593 -0.003561 -6.959931 -0.004594 0.999989 -0.000096 -8.902621 0.003561 0.000113 0.999994 8.832947 0.000000 0.000000 0.000000 1.000000
datasets/GS/road/images/aerial_q/Q_009_00107.JPG datasets/GS/road/images/aerial_q/Q_009_00109.JPG 0 0 2492.479879 0.000000 799.387405 0.000000 2492.479879 525.034457 0.000000 0.000000 1.000000 2492.479879 0.000000 799.387405 0.000000 2492.479879 525.034457 0.000000 0.000000 1.000000 0.999982 0.004484 -0.004016 -6.902983 -0.004480 0.999990 0.000921 -8.996215 0.004020 -0.000903 0.999991 8.994436 0.000000 0.000000 0.000000 1.000000
datasets/GS/road/images/aerial_q/Q_009_00108.JPG datasets/GS/road/images/aerial_q/Q_009_00110.JPG 0 0 2492.479879 0.000000 799.387405 0.000000 2492.479879 525.034457 0.000000 0.000000 1.000000 2492.479879 0.000000 799.387405 0.000000 2492.479879 525.034457 0.000000 0.000000 1.000000 0.999974 -0.005459 0.004652 -6.608818 0.005459 0.999985 -0.000146 -8.661128 -0.004651 0.000171 0.999989 8.715108 0.000000 0.000000 0.000000 1.000000
datasets/GS/road/images/aerial_q/Q_009_00109.JPG datasets/GS/road/images/aerial_q/Q_009_00111.JPG 0 0 2492.479879 0.000000 799.387405 0.000000 2492.479879 525.034457 0.000000 0.000000 1.000000 2492.479879 0.000000 799.387405 0.000000 2492.479879 525.034457 0.000000 0.000000 1.000000 0.999929 -0.007736 0.009083 -6.681231 0.007728 0.999970 0.000931 -8.458396 -0.009090 -0.000861 0.999958 8.398563 0.000000 0.000000 0.000000 1.000000
datasets/GS/road/images/aerial_q/Q_009_00110.JPG datasets/GS/road/images/aerial_q/Q_009_00112.JPG 0 0 2492.479879 0.000000 799.387405 0.000000 2492.479879 525.034457 0.000000 0.000000 1.000000 2492.479879 0.000000 799.387405 0.000000 2492.479879 525.034457 0.000000 0.000000 1.000000 0.999687 -0.016397 0.018886 -6.724208 0.016400 0.999866 -0.000041 -8.804004 -0.018883 0.000351 0.999822 8.712018 0.000000 0.000000 0.000000 1.000000
datasets/GS/road/images/aerial_q/Q_009_00111.JPG datasets/GS/road/images/aerial_q/Q_009_00113.JPG 0 0 2492.479879 0.000000 799.387405 0.000000 2492.479879 525.034457 0.000000 0.000000 1.000000 2492.479879 0.000000 799.387405 0.000000 2492.479879 525.034457 0.000000 0.000000 1.000000 0.999911 0.010189 -0.008570 -7.107490 -0.010204 0.999946 -0.001732 -8.825349 0.008552 0.001820 0.999962 8.856423 0.000000 0.000000 0.000000 1.000000
datasets/GS/road/images/aerial_q/Q_009_00112.JPG datasets/GS/road/images/aerial_q/Q_009_00114.JPG 0 0 2492.479879 0.000000 799.387405 0.000000 2492.479879 525.034457 0.000000 0.000000 1.000000 2492.479879 0.000000 799.387405 0.000000 2492.479879 525.034457 0.000000 0.000000 1.000000 0.999245 0.028085 -0.026865 -7.329581 -0.028101 0.999605 -0.000206 -9.091126 0.026849 0.000960 0.999639 9.163510 0.000000 0.000000 0.000000 1.000000
datasets/GS/road/images/aerial_q/Q_009_00113.JPG datasets/GS/road/images/aerial_q/Q_009_00115.JPG 0 0 2492.479879 0.000000 799.387405 0.000000 2492.479879 525.034457 0.000000 0.000000 1.000000 2492.479879 0.000000 799.387405 0.000000 2492.479879 525.034457 0.000000 0.000000 1.000000 0.999998 0.001906 -0.000608 -7.044341 -0.001906 0.999998 -0.000243 -9.109238 0.000608 0.000244 1.000000 9.081046 0.000000 0.000000 0.000000 1.000000
datasets/GS/road/images/aerial_q/Q_009_00114.JPG datasets/GS/road/images/aerial_q/Q_009_00116.JPG 0 0 2492.479879 0.000000 799.387405 0.000000 2492.479879 525.034457 0.000000 0.000000 1.000000 2492.479879 0.000000 799.387405 0.000000 2492.479879 525.034457 0.000000 0.000000 1.000000 0.999889 -0.010738 0.010335 -6.326352 0.010739 0.999942 -0.000086 -8.676105 -0.010333 0.000197 0.999947 8.604794 0.000000 0.000000 0.000000 1.000000
datasets/GS/road/images/aerial_q/Q_009_00115.JPG datasets/GS/road/images/aerial_q/Q_009_00117.JPG 0 0 2492.479879 0.000000 799.387405 0.000000 2492.479879 525.034457 0.000000 0.000000 1.000000 2492.479879 0.000000 799.387405 0.000000 2492.479879 525.034457 0.000000 0.000000 1.000000 0.999922 -0.009892 0.007599 -6.535722 0.009889 0.999951 0.000529 -8.895125 -0.007604 -0.000454 0.999971 8.860826 0.000000 0.000000 0.000000 1.000000
datasets/GS/road/images/aerial_q/Q_009_00116.JPG datasets/GS/road/images/aerial_q/Q_009_00118.JPG 0 0 2492.479879 0.000000 799.387405 0.000000 2492.479879 525.034457 0.000000 0.000000 1.000000 2492.479879 0.000000 799.387405 0.000000 2492.479879 525.034457 0.000000 0.000000 1.000000 0.999840 0.013034 -0.012220 -7.133536 -0.013036 0.999915 -0.000065 -8.958495 0.012218 0.000224 0.999925 8.993106 0.000000 0.000000 0.000000 1.000000
datasets/GS/road/images/aerial_q/Q_009_00117.JPG datasets/GS/road/images/aerial_q/Q_009_00119.JPG 0 0 2492.479879 0.000000 799.387405 0.000000 2492.479879 525.034457 0.000000 0.000000 1.000000 2492.479879 0.000000 799.387405 0.000000 2492.479879 525.034457 0.000000 0.000000 1.000000 0.999803 0.015943 -0.011818 -7.018451 -0.015940 0.999873 0.000355 -8.866353 0.011822 -0.000166 0.999930 8.904358 0.000000 0.000000 0.000000 1.000000
datasets/GS/road/images/aerial_q/Q_009_00118.JPG datasets/GS/road/images/aerial_q/Q_009_00120.JPG 0 0 2492.479879 0.000000 799.387405 0.000000 2492.479879 525.034457 0.000000 0.000000 1.000000 2492.479879 0.000000 799.387405 0.000000 2492.479879 525.034457 0.000000 0.000000 1.000000 0.999916 -0.007815 0.010347 -6.633081 0.007778 0.999963 0.003601 -8.760011 -0.010375 -0.003520 0.999940 8.750493 0.000000 0.000000 0.000000 1.000000
datasets/GS/road/images/aerial_q/Q_009_00119.JPG datasets/GS/road/images/aerial_q/Q_009_00121.JPG 0 0 2492.479879 0.000000 799.387405 0.000000 2492.479879 525.034457 0.000000 0.000000 1.000000 2492.479879 0.000000 799.387405 0.000000 2492.479879 525.034457 0.000000 0.000000 1.000000 0.956347 0.212746 -0.200347 -6.872945 -0.212175 0.976923 0.024574 -5.965395 0.200952 0.019007 0.979417 6.059756 0.000000 0.000000 0.000000 1.000000
datasets/GS/road/images/aerial_q/Q_009_00120.JPG datasets/GS/road/images/aerial_q/Q_009_00122.JPG 0 0 2492.479879 0.000000 799.387405 0.000000 2492.479879 525.034457 0.000000 0.000000 1.000000 2492.479879 0.000000 799.387405 0.000000 2492.479879 525.034457 0.000000 0.000000 1.000000 0.106542 0.714048 -0.691942 -8.171814 -0.714059 0.539220 0.446499 -4.107937 0.691931 0.446517 0.567322 4.315043 0.000000 0.000000 0.000000 1.000000
datasets/GS/road/images/aerial_q/Q_009_00121.JPG datasets/GS/road/images/aerial_q/Q_009_00123.JPG 0 0 2492.479879 0.000000 799.387405 0.000000 2492.479879 525.034457 0.000000 0.000000 1.000000 2492.479879 0.000000 799.387405 0.000000 2492.479879 525.034457 0.000000 0.000000 1.000000 0.367032 0.672154 -0.643037 -6.025033 -0.665362 0.672794 0.323484 -7.738564 0.650063 0.309123 0.694162 7.794155 0.000000 0.000000 0.000000 1.000000
datasets/GS/road/images/aerial_q/Q_009_00122.JPG datasets/GS/road/images/aerial_q/Q_009_00124.JPG 0 0 2492.479879 0.000000 799.387405 0.000000 2492.479879 525.034457 0.000000 0.000000 1.000000 2492.479879 0.000000 799.387405 0.000000 2492.479879 525.034457 0.000000 0.000000 1.000000 0.738317 0.487452 -0.466132 -6.289538 -0.488272 0.863079 0.129171 -4.570575 0.465273 0.132229 0.875235 4.326517 0.000000 0.000000 0.000000 1.000000
datasets/GS/road/images/aerial_q/Q_009_00123.JPG datasets/GS/road/images/aerial_q/Q_009_00125.JPG 0 0 2492.479879 0.000000 799.387405 0.000000 2492.479879 525.034457 0.000000 0.000000 1.000000 2492.479879 0.000000 799.387405 0.000000 2492.479879 525.034457 0.000000 0.000000 1.000000 -0.024832 0.717015 -0.696615 -6.374393 -0.717173 0.472682 0.512089 -4.384091 0.696453 0.512310 0.502487 3.996333 0.000000 0.000000 0.000000 1.000000
datasets/GS/road/images/aerial_q/Q_009_00124.JPG datasets/GS/road/images/aerial_q/Q_009_00126.JPG 0 0 2492.479879 0.000000 799.387405 0.000000 2492.479879 525.034457 0.000000 0.000000 1.000000 2492.479879 0.000000 799.387405 0.000000 2492.479879 525.034457 0.000000 0.000000 1.000000 0.572457 0.590290 -0.569079 -5.301468 -0.589943 0.778539 0.214112 -7.842811 0.569438 0.213155 0.793917 7.198948 0.000000 0.000000 0.000000 1.000000
datasets/GS/road/images/aerial_q/Q_009_00125.JPG datasets/GS/road/images/aerial_q/Q_009_00127.JPG 0 0 2492.479879 0.000000 799.387405 0.000000 2492.479879 525.034457 0.000000 0.000000 1.000000 2492.479879 0.000000 799.387405 0.000000 2492.479879 525.034457 0.000000 0.000000 1.000000 0.998715 0.037464 -0.034135 -5.871051 -0.037242 0.999281 0.007101 -9.390618 0.034376 -0.005821 0.999392 8.670047 0.000000 0.000000 0.000000 1.000000
datasets/GS/road/images/aerial_q/Q_009_00126.JPG datasets/GS/road/images/aerial_q/Q_009_00128.JPG 0 0 2492.479879 0.000000 799.387405 0.000000 2492.479879 525.034457 0.000000 0.000000 1.000000 2492.479879 0.000000 799.387405 0.000000 2492.479879 525.034457 0.000000 0.000000 1.000000 0.999847 -0.011894 0.012834 -6.797675 0.011729 0.999848 0.012887 -9.716910 -0.012986 -0.012735 0.999835 9.220960 0.000000 0.000000 0.000000 1.000000
datasets/GS/road/images/aerial_q/Q_009_00127.JPG datasets/GS/road/images/aerial_q/Q_009_00129.JPG 0 0 2492.479879 0.000000 799.387405 0.000000 2492.479879 525.034457 0.000000 0.000000 1.000000 2492.479879 0.000000 799.387405 0.000000 2492.479879 525.034457 0.000000 0.000000 1.000000 0.999993 -0.001545 0.003281 -6.940690 0.001511 0.999946 0.010325 -9.344313 -0.003297 -0.010320 0.999941 9.037516 0.000000 0.000000 0.000000 1.000000
datasets/GS/road/images/aerial_q/Q_009_00128.JPG datasets/GS/road/images/aerial_q/Q_009_00130.JPG 0 0 2492.479879 0.000000 799.387405 0.000000 2492.479879 525.034457 0.000000 0.000000 1.000000 2492.479879 0.000000 799.387405 0.000000 2492.479879 525.034457 0.000000 0.000000 1.000000 0.999987 0.004963 -0.001047 -6.891606 -0.004955 0.999960 0.007455 -9.039006 0.001084 -0.007449 0.999972 8.694011 0.000000 0.000000 0.000000 1.000000
datasets/GS/road/images/aerial_q/Q_009_00129.JPG datasets/GS/road/images/aerial_q/Q_009_00131.JPG 0 0 2492.479879 0.000000 799.387405 0.000000 2492.479879 525.034457 0.000000 0.000000 1.000000 2492.479879 0.000000 799.387405 0.000000 2492.479879 525.034457 0.000000 0.000000 1.000000 0.999984 -0.002027 0.005188 -6.894672 0.001994 0.999978 0.006289 -9.032365 -0.005201 -0.006278 0.999967 8.670639 0.000000 0.000000 0.000000 1.000000
datasets/GS/road/images/aerial_q/Q_009_00130.JPG datasets/GS/road/images/aerial_q/Q_009_00132.JPG 0 0 2492.479879 0.000000 799.387405 0.000000 2492.479879 525.034457 0.000000 0.000000 1.000000 2492.479879 0.000000 799.387405 0.000000 2492.479879 525.034457 0.000000 0.000000 1.000000 0.999778 -0.013035 0.016538 -7.183212 0.012929 0.999895 0.006468 -9.096524 -0.016621 -0.006253 0.999842 8.925344 0.000000 0.000000 0.000000 1.000000
datasets/GS/road/images/aerial_q/Q_009_00131.JPG datasets/GS/road/images/aerial_q/Q_009_00133.JPG 0 0 2492.479879 0.000000 799.387405 0.000000 2492.479879 525.034457 0.000000 0.000000 1.000000 2492.479879 0.000000 799.387405 0.000000 2492.479879 525.034457 0.000000 0.000000 1.000000 0.999950 -0.005040 0.008603 -6.806068 0.005007 0.999980 0.003845 -8.846619 -0.008622 -0.003801 0.999956 8.801891 0.000000 0.000000 0.000000 1.000000
datasets/GS/road/images/aerial_q/Q_009_00132.JPG datasets/GS/road/images/aerial_q/Q_009_00134.JPG 0 0 2492.479879 0.000000 799.387405 0.000000 2492.479879 525.034457 0.000000 0.000000 1.000000 2492.479879 0.000000 799.387405 0.000000 2492.479879 525.034457 0.000000 0.000000 1.000000 0.999980 0.005196 -0.003665 -6.263781 -0.005190 0.999985 0.001624 -8.610784 0.003674 -0.001605 0.999992 8.458668 0.000000 0.000000 0.000000 1.000000
datasets/GS/road/images/aerial_q/Q_009_00133.JPG datasets/GS/road/images/aerial_q/Q_009_00135.JPG 0 0 2492.479879 0.000000 799.387405 0.000000 2492.479879 525.034457 0.000000 0.000000 1.000000 2492.479879 0.000000 799.387405 0.000000 2492.479879 525.034457 0.000000 0.000000 1.000000 1.000000 -0.000774 -0.000556 -6.466421 0.000776 0.999995 0.002926 -8.879069 0.000554 -0.002926 0.999996 8.865056 0.000000 0.000000 0.000000 1.000000
datasets/GS/road/images/aerial_q/Q_009_00134.JPG datasets/GS/road/images/aerial_q/Q_009_00136.JPG 0 0 2492.479879 0.000000 799.387405 0.000000 2492.479879 525.034457 0.000000 0.000000 1.000000 2492.479879 0.000000 799.387405 0.000000 2492.479879 525.034457 0.000000 0.000000 1.000000 0.999984 0.004023 -0.003922 -7.043789 -0.004002 0.999978 0.005308 -9.145248 0.003943 -0.005292 0.999978 9.153361 0.000000 0.000000 0.000000 1.000000
datasets/GS/road/images/aerial_q/Q_009_00135.JPG datasets/GS/road/images/aerial_q/Q_009_00137.JPG 0 0 2492.479879 0.000000 799.387405 0.000000 2492.479879 525.034457 0.000000 0.000000 1.000000 2492.479879 0.000000 799.387405 0.000000 2492.479879 525.034457 0.000000 0.000000 1.000000 0.999976 0.005191 -0.004588 -6.988875 -0.005170 0.999976 0.004501 -8.974270 0.004611 -0.004477 0.999979 8.860252 0.000000 0.000000 0.000000 1.000000
datasets/GS/road/images/aerial_q/Q_009_00136.JPG datasets/GS/road/images/aerial_q/Q_009_00138.JPG 0 0 2492.479879 0.000000 799.387405 0.000000 2492.479879 525.034457 0.000000 0.000000 1.000000 2492.479879 0.000000 799.387405 0.000000 2492.479879 525.034457 0.000000 0.000000 1.000000 0.986228 -0.116305 0.117592 -4.592005 0.116044 0.993202 0.009094 -9.393997 -0.117850 0.004677 0.993020 9.343684 0.000000 0.000000 0.000000 1.000000
datasets/GS/road/images/aerial_q/Q_009_00137.JPG datasets/GS/road/images/aerial_q/Q_009_00139.JPG 0 0 2492.479879 0.000000 799.387405 0.000000 2492.479879 525.034457 0.000000 0.000000 1.000000 2492.479879 0.000000 799.387405 0.000000 2492.479879 525.034457 0.000000 0.000000 1.000000 0.886350 -0.329317 0.325474 0.100456 0.328303 0.942680 0.059757 -10.076295 -0.326497 0.053888 0.943661 10.082803 0.000000 0.000000 0.000000 1.000000
datasets/GS/road/images/aerial_q/Q_009_00138.JPG datasets/GS/road/images/aerial_q/Q_009_00140.JPG 0 0 2492.479879 0.000000 799.387405 0.000000 2492.479879 525.034457 0.000000 0.000000 1.000000 2492.479879 0.000000 799.387405 0.000000 2492.479879 525.034457 0.000000 0.000000 1.000000 0.948303 -0.227228 0.221562 0.037302 0.227058 0.973518 0.026589 -10.090872 -0.221736 0.025093 0.974784 10.100731 0.000000 0.000000 0.000000 1.000000
datasets/GS/road/images/aerial_q/Q_009_00139.JPG datasets/GS/road/images/aerial_q/Q_009_00141.JPG 0 0 2492.479879 0.000000 799.387405 0.000000 2492.479879 525.034457 0.000000 0.000000 1.000000 2492.479879 0.000000 799.387405 0.000000 2492.479879 525.034457 0.000000 0.000000 1.000000 0.999969 -0.005454 0.005765 -0.091179 0.005462 0.999984 -0.001483 -9.877847 -0.005757 0.001515 0.999982 9.904059 0.000000 0.000000 0.000000 1.000000
datasets/GS/road/images/aerial_q/Q_009_00140.JPG datasets/GS/road/images/aerial_q/Q_009_00142.JPG 0 0 2492.479879 0.000000 799.387405 0.000000 2492.479879 525.034457 0.000000 0.000000 1.000000 2492.479879 0.000000 799.387405 0.000000 2492.479879 525.034457 0.000000 0.000000 1.000000 0.999999 0.000471 0.001629 -0.087176 -0.000472 1.000000 0.000508 -10.142902 -0.001629 -0.000508 0.999999 10.197321 0.000000 0.000000 0.000000 1.000000
datasets/GS/road/images/aerial_q/Q_009_00141.JPG datasets/GS/road/images/aerial_q/Q_009_00143.JPG 0 0 2492.479879 0.000000 799.387405 0.000000 2492.479879 525.034457 0.000000 0.000000 1.000000 2492.479879 0.000000 799.387405 0.000000 2492.479879 525.034457 0.000000 0.000000 1.000000 0.999968 0.006020 -0.005230 -0.055713 -0.006011 0.999980 0.001802 -10.292823 0.005241 -0.001771 0.999985 10.330333 0.000000 0.000000 0.000000 1.000000
datasets/GS/road/images/aerial_q/Q_009_00142.JPG datasets/GS/road/images/aerial_q/Q_009_00144.JPG 0 0 2492.479879 0.000000 799.387405 0.000000 2492.479879 525.034457 0.000000 0.000000 1.000000 2492.479879 0.000000 799.387405 0.000000 2492.479879 525.034457 0.000000 0.000000 1.000000 0.999999 -0.000983 0.000332 -0.016750 0.000983 0.999999 0.001216 -9.968712 -0.000334 -0.001216 0.999999 10.021481 0.000000 0.000000 0.000000 1.000000
datasets/GS/road/images/aerial_q/Q_009_00143.JPG datasets/GS/road/images/aerial_q/Q_009_00145.JPG 0 0 2492.479879 0.000000 799.387405 0.000000 2492.479879 525.034457 0.000000 0.000000 1.000000 2492.479879 0.000000 799.387405 0.000000 2492.479879 525.034457 0.000000 0.000000 1.000000 0.999992 0.002953 -0.002586 -0.165332 -0.002952 0.999996 0.000372 -9.987957 0.002587 -0.000365 0.999997 9.972693 0.000000 0.000000 0.000000 1.000000
datasets/GS/road/images/aerial_q/Q_009_00144.JPG datasets/GS/road/images/aerial_q/Q_009_00146.JPG 0 0 2492.479879 0.000000 799.387405 0.000000 2492.479879 525.034457 0.000000 0.000000 1.000000 2492.479879 0.000000 799.387405 0.000000 2492.479879 525.034457 0.000000 0.000000 1.000000 0.999956 0.006330 -0.006866 -0.060577 -0.006342 0.999978 -0.001702 -10.263037 0.006855 0.001745 0.999975 10.244093 0.000000 0.000000 0.000000 1.000000
datasets/GS/road/images/aerial_q/Q_009_00145.JPG datasets/GS/road/images/aerial_q/Q_009_00147.JPG 0 0 2492.479879 0.000000 799.387405 0.000000 2492.479879 525.034457 0.000000 0.000000 1.000000 2492.479879 0.000000 799.387405 0.000000 2492.479879 525.034457 0.000000 0.000000 1.000000 0.999961 -0.007643 0.004380 -0.109093 0.007649 0.999970 -0.001225 -10.149288 -0.004371 0.001258 0.999990 10.181907 0.000000 0.000000 0.000000 1.000000
datasets/GS/road/images/aerial_q/Q_009_00146.JPG datasets/GS/road/images/aerial_q/Q_009_00148.JPG 0 0 2492.479879 0.000000 799.387405 0.000000 2492.479879 525.034457 0.000000 0.000000 1.000000 2492.479879 0.000000 799.387405 0.000000 2492.479879 525.034457 0.000000 0.000000 1.000000 0.999996 -0.001684 0.002139 -0.450539 0.001683 0.999998 0.000748 -10.202241 -0.002140 -0.000744 0.999997 10.198808 0.000000 0.000000 0.000000 1.000000
datasets/GS/road/images/aerial_q/Q_009_00147.JPG datasets/GS/road/images/aerial_q/Q_009_00149.JPG 0 0 2492.479879 0.000000 799.387405 0.000000 2492.479879 525.034457 0.000000 0.000000 1.000000 2492.479879 0.000000 799.387405 0.000000 2492.479879 525.034457 0.000000 0.000000 1.000000 0.999959 0.008049 -0.004064 -0.185373 -0.008044 0.999967 0.001175 -10.266456 0.004074 -0.001142 0.999991 10.278759 0.000000 0.000000 0.000000 1.000000
datasets/GS/road/images/aerial_q/Q_009_00148.JPG datasets/GS/road/images/aerial_q/Q_009_00150.JPG 0 0 2492.479879 0.000000 799.387405 0.000000 2492.479879 525.034457 0.000000 0.000000 1.000000 2492.479879 0.000000 799.387405 0.000000 2492.479879 525.034457 0.000000 0.000000 1.000000 0.999996 -0.002631 0.001209 0.074673 0.002631 0.999997 0.000030 -10.119507 -0.001209 -0.000026 0.999999 10.169344 0.000000 0.000000 0.000000 1.000000
datasets/GS/road/images/aerial_q/Q_009_00149.JPG datasets/GS/road/images/aerial_q/Q_009_00151.JPG 0 0 2492.479879 0.000000 799.387405 0.000000 2492.479879 525.034457 0.000000 0.000000 1.000000 2492.479879 0.000000 799.387405 0.000000 2492.479879 525.034457 0.000000 0.000000 1.000000 0.999934 0.007183 -0.008920 -0.412579 -0.007189 0.999974 -0.000626 -9.920528 0.008915 0.000690 0.999960 9.924459 0.000000 0.000000 0.000000 1.000000
datasets/GS/road/images/aerial_q/Q_009_00150.JPG datasets/GS/road/images/aerial_q/Q_009_00152.JPG 0 0 2492.479879 0.000000 799.387405 0.000000 2492.479879 525.034457 0.000000 0.000000 1.000000 2492.479879 0.000000 799.387405 0.000000 2492.479879 525.034457 0.000000 0.000000 1.000000 0.999957 0.006046 -0.007084 -0.371798 -0.006047 0.999982 -0.000131 -9.823720 0.007083 0.000174 0.999975 9.776359 0.000000 0.000000 0.000000 1.000000
datasets/GS/road/images/aerial_q/Q_009_00151.JPG datasets/GS/road/images/aerial_q/Q_009_00153.JPG 0 0 2492.479879 0.000000 799.387405 0.000000 2492.479879 525.034457 0.000000 0.000000 1.000000 2492.479879 0.000000 799.387405 0.000000 2492.479879 525.034457 0.000000 0.000000 1.000000 0.999985 -0.004657 0.002882 -0.377321 0.004658 0.999989 -0.000238 -10.017352 -0.002881 0.000251 0.999996 9.970611 0.000000 0.000000 0.000000 1.000000
datasets/GS/road/images/aerial_q/Q_009_00152.JPG datasets/GS/road/images/aerial_q/Q_009_00154.JPG 0 0 2492.479879 0.000000 799.387405 0.000000 2492.479879 525.034457 0.000000 0.000000 1.000000 2492.479879 0.000000 799.387405 0.000000 2492.479879 525.034457 0.000000 0.000000 1.000000 0.999967 -0.006311 0.005055 -0.366910 0.006314 0.999980 -0.000555 -10.007495 -0.005052 0.000587 0.999987 10.062673 0.000000 0.000000 0.000000 1.000000
datasets/GS/road/images/aerial_q/Q_009_00153.JPG datasets/GS/road/images/aerial_q/Q_009_00155.JPG 0 0 2492.479879 0.000000 799.387405 0.000000 2492.479879 525.034457 0.000000 0.000000 1.000000 2492.479879 0.000000 799.387405 0.000000 2492.479879 525.034457 0.000000 0.000000 1.000000 0.999764 -0.015318 0.015384 -0.284269 0.015328 0.999882 -0.000497 -10.025485 -0.015374 0.000733 0.999882 10.132695 0.000000 0.000000 0.000000 1.000000
datasets/GS/road/images/aerial_q/Q_009_00154.JPG datasets/GS/road/images/aerial_q/Q_009_00156.JPG 0 0 2492.479879 0.000000 799.387405 0.000000 2492.479879 525.034457 0.000000 0.000000 1.000000 2492.479879 0.000000 799.387405 0.000000 2492.479879 525.034457 0.000000 0.000000 1.000000 0.999997 0.001467 0.002087 -0.295483 -0.001465 0.999998 -0.001058 -10.226690 -0.002089 0.001055 0.999997 10.254395 0.000000 0.000000 0.000000 1.000000
datasets/GS/road/images/aerial_q/Q_009_00155.JPG datasets/GS/road/images/aerial_q/Q_009_00157.JPG 0 0 2492.479879 0.000000 799.387405 0.000000 2492.479879 525.034457 0.000000 0.000000 1.000000 2492.479879 0.000000 799.387405 0.000000 2492.479879 525.034457 0.000000 0.000000 1.000000 0.999988 0.002957 -0.003797 -0.044521 -0.002963 0.999994 -0.001534 -10.288534 0.003792 0.001546 0.999992 10.268268 0.000000 0.000000 0.000000 1.000000
datasets/GS/road/images/aerial_q/Q_009_00156.JPG datasets/GS/road/images/aerial_q/Q_009_00158.JPG 0 0 2492.479879 0.000000 799.387405 0.000000 2492.479879 525.034457 0.000000 0.000000 1.000000 2492.479879 0.000000 799.387405 0.000000 2492.479879 525.034457 0.000000 0.000000 1.000000 0.999924 -0.009918 0.007264 -0.126278 0.009921 0.999951 -0.000459 -9.936905 -0.007259 0.000531 0.999974 9.932889 0.000000 0.000000 0.000000 1.000000
datasets/GS/road/images/aerial_q/Q_009_00157.JPG datasets/GS/road/images/aerial_q/Q_009_00159.JPG 0 0 2492.479879 0.000000 799.387405 0.000000 2492.479879 525.034457 0.000000 0.000000 1.000000 2492.479879 0.000000 799.387405 0.000000 2492.479879 525.034457 0.000000 0.000000 1.000000 0.999974 0.005964 -0.004098 -0.439493 -0.005962 0.999982 0.000664 -9.919089 0.004102 -0.000640 0.999991 9.895879 0.000000 0.000000 0.000000 1.000000
datasets/GS/road/images/aerial_q/Q_009_00158.JPG datasets/GS/road/images/aerial_q/Q_009_00160.JPG 0 0 2492.479879 0.000000 799.387405 0.000000 2492.479879 525.034457 0.000000 0.000000 1.000000 2492.479879 0.000000 799.387405 0.000000 2492.479879 525.034457 0.000000 0.000000 1.000000 0.999978 0.005800 -0.003360 -0.208451 -0.005799 0.999983 0.000111 -10.226665 0.003361 -0.000091 0.999994 10.190589 0.000000 0.000000 0.000000 1.000000
datasets/GS/road/images/aerial_q/Q_009_00159.JPG datasets/GS/road/images/aerial_q/Q_009_00161.JPG 0 0 2492.479879 0.000000 799.387405 0.000000 2492.479879 525.034457 0.000000 0.000000 1.000000 2492.479879 0.000000 799.387405 0.000000 2492.479879 525.034457 0.000000 0.000000 1.000000 0.999964 0.006569 -0.005399 -0.254406 -0.006561 0.999977 0.001503 -9.902006 0.005409 -0.001468 0.999984 9.877674 0.000000 0.000000 0.000000 1.000000
datasets/GS/road/images/aerial_q/Q_009_00160.JPG datasets/GS/road/images/aerial_q/Q_009_00162.JPG 0 0 2492.479879 0.000000 799.387405 0.000000 2492.479879 525.034457 0.000000 0.000000 1.000000 2492.479879 0.000000 799.387405 0.000000 2492.479879 525.034457 0.000000 0.000000 1.000000 0.983625 -0.131917 0.122801 1.250955 0.131188 0.991258 0.014037 -8.028029 -0.123580 0.002303 0.992332 8.123460 0.000000 0.000000 0.000000 1.000000
datasets/GS/road/images/aerial_q/Q_009_00161.JPG datasets/GS/road/images/aerial_q/Q_009_00163.JPG 0 0 2492.479879 0.000000 799.387405 0.000000 2492.479879 525.034457 0.000000 0.000000 1.000000 2492.479879 0.000000 799.387405 0.000000 2492.479879 525.034457 0.000000 0.000000 1.000000 0.308024 -0.684651 0.660586 4.921684 0.678350 0.644890 0.352077 -7.244551 -0.667055 0.339661 0.663075 7.303901 0.000000 0.000000 0.000000 1.000000
datasets/GS/road/images/aerial_q/Q_009_00162.JPG datasets/GS/road/images/aerial_q/Q_009_00164.JPG 0 0 2492.479879 0.000000 799.387405 0.000000 2492.479879 525.034457 0.000000 0.000000 1.000000 2492.479879 0.000000 799.387405 0.000000 2492.479879 525.034457 0.000000 0.000000 1.000000 0.405408 -0.655552 0.637100 0.991687 0.649393 0.697045 0.304002 -9.733241 -0.643376 0.290483 0.708298 9.561857 0.000000 0.000000 0.000000 1.000000
datasets/GS/road/images/aerial_q/Q_009_00163.JPG datasets/GS/road/images/aerial_q/Q_009_00165.JPG 0 0 2492.479879 0.000000 799.387405 0.000000 2492.479879 525.034457 0.000000 0.000000 1.000000 2492.479879 0.000000 799.387405 0.000000 2492.479879 525.034457 0.000000 0.000000 1.000000 0.578853 -0.585675 0.567374 3.987762 0.581502 0.784265 0.216295 -5.298211 -0.571650 0.204726 0.794546 5.282423 0.000000 0.000000 0.000000 1.000000
datasets/GS/road/images/aerial_q/Q_009_00164.JPG datasets/GS/road/images/aerial_q/Q_009_00166.JPG 0 0 2492.479879 0.000000 799.387405 0.000000 2492.479879 525.034457 0.000000 0.000000 1.000000 2492.479879 0.000000 799.387405 0.000000 2492.479879 525.034457 0.000000 0.000000 1.000000 -0.167526 -0.710794 0.683159 2.234870 0.696039 0.405470 0.592556 -4.473364 -0.698187 0.574774 0.426814 4.431450 0.000000 0.000000 0.000000 1.000000
datasets/GS/road/images/aerial_q/Q_009_00165.JPG datasets/GS/road/images/aerial_q/Q_009_00167.JPG 0 0 2492.479879 0.000000 799.387405 0.000000 2492.479879 525.034457 0.000000 0.000000 1.000000 2492.479879 0.000000 799.387405 0.000000 2492.479879 525.034457 0.000000 0.000000 1.000000 0.588227 -0.579890 0.563664 -0.458866 0.573503 0.790540 0.214803 -6.603854 -0.570161 0.196910 0.797586 6.397715 0.000000 0.000000 0.000000 1.000000
datasets/GS/road/images/aerial_q/Q_009_00166.JPG datasets/GS/road/images/aerial_q/Q_009_00168.JPG 0 0 2492.479879 0.000000 799.387405 0.000000 2492.479879 525.034457 0.000000 0.000000 1.000000 2492.479879 0.000000 799.387405 0.000000 2492.479879 525.034457 0.000000 0.000000 1.000000 0.997396 -0.049463 0.052491 -0.489600 0.049534 0.998772 -0.000061 -8.049678 -0.052424 0.002661 0.998621 7.689061 0.000000 0.000000 0.000000 1.000000
datasets/GS/road/images/aerial_q/Q_009_00167.JPG datasets/GS/road/images/aerial_q/Q_009_00169.JPG 0 0 2492.479879 0.000000 799.387405 0.000000 2492.479879 525.034457 0.000000 0.000000 1.000000 2492.479879 0.000000 799.387405 0.000000 2492.479879 525.034457 0.000000 0.000000 1.000000 0.999980 0.006096 0.001798 -0.217261 -0.006087 0.999968 -0.005244 -9.397229 -0.001830 0.005233 0.999985 8.967401 0.000000 0.000000 0.000000 1.000000
datasets/GS/road/images/aerial_q/Q_009_00168.JPG datasets/GS/road/images/aerial_q/Q_009_00170.JPG 0 0 2492.479879 0.000000 799.387405 0.000000 2492.479879 525.034457 0.000000 0.000000 1.000000 2492.479879 0.000000 799.387405 0.000000 2492.479879 525.034457 0.000000 0.000000 1.000000 0.999896 0.013209 -0.005866 -0.125604 -0.013208 0.999913 0.000078 -10.438157 0.005866 -0.000001 0.999983 10.033005 0.000000 0.000000 0.000000 1.000000
datasets/GS/road/images/aerial_q/Q_009_00169.JPG datasets/GS/road/images/aerial_q/Q_009_00171.JPG 0 0 2492.479879 0.000000 799.387405 0.000000 2492.479879 525.034457 0.000000 0.000000 1.000000 2492.479879 0.000000 799.387405 0.000000 2492.479879 525.034457 0.000000 0.000000 1.000000 0.999993 0.000994 0.003675 -0.075481 -0.001021 0.999973 0.007268 -10.547860 -0.003668 -0.007272 0.999967 10.174329 0.000000 0.000000 0.000000 1.000000
datasets/GS/road/images/aerial_q/Q_009_00170.JPG datasets/GS/road/images/aerial_q/Q_009_00172.JPG 0 0 2492.479879 0.000000 799.387405 0.000000 2492.479879 525.034457 0.000000 0.000000 1.000000 2492.479879 0.000000 799.387405 0.000000 2492.479879 525.034457 0.000000 0.000000 1.000000 0.999879 -0.009246 0.012474 0.012887 0.009172 0.999940 0.005966 -10.130970 -0.012529 -0.005851 0.999904 9.749416 0.000000 0.000000 0.000000 1.000000
datasets/GS/road/images/aerial_q/Q_009_00171.JPG datasets/GS/road/images/aerial_q/Q_009_00173.JPG 0 0 2492.479879 0.000000 799.387405 0.000000 2492.479879 525.034457 0.000000 0.000000 1.000000 2492.479879 0.000000 799.387405 0.000000 2492.479879 525.034457 0.000000 0.000000 1.000000 0.999867 -0.010205 0.012712 0.043992 0.010179 0.999946 0.002149 -10.089380 -0.012733 -0.002020 0.999917 9.719519 0.000000 0.000000 0.000000 1.000000
datasets/GS/road/images/aerial_q/Q_009_00172.JPG datasets/GS/road/images/aerial_q/Q_009_00174.JPG 0 0 2492.479879 0.000000 799.387405 0.000000 2492.479879 525.034457 0.000000 0.000000 1.000000 2492.479879 0.000000 799.387405 0.000000 2492.479879 525.034457 0.000000 0.000000 1.000000 0.999649 0.020630 -0.016649 -0.281472 -0.020578 0.999783 0.003292 -10.299109 0.016714 -0.002949 0.999856 10.088225 0.000000 0.000000 0.000000 1.000000
datasets/GS/road/images/aerial_q/Q_009_00173.JPG datasets/GS/road/images/aerial_q/Q_009_00175.JPG 0 0 2492.479879 0.000000 799.387405 0.000000 2492.479879 525.034457 0.000000 0.000000 1.000000 2492.479879 0.000000 799.387405 0.000000 2492.479879 525.034457 0.000000 0.000000 1.000000 0.999621 0.020996 -0.017821 -0.087025 -0.020914 0.999770 0.004772 -10.458140 0.017917 -0.004398 0.999830 10.264317 0.000000 0.000000 0.000000 1.000000
datasets/GS/road/images/aerial_q/Q_009_00174.JPG datasets/GS/road/images/aerial_q/Q_009_00176.JPG 0 0 2492.479879 0.000000 799.387405 0.000000 2492.479879 525.034457 0.000000 0.000000 1.000000 2492.479879 0.000000 799.387405 0.000000 2492.479879 525.034457 0.000000 0.000000 1.000000 0.999948 -0.006993 0.007387 -0.104643 0.006968 0.999970 0.003473 -10.397661 -0.007411 -0.003421 0.999967 10.185530 0.000000 0.000000 0.000000 1.000000
datasets/GS/road/images/aerial_q/Q_009_00175.JPG datasets/GS/road/images/aerial_q/Q_009_00177.JPG 0 0 2492.479879 0.000000 799.387405 0.000000 2492.479879 525.034457 0.000000 0.000000 1.000000 2492.479879 0.000000 799.387405 0.000000 2492.479879 525.034457 0.000000 0.000000 1.000000 0.999905 -0.009521 0.009999 -0.105257 0.009480 0.999946 0.004158 -10.289532 -0.010038 -0.004063 0.999941 10.038512 0.000000 0.000000 0.000000 1.000000
datasets/GS/road/images/aerial_q/Q_009_00176.JPG datasets/GS/road/images/aerial_q/Q_009_00178.JPG 0 0 2492.479879 0.000000 799.387405 0.000000 2492.479879 525.034457 0.000000 0.000000 1.000000 2492.479879 0.000000 799.387405 0.000000 2492.479879 525.034457 0.000000 0.000000 1.000000 0.999984 0.005308 -0.001989 -0.166141 -0.005305 0.999985 0.001686 -10.003631 0.001998 -0.001675 0.999997 9.811971 0.000000 0.000000 0.000000 1.000000
datasets/GS/road/images/aerial_q/Q_009_00177.JPG datasets/GS/road/images/aerial_q/Q_009_00179.JPG 0 0 2492.479879 0.000000 799.387405 0.000000 2492.479879 525.034457 0.000000 0.000000 1.000000 2492.479879 0.000000 799.387405 0.000000 2492.479879 525.034457 0.000000 0.000000 1.000000 0.999902 0.011083 -0.008562 0.036277 -0.011086 0.999939 -0.000290 -10.071491 0.008558 0.000385 0.999963 10.009226 0.000000 0.000000 0.000000 1.000000
datasets/GS/road/images/aerial_q/Q_009_00178.JPG datasets/GS/road/images/aerial_q/Q_009_00180.JPG 0 0 2492.479879 0.000000 799.387405 0.000000 2492.479879 525.034457 0.000000 0.000000 1.000000 2492.479879 0.000000 799.387405 0.000000 2492.479879 525.034457 0.000000 0.000000 1.000000 0.999985 -0.004410 0.003396 0.050760 0.004403 0.999988 0.001926 -10.283953 -0.003404 -0.001911 0.999992 10.170022 0.000000 0.000000 0.000000 1.000000
datasets/GS/road/images/aerial_q/Q_009_00179.JPG datasets/GS/road/images/aerial_q/Q_009_00181.JPG 0 0 2492.479879 0.000000 799.387405 0.000000 2492.479879 525.034457 0.000000 0.000000 1.000000 2492.479879 0.000000 799.387405 0.000000 2492.479879 525.034457 0.000000 0.000000 1.000000 0.999978 -0.005255 0.004134 -0.263536 0.005248 0.999985 0.001700 -9.994545 -0.004143 -0.001678 0.999990 9.798985 0.000000 0.000000 0.000000 1.000000
datasets/GS/road/images/aerial_q/Q_009_00180.JPG datasets/GS/road/images/aerial_q/Q_009_00182.JPG 0 0 2492.479879 0.000000 799.387405 0.000000 2492.479879 525.034457 0.000000 0.000000 1.000000 2492.479879 0.000000 799.387405 0.000000 2492.479879 525.034457 0.000000 0.000000 1.000000 0.999988 0.004297 -0.002445 -0.457766 -0.004297 0.999991 0.000147 -9.986131 0.002445 -0.000136 0.999997 9.888523 0.000000 0.000000 0.000000 1.000000
datasets/GS/road/images/aerial_q/Q_009_00181.JPG datasets/GS/road/images/aerial_q/Q_009_00183.JPG 0 0 2492.479879 0.000000 799.387405 0.000000 2492.479879 525.034457 0.000000 0.000000 1.000000 2492.479879 0.000000 799.387405 0.000000 2492.479879 525.034457 0.000000 0.000000 1.000000 0.999998 0.000469 0.002115 -0.257096 -0.000472 0.999999 0.001196 -10.354636 -0.002115 -0.001197 0.999997 10.293839 0.000000 0.000000 0.000000 1.000000
datasets/GS/road/images/aerial_q/Q_009_00182.JPG datasets/GS/road/images/aerial_q/Q_009_00184.JPG 0 0 2492.479879 0.000000 799.387405 0.000000 2492.479879 525.034457 0.000000 0.000000 1.000000 2492.479879 0.000000 799.387405 0.000000 2492.479879 525.034457 0.000000 0.000000 1.000000 0.999998 -0.000513 0.002168 -0.329519 0.000510 0.999999 0.001126 -10.200116 -0.002169 -0.001125 0.999997 10.038322 0.000000 0.000000 0.000000 1.000000
datasets/GS/road/images/aerial_q/Q_009_00183.JPG datasets/GS/road/images/aerial_q/Q_009_00185.JPG 0 0 2492.479879 0.000000 799.387405 0.000000 2492.479879 525.034457 0.000000 0.000000 1.000000 2492.479879 0.000000 799.387405 0.000000 2492.479879 525.034457 0.000000 0.000000 1.000000 0.999999 0.001250 -0.000851 -0.204696 -0.001249 0.999999 0.000941 -10.102498 0.000852 -0.000940 0.999999 10.006984 0.000000 0.000000 0.000000 1.000000
datasets/GS/road/images/aerial_q/Q_009_00184.JPG datasets/GS/road/images/aerial_q/Q_009_00186.JPG 0 0 2492.479879 0.000000 799.387405 0.000000 2492.479879 525.034457 0.000000 0.000000 1.000000 2492.479879 0.000000 799.387405 0.000000 2492.479879 525.034457 0.000000 0.000000 1.000000 0.999988 0.003855 -0.002923 -0.273730 -0.003851 0.999992 0.001316 -10.252857 0.002928 -0.001305 0.999995 10.177022 0.000000 0.000000 0.000000 1.000000
datasets/GS/road/images/aerial_q/Q_009_00185.JPG datasets/GS/road/images/aerial_q/Q_009_00187.JPG 0 0 2492.479879 0.000000 799.387405 0.000000 2492.479879 525.034457 0.000000 0.000000 1.000000 2492.479879 0.000000 799.387405 0.000000 2492.479879 525.034457 0.000000 0.000000 1.000000 0.999991 0.003077 -0.002792 -0.259927 -0.003077 0.999995 0.000155 -10.196719 0.002792 -0.000147 0.999996 10.106780 0.000000 0.000000 0.000000 1.000000
datasets/GS/road/images/aerial_q/Q_009_00186.JPG datasets/GS/road/images/aerial_q/Q_009_00188.JPG 0 0 2492.479879 0.000000 799.387405 0.000000 2492.479879 525.034457 0.000000 0.000000 1.000000 2492.479879 0.000000 799.387405 0.000000 2492.479879 525.034457 0.000000 0.000000 1.000000 0.999991 -0.003765 0.002204 -0.220798 0.003765 0.999993 0.000160 -9.818090 -0.002205 -0.000152 0.999998 9.770567 0.000000 0.000000 0.000000 1.000000
datasets/GS/road/images/aerial_q/Q_009_00187.JPG datasets/GS/road/images/aerial_q/Q_009_00189.JPG 0 0 2492.479879 0.000000 799.387405 0.000000 2492.479879 525.034457 0.000000 0.000000 1.000000 2492.479879 0.000000 799.387405 0.000000 2492.479879 525.034457 0.000000 0.000000 1.000000 1.000000 0.000111 -0.000331 -0.279542 -0.000111 1.000000 0.000161 -10.073385 0.000331 -0.000161 1.000000 10.013334 0.000000 0.000000 0.000000 1.000000
datasets/GS/road/images/aerial_q/Q_009_00188.JPG datasets/GS/road/images/aerial_q/Q_009_00190.JPG 0 0 2492.479879 0.000000 799.387405 0.000000 2492.479879 525.034457 0.000000 0.000000 1.000000 2492.479879 0.000000 799.387405 0.000000 2492.479879 525.034457 0.000000 0.000000 1.000000 0.999947 -0.008559 0.005733 -0.366858 0.008555 0.999963 0.000823 -10.449414 -0.005740 -0.000774 0.999983 10.394352 0.000000 0.000000 0.000000 1.000000
datasets/GS/road/images/aerial_q/Q_009_00189.JPG datasets/GS/road/images/aerial_q/Q_009_00191.JPG 0 0 2492.479879 0.000000 799.387405 0.000000 2492.479879 525.034457 0.000000 0.000000 1.000000 2492.479879 0.000000 799.387405 0.000000 2492.479879 525.034457 0.000000 0.000000 1.000000 0.999952 -0.007974 0.005667 -0.517255 0.007971 0.999968 0.000669 -9.977163 -0.005672 -0.000624 0.999984 9.870722 0.000000 0.000000 0.000000 1.000000
datasets/GS/road/images/aerial_q/Q_009_00190.JPG datasets/GS/road/images/aerial_q/Q_009_00192.JPG 0 0 2492.479879 0.000000 799.387405 0.000000 2492.479879 525.034457 0.000000 0.000000 1.000000 2492.479879 0.000000 799.387405 0.000000 2492.479879 525.034457 0.000000 0.000000 1.000000 0.999907 -0.007985 0.011044 -0.244020 0.007980 0.999968 0.000504 -10.033033 -0.011048 -0.000416 0.999939 10.044657 0.000000 0.000000 0.000000 1.000000
datasets/GS/road/images/aerial_q/Q_009_00191.JPG datasets/GS/road/images/aerial_q/Q_009_00193.JPG 0 0 2492.479879 0.000000 799.387405 0.000000 2492.479879 525.034457 0.000000 0.000000 1.000000 2492.479879 0.000000 799.387405 0.000000 2492.479879 525.034457 0.000000 0.000000 1.000000 0.999940 0.009439 -0.005598 -0.398512 -0.009427 0.999953 0.002243 -10.237555 0.005619 -0.002191 0.999982 10.316377 0.000000 0.000000 0.000000 1.000000
datasets/GS/road/images/aerial_q/Q_009_00192.JPG datasets/GS/road/images/aerial_q/Q_009_00194.JPG 0 0 2492.479879 0.000000 799.387405 0.000000 2492.479879 525.034457 0.000000 0.000000 1.000000 2492.479879 0.000000 799.387405 0.000000 2492.479879 525.034457 0.000000 0.000000 1.000000 0.999624 0.020077 -0.018683 -0.304994 -0.020067 0.999798 0.000738 -10.195310 0.018694 -0.000363 0.999825 10.143554 0.000000 0.000000 0.000000 1.000000
datasets/GS/road/images/aerial_q/Q_009_00193.JPG datasets/GS/road/images/aerial_q/Q_009_00195.JPG 0 0 2492.479879 0.000000 799.387405 0.000000 2492.479879 525.034457 0.000000 0.000000 1.000000 2492.479879 0.000000 799.387405 0.000000 2492.479879 525.034457 0.000000 0.000000 1.000000 0.999891 -0.011392 0.009349 -0.194100 0.011397 0.999935 -0.000473 -10.078036 -0.009343 0.000579 0.999956 9.960875 0.000000 0.000000 0.000000 1.000000
datasets/GS/road/images/aerial_q/Q_009_00194.JPG datasets/GS/road/images/aerial_q/Q_009_00196.JPG 0 0 2492.479879 0.000000 799.387405 0.000000 2492.479879 525.034457 0.000000 0.000000 1.000000 2492.479879 0.000000 799.387405 0.000000 2492.479879 525.034457 0.000000 0.000000 1.000000 0.999902 -0.010738 0.008956 -0.366880 0.010726 0.999941 0.001420 -10.091415 -0.008970 -0.001324 0.999959 10.041792 0.000000 0.000000 0.000000 1.000000
datasets/GS/road/images/aerial_q/Q_009_00195.JPG datasets/GS/road/images/aerial_q/Q_009_00197.JPG 0 0 2492.479879 0.000000 799.387405 0.000000 2492.479879 525.034457 0.000000 0.000000 1.000000 2492.479879 0.000000 799.387405 0.000000 2492.479879 525.034457 0.000000 0.000000 1.000000 0.999993 0.003498 -0.001068 -0.434626 -0.003501 0.999991 -0.002562 -10.377983 0.001059 0.002566 0.999996 10.309462 0.000000 0.000000 0.000000 1.000000
datasets/GS/road/images/aerial_q/Q_009_00196.JPG datasets/GS/road/images/aerial_q/Q_009_00198.JPG 0 0 2492.479879 0.000000 799.387405 0.000000 2492.479879 525.034457 0.000000 0.000000 1.000000 2492.479879 0.000000 799.387405 0.000000 2492.479879 525.034457 0.000000 0.000000 1.000000 0.999985 -0.002548 0.004794 -0.256231 0.002558 0.999995 -0.001983 -10.285380 -0.004789 0.001996 0.999987 10.164103 0.000000 0.000000 0.000000 1.000000
datasets/GS/road/images/aerial_q/Q_009_00197.JPG datasets/GS/road/images/aerial_q/Q_009_00199.JPG 0 0 2492.479879 0.000000 799.387405 0.000000 2492.479879 525.034457 0.000000 0.000000 1.000000 2492.479879 0.000000 799.387405 0.000000 2492.479879 525.034457 0.000000 0.000000 1.000000 0.999966 0.006299 -0.005256 -0.267018 -0.006295 0.999980 0.000755 -10.171039 0.005261 -0.000721 0.999986 10.042994 0.000000 0.000000 0.000000 1.000000
datasets/GS/road/images/aerial_q/Q_009_00198.JPG datasets/GS/road/images/aerial_q/Q_009_00200.JPG 0 0 2492.479879 0.000000 799.387405 0.000000 2492.479879 525.034457 0.000000 0.000000 1.000000 2492.479879 0.000000 799.387405 0.000000 2492.479879 525.034457 0.000000 0.000000 1.000000 0.999976 0.004567 -0.005234 -0.046346 -0.004572 0.999989 -0.000898 -10.234938 0.005230 0.000922 0.999986 10.129122 0.000000 0.000000 0.000000 1.000000
datasets/GS/road/images/aerial_q/Q_009_00199.JPG datasets/GS/road/images/aerial_q/Q_009_00201.JPG 0 0 2492.479879 0.000000 799.387405 0.000000 2492.479879 525.034457 0.000000 0.000000 1.000000 2492.479879 0.000000 799.387405 0.000000 2492.479879 525.034457 0.000000 0.000000 1.000000 0.999958 -0.006574 0.006428 -0.046388 0.006579 0.999978 -0.000761 -10.216746 -0.006422 0.000803 0.999979 10.097146 0.000000 0.000000 0.000000 1.000000
datasets/GS/road/images/aerial_q/Q_009_00200.JPG datasets/GS/road/images/aerial_q/Q_009_00202.JPG 0 0 2492.479879 0.000000 799.387405 0.000000 2492.479879 525.034457 0.000000 0.000000 1.000000 2492.479879 0.000000 799.387405 0.000000 2492.479879 525.034457 0.000000 0.000000 1.000000 0.999997 -0.001295 0.002190 -0.001706 0.001296 0.999999 -0.000525 -9.728061 -0.002189 0.000528 0.999997 9.676961 0.000000 0.000000 0.000000 1.000000
datasets/GS/road/images/aerial_q/Q_009_00201.JPG datasets/GS/road/images/aerial_q/Q_009_00203.JPG 0 0 2492.479879 0.000000 799.387405 0.000000 2492.479879 525.034457 0.000000 0.000000 1.000000 2492.479879 0.000000 799.387405 0.000000 2492.479879 525.034457 0.000000 0.000000 1.000000 0.999898 0.009173 -0.010931 0.072310 -0.009180 0.999958 -0.000605 -9.746134 0.010925 0.000706 0.999940 9.768296 0.000000 0.000000 0.000000 1.000000
datasets/GS/road/images/aerial_q/Q_009_00202.JPG datasets/GS/road/images/aerial_q/Q_009_00204.JPG 0 0 2492.479879 0.000000 799.387405 0.000000 2492.479879 525.034457 0.000000 0.000000 1.000000 2492.479879 0.000000 799.387405 0.000000 2492.479879 525.034457 0.000000 0.000000 1.000000 0.999994 0.002805 -0.001941 0.328164 -0.002794 0.999978 0.005961 -9.174863 0.001957 -0.005955 0.999980 9.221364 0.000000 0.000000 0.000000 1.000000
datasets/GS/road/images/aerial_q/Q_009_00203.JPG datasets/GS/road/images/aerial_q/Q_009_00205.JPG 0 0 2492.479879 0.000000 799.387405 0.000000 2492.479879 525.034457 0.000000 0.000000 1.000000 2492.479879 0.000000 799.387405 0.000000 2492.479879 525.034457 0.000000 0.000000 1.000000 0.907591 0.303619 -0.289989 -1.800159 -0.302198 0.951889 0.050827 -6.195964 0.291469 0.041504 0.955679 6.140312 0.000000 0.000000 0.000000 1.000000
datasets/GS/road/images/aerial_q/Q_009_00204.JPG datasets/GS/road/images/aerial_q/Q_009_00206.JPG 0 0 2492.479879 0.000000 799.387405 0.000000 2492.479879 525.034457 0.000000 0.000000 1.000000 2492.479879 0.000000 799.387405 0.000000 2492.479879 525.034457 0.000000 0.000000 1.000000 0.123290 0.710253 -0.693065 -2.901892 -0.710909 0.550494 0.437682 -6.352548 0.692393 0.438744 0.572796 6.284072 0.000000 0.000000 0.000000 1.000000
datasets/GS/road/images/aerial_q/Q_009_00205.JPG datasets/GS/road/images/aerial_q/Q_009_00207.JPG 0 0 2492.479879 0.000000 799.387405 0.000000 2492.479879 525.034457 0.000000 0.000000 1.000000 2492.479879 0.000000 799.387405 0.000000 2492.479879 525.034457 0.000000 0.000000 1.000000 0.481342 0.629536 -0.609913 -0.219634 -0.627749 0.733217 0.261389 -8.265257 0.611752 0.257055 0.748119 8.024069 0.000000 0.000000 0.000000 1.000000
datasets/GS/road/images/aerial_q/Q_009_00206.JPG datasets/GS/road/images/aerial_q/Q_009_00208.JPG 0 0 2492.479879 0.000000 799.387405 0.000000 2492.479879 525.034457 0.000000 0.000000 1.000000 2492.479879 0.000000 799.387405 0.000000 2492.479879 525.034457 0.000000 0.000000 1.000000 0.710092 0.505271 -0.490378 -2.704657 -0.505333 0.850692 0.144781 -5.867470 0.490314 0.144997 0.859400 5.582248 0.000000 0.000000 0.000000 1.000000
datasets/GS/road/images/aerial_q/Q_009_00207.JPG datasets/GS/road/images/aerial_q/Q_009_00209.JPG 0 0 2492.479879 0.000000 799.387405 0.000000 2492.479879 525.034457 0.000000 0.000000 1.000000 2492.479879 0.000000 799.387405 0.000000 2492.479879 525.034457 0.000000 0.000000 1.000000 -0.008749 0.717465 -0.696540 -2.958855 -0.713506 0.483550 0.507038 -5.753662 0.700594 0.501422 0.507685 5.469943 0.000000 0.000000 0.000000 1.000000
datasets/GS/road/images/aerial_q/Q_009_00208.JPG datasets/GS/road/images/aerial_q/Q_009_00210.JPG 0 0 2492.479879 0.000000 799.387405 0.000000 2492.479879 525.034457 0.000000 0.000000 1.000000 2492.479879 0.000000 799.387405 0.000000 2492.479879 525.034457 0.000000 0.000000 1.000000 0.603296 0.572780 -0.554939 0.089852 -0.571252 0.795916 0.200473 -8.494887 0.556511 0.196065 0.807375 8.060581 0.000000 0.000000 0.000000 1.000000
datasets/GS/road/images/aerial_q/Q_009_00209.JPG datasets/GS/road/images/aerial_q/Q_009_00211.JPG 0 0 2492.479879 0.000000 799.387405 0.000000 2492.479879 525.034457 0.000000 0.000000 1.000000 2492.479879 0.000000 799.387405 0.000000 2492.479879 525.034457 0.000000 0.000000 1.000000 0.998739 0.035438 -0.035548 0.671381 -0.035452 0.999371 0.000246 -10.252822 0.035534 0.001015 0.999368 9.745850 0.000000 0.000000 0.000000 1.000000
datasets/GS/road/images/aerial_q/Q_009_00210.JPG datasets/GS/road/images/aerial_q/Q_009_00212.JPG 0 0 2492.479879 0.000000 799.387405 0.000000 2492.479879 525.034457 0.000000 0.000000 1.000000 2492.479879 0.000000 799.387405 0.000000 2492.479879 525.034457 0.000000 0.000000 1.000000 0.999966 -0.006050 0.005627 0.367074 0.006016 0.999964 0.006033 -10.931378 -0.005663 -0.005999 0.999966 10.475267 0.000000 0.000000 0.000000 1.000000
datasets/GS/road/images/aerial_q/Q_009_00211.JPG datasets/GS/road/images/aerial_q/Q_009_00213.JPG 0 0 2492.479879 0.000000 799.387405 0.000000 2492.479879 525.034457 0.000000 0.000000 1.000000 2492.479879 0.000000 799.387405 0.000000 2492.479879 525.034457 0.000000 0.000000 1.000000 0.999997 0.002338 -0.001134 0.312456 -0.002328 0.999960 0.008599 -10.238363 0.001154 -0.008597 0.999962 9.851312 0.000000 0.000000 0.000000 1.000000
datasets/GS/road/images/aerial_q/Q_009_00212.JPG datasets/GS/road/images/aerial_q/Q_009_00214.JPG 0 0 2492.479879 0.000000 799.387405 0.000000 2492.479879 525.034457 0.000000 0.000000 1.000000 2492.479879 0.000000 799.387405 0.000000 2492.479879 525.034457 0.000000 0.000000 1.000000 0.999881 0.010895 -0.010947 0.024607 -0.010824 0.999920 0.006546 -9.896409 0.011017 -0.006427 0.999919 9.560642 0.000000 0.000000 0.000000 1.000000
datasets/GS/road/images/aerial_q/Q_009_00213.JPG datasets/GS/road/images/aerial_q/Q_009_00215.JPG 0 0 2492.479879 0.000000 799.387405 0.000000 2492.479879 525.034457 0.000000 0.000000 1.000000 2492.479879 0.000000 799.387405 0.000000 2492.479879 525.034457 0.000000 0.000000 1.000000 0.999981 0.003264 -0.005284 -0.192730 -0.003244 0.999987 0.003926 -10.208364 0.005297 -0.003909 0.999978 9.909665 0.000000 0.000000 0.000000 1.000000
datasets/GS/road/images/aerial_q/Q_009_00214.JPG datasets/GS/road/images/aerial_q/Q_009_00216.JPG 0 0 2492.479879 0.000000 799.387405 0.000000 2492.479879 525.034457 0.000000 0.000000 1.000000 2492.479879 0.000000 799.387405 0.000000 2492.479879 525.034457 0.000000 0.000000 1.000000 0.999931 -0.008274 0.008371 -0.376590 0.008246 0.999960 0.003418 -10.286872 -0.008399 -0.003348 0.999959 10.054385 0.000000 0.000000 0.000000 1.000000
datasets/GS/road/images/aerial_q/Q_009_00215.JPG datasets/GS/road/images/aerial_q/Q_009_00217.JPG 0 0 2492.479879 0.000000 799.387405 0.000000 2492.479879 525.034457 0.000000 0.000000 1.000000 2492.479879 0.000000 799.387405 0.000000 2492.479879 525.034457 0.000000 0.000000 1.000000 0.999969 -0.005055 0.006099 -0.294230 0.005034 0.999981 0.003574 -10.335087 -0.006117 -0.003543 0.999975 10.164676 0.000000 0.000000 0.000000 1.000000
datasets/GS/road/images/aerial_q/Q_009_00216.JPG datasets/GS/road/images/aerial_q/Q_009_00218.JPG 0 0 2492.479879 0.000000 799.387405 0.000000 2492.479879 525.034457 0.000000 0.000000 1.000000 2492.479879 0.000000 799.387405 0.000000 2492.479879 525.034457 0.000000 0.000000 1.000000 0.999991 0.002877 -0.003209 -0.455337 -0.002870 0.999994 0.002122 -10.243060 0.003215 -0.002113 0.999993 10.090374 0.000000 0.000000 0.000000 1.000000
datasets/GS/road/images/aerial_q/Q_009_00217.JPG datasets/GS/road/images/aerial_q/Q_009_00219.JPG 0 0 2492.479879 0.000000 799.387405 0.000000 2492.479879 525.034457 0.000000 0.000000 1.000000 2492.479879 0.000000 799.387405 0.000000 2492.479879 525.034457 0.000000 0.000000 1.000000 0.999924 -0.008995 0.008485 -0.394440 0.008977 0.999957 0.002237 -10.359563 -0.008504 -0.002161 0.999961 10.242244 0.000000 0.000000 0.000000 1.000000
datasets/GS/road/images/aerial_q/Q_009_00218.JPG datasets/GS/road/images/aerial_q/Q_009_00220.JPG 0 0 2492.479879 0.000000 799.387405 0.000000 2492.479879 525.034457 0.000000 0.000000 1.000000 2492.479879 0.000000 799.387405 0.000000 2492.479879 525.034457 0.000000 0.000000 1.000000 0.999839 -0.011677 0.013658 -0.593484 0.011636 0.999928 0.003083 -10.141793 -0.013693 -0.002923 0.999902 10.051545 0.000000 0.000000 0.000000 1.000000
datasets/GS/road/images/aerial_q/Q_009_00219.JPG datasets/GS/road/images/aerial_q/Q_009_00221.JPG 0 0 2492.479879 0.000000 799.387405 0.000000 2492.479879 525.034457 0.000000 0.000000 1.000000 2492.479879 0.000000 799.387405 0.000000 2492.479879 525.034457 0.000000 0.000000 1.000000 0.999973 0.006825 -0.002854 -0.428667 -0.006821 0.999976 0.001262 -9.550188 0.002863 -0.001243 0.999995 9.484752 0.000000 0.000000 0.000000 1.000000
datasets/GS/road/images/aerial_q/Q_009_00220.JPG datasets/GS/road/images/aerial_q/Q_009_00222.JPG 0 0 2492.479879 0.000000 799.387405 0.000000 2492.479879 525.034457 0.000000 0.000000 1.000000 2492.479879 0.000000 799.387405 0.000000 2492.479879 525.034457 0.000000 0.000000 1.000000 0.999926 0.009540 -0.007546 0.007794 -0.009528 0.999953 0.001559 -9.850517 0.007560 -0.001487 0.999970 9.762405 0.000000 0.000000 0.000000 1.000000
datasets/GS/road/images/aerial_q/Q_009_00221.JPG datasets/GS/road/images/aerial_q/Q_009_00223.JPG 0 0 2492.479879 0.000000 799.387405 0.000000 2492.479879 525.034457 0.000000 0.000000 1.000000 2492.479879 0.000000 799.387405 0.000000 2492.479879 525.034457 0.000000 0.000000 1.000000 0.999980 0.002764 -0.005690 0.188328 -0.002762 0.999996 0.000328 -10.318663 0.005691 -0.000313 0.999984 10.196298 0.000000 0.000000 0.000000 1.000000
datasets/GS/road/images/aerial_q/Q_009_00222.JPG datasets/GS/road/images/aerial_q/Q_009_00224.JPG 0 0 2492.479879 0.000000 799.387405 0.000000 2492.479879 525.034457 0.000000 0.000000 1.000000 2492.479879 0.000000 799.387405 0.000000 2492.479879 525.034457 0.000000 0.000000 1.000000 0.999915 0.007657 -0.010562 -0.358343 -0.007660 0.999971 -0.000240 -10.365575 0.010560 0.000321 0.999944 10.236897 0.000000 0.000000 0.000000 1.000000
datasets/GS/road/images/aerial_q/Q_009_00223.JPG datasets/GS/road/images/aerial_q/Q_009_00225.JPG 0 0 2492.479879 0.000000 799.387405 0.000000 2492.479879 525.034457 0.000000 0.000000 1.000000 2492.479879 0.000000 799.387405 0.000000 2492.479879 525.034457 0.000000 0.000000 1.000000 0.999997 -0.001380 0.002202 -0.310089 0.001378 0.999998 0.001187 -10.371516 -0.002203 -0.001184 0.999997 10.267825 0.000000 0.000000 0.000000 1.000000
datasets/GS/road/images/aerial_q/Q_009_00224.JPG datasets/GS/road/images/aerial_q/Q_009_00226.JPG 0 0 2492.479879 0.000000 799.387405 0.000000 2492.479879 525.034457 0.000000 0.000000 1.000000 2492.479879 0.000000 799.387405 0.000000 2492.479879 525.034457 0.000000 0.000000 1.000000 1.000000 -0.000428 -0.000300 -0.443668 0.000428 0.999999 0.001284 -10.352330 0.000299 -0.001284 0.999999 10.270431 0.000000 0.000000 0.000000 1.000000
datasets/GS/road/images/aerial_q/Q_009_00225.JPG datasets/GS/road/images/aerial_q/Q_009_00227.JPG 0 0 2492.479879 0.000000 799.387405 0.000000 2492.479879 525.034457 0.000000 0.000000 1.000000 2492.479879 0.000000 799.387405 0.000000 2492.479879 525.034457 0.000000 0.000000 1.000000 0.999998 0.000534 -0.001928 -0.172639 -0.000533 0.999999 0.000964 -10.306693 0.001928 -0.000963 0.999998 10.171726 0.000000 0.000000 0.000000 1.000000
datasets/GS/road/images/aerial_q/Q_009_00226.JPG datasets/GS/road/images/aerial_q/Q_009_00228.JPG 0 0 2492.479879 0.000000 799.387405 0.000000 2492.479879 525.034457 0.000000 0.000000 1.000000 2492.479879 0.000000 799.387405 0.000000 2492.479879 525.034457 0.000000 0.000000 1.000000 0.999985 -0.003290 0.004378 -0.296579 0.003292 0.999994 -0.000352 -10.065080 -0.004377 0.000366 0.999990 9.985135 0.000000 0.000000 0.000000 1.000000
datasets/GS/road/images/aerial_q/Q_009_00227.JPG datasets/GS/road/images/aerial_q/Q_009_00229.JPG 0 0 2492.479879 0.000000 799.387405 0.000000 2492.479879 525.034457 0.000000 0.000000 1.000000 2492.479879 0.000000 799.387405 0.000000 2492.479879 525.034457 0.000000 0.000000 1.000000 0.999963 -0.005998 0.006235 -0.106786 0.005989 0.999981 0.001486 -9.831097 -0.006244 -0.001449 0.999979 9.858800 0.000000 0.000000 0.000000 1.000000
datasets/GS/road/images/aerial_q/Q_009_00228.JPG datasets/GS/road/images/aerial_q/Q_009_00230.JPG 0 0 2492.479879 0.000000 799.387405 0.000000 2492.479879 525.034457 0.000000 0.000000 1.000000 2492.479879 0.000000 799.387405 0.000000 2492.479879 525.034457 0.000000 0.000000 1.000000 0.999929 -0.007576 0.009158 -0.286581 0.007560 0.999970 0.001744 -9.981511 -0.009171 -0.001675 0.999957 9.981075 0.000000 0.000000 0.000000 1.000000
datasets/GS/road/images/aerial_q/Q_009_00229.JPG datasets/GS/road/images/aerial_q/Q_009_00231.JPG 0 0 2492.479879 0.000000 799.387405 0.000000 2492.479879 525.034457 0.000000 0.000000 1.000000 2492.479879 0.000000 799.387405 0.000000 2492.479879 525.034457 0.000000 0.000000 1.000000 0.999988 0.003805 -0.003096 -0.067788 -0.003804 0.999993 0.000316 -10.177490 0.003098 -0.000304 0.999995 10.148420 0.000000 0.000000 0.000000 1.000000
datasets/GS/road/images/aerial_q/Q_009_00230.JPG datasets/GS/road/images/aerial_q/Q_009_00232.JPG 0 0 2492.479879 0.000000 799.387405 0.000000 2492.479879 525.034457 0.000000 0.000000 1.000000 2492.479879 0.000000 799.387405 0.000000 2492.479879 525.034457 0.000000 0.000000 1.000000 0.999994 -0.003226 0.001364 -0.091850 0.003226 0.999995 0.000111 -10.025380 -0.001364 -0.000106 0.999999 10.004434 0.000000 0.000000 0.000000 1.000000
datasets/GS/road/images/aerial_q/Q_009_00231.JPG datasets/GS/road/images/aerial_q/Q_009_00233.JPG 0 0 2492.479879 0.000000 799.387405 0.000000 2492.479879 525.034457 0.000000 0.000000 1.000000 2492.479879 0.000000 799.387405 0.000000 2492.479879 525.034457 0.000000 0.000000 1.000000 1.000000 0.000183 0.000174 -0.325141 -0.000183 1.000000 -0.000308 -10.097142 -0.000174 0.000307 1.000000 10.034271 0.000000 0.000000 0.000000 1.000000
datasets/GS/road/images/aerial_q/Q_009_00232.JPG datasets/GS/road/images/aerial_q/Q_009_00234.JPG 0 0 2492.479879 0.000000 799.387405 0.000000 2492.479879 525.034457 0.000000 0.000000 1.000000 2492.479879 0.000000 799.387405 0.000000 2492.479879 525.034457 0.000000 0.000000 1.000000 0.999997 0.002257 -0.000883 -0.268604 -0.002257 0.999997 0.000287 -10.289601 0.000884 -0.000285 1.000000 10.266261 0.000000 0.000000 0.000000 1.000000
datasets/GS/road/images/aerial_q/Q_009_00233.JPG datasets/GS/road/images/aerial_q/Q_009_00235.JPG 0 0 2492.479879 0.000000 799.387405 0.000000 2492.479879 525.034457 0.000000 0.000000 1.000000 2492.479879 0.000000 799.387405 0.000000 2492.479879 525.034457 0.000000 0.000000 1.000000 1.000000 0.000435 0.000461 -0.108913 -0.000435 1.000000 -0.000280 -10.305811 -0.000462 0.000280 1.000000 10.254804 0.000000 0.000000 0.000000 1.000000
datasets/GS/road/images/aerial_q/Q_009_00234.JPG datasets/GS/road/images/aerial_q/Q_009_00236.JPG 0 0 2492.479879 0.000000 799.387405 0.000000 2492.479879 525.034457 0.000000 0.000000 1.000000 2492.479879 0.000000 799.387405 0.000000 2492.479879 525.034457 0.000000 0.000000 1.000000 0.999999 -0.000978 0.000849 -0.114944 0.000978 0.999999 -0.000251 -10.139967 -0.000848 0.000252 1.000000 10.109501 0.000000 0.000000 0.000000 1.000000
datasets/GS/road/images/aerial_q/Q_009_00235.JPG datasets/GS/road/images/aerial_q/Q_009_00237.JPG 0 0 2492.479879 0.000000 799.387405 0.000000 2492.479879 525.034457 0.000000 0.000000 1.000000 2492.479879 0.000000 799.387405 0.000000 2492.479879 525.034457 0.000000 0.000000 1.000000 0.999996 0.002102 -0.001859 -0.174107 -0.002101 0.999998 0.000566 -10.166172 0.001860 -0.000562 0.999998 10.143745 0.000000 0.000000 0.000000 1.000000
datasets/GS/road/images/aerial_q/Q_009_00236.JPG datasets/GS/road/images/aerial_q/Q_009_00238.JPG 0 0 2492.479879 0.000000 799.387405 0.000000 2492.479879 525.034457 0.000000 0.000000 1.000000 2492.479879 0.000000 799.387405 0.000000 2492.479879 525.034457 0.000000 0.000000 1.000000 0.999978 0.005007 -0.004335 -0.147987 -0.005005 0.999987 0.000419 -9.932144 0.004337 -0.000397 0.999991 9.907406 0.000000 0.000000 0.000000 1.000000
datasets/GS/road/images/aerial_q/Q_009_00237.JPG datasets/GS/road/images/aerial_q/Q_009_00239.JPG 0 0 2492.479879 0.000000 799.387405 0.000000 2492.479879 525.034457 0.000000 0.000000 1.000000 2492.479879 0.000000 799.387405 0.000000 2492.479879 525.034457 0.000000 0.000000 1.000000 0.999993 0.002406 -0.002765 -0.171602 -0.002403 0.999997 0.001091 -10.260075 0.002767 -0.001085 0.999996 10.244760 0.000000 0.000000 0.000000 1.000000
datasets/GS/road/images/aerial_q/Q_009_00238.JPG datasets/GS/road/images/aerial_q/Q_009_00240.JPG 0 0 2492.479879 0.000000 799.387405 0.000000 2492.479879 525.034457 0.000000 0.000000 1.000000 2492.479879 0.000000 799.387405 0.000000 2492.479879 525.034457 0.000000 0.000000 1.000000 0.999998 0.000960 -0.001881 -0.230001 -0.000959 0.999999 0.000548 -10.158580 0.001882 -0.000547 0.999998 10.150324 0.000000 0.000000 0.000000 1.000000
datasets/GS/road/images/aerial_q/Q_009_00239.JPG datasets/GS/road/images/aerial_q/Q_009_00241.JPG 0 0 2492.479879 0.000000 799.387405 0.000000 2492.479879 525.034457 0.000000 0.000000 1.000000 2492.479879 0.000000 799.387405 0.000000 2492.479879 525.034457 0.000000 0.000000 1.000000 1.000000 -0.000248 -0.000127 -0.192455 0.000248 1.000000 -0.000781 -9.523520 0.000127 0.000781 1.000000 9.512443 0.000000 0.000000 0.000000 1.000000
datasets/GS/road/images/aerial_q/Q_009_00240.JPG datasets/GS/road/images/aerial_q/Q_009_00242.JPG 0 0 2492.479879 0.000000 799.387405 0.000000 2492.479879 525.034457 0.000000 0.000000 1.000000 2492.479879 0.000000 799.387405 0.000000 2492.479879 525.034457 0.000000 0.000000 1.000000 0.999993 -0.002887 0.002309 -0.204531 0.002892 0.999994 -0.001982 -10.021572 -0.002303 0.001988 0.999995 9.984097 0.000000 0.000000 0.000000 1.000000
datasets/GS/road/images/aerial_q/Q_009_00241.JPG datasets/GS/road/images/aerial_q/Q_009_00243.JPG 0 0 2492.479879 0.000000 799.387405 0.000000 2492.479879 525.034457 0.000000 0.000000 1.000000 2492.479879 0.000000 799.387405 0.000000 2492.479879 525.034457 0.000000 0.000000 1.000000 1.000000 -0.000747 0.000281 -0.177405 0.000747 1.000000 -0.000016 -10.262417 -0.000281 0.000016 1.000000 10.253650 0.000000 0.000000 0.000000 1.000000
datasets/GS/road/images/aerial_q/Q_009_00242.JPG datasets/GS/road/images/aerial_q/Q_009_00244.JPG 0 0 2492.479879 0.000000 799.387405 0.000000 2492.479879 525.034457 0.000000 0.000000 1.000000 2492.479879 0.000000 799.387405 0.000000 2492.479879 525.034457 0.000000 0.000000 1.000000 0.999986 0.002984 -0.004462 -0.151121 -0.002979 0.999995 0.001085 -10.224891 0.004465 -0.001072 0.999989 10.125974 0.000000 0.000000 0.000000 1.000000
datasets/GS/road/images/aerial_q/Q_009_00243.JPG datasets/GS/road/images/aerial_q/Q_009_00245.JPG 0 0 2492.479879 0.000000 799.387405 0.000000 2492.479879 525.034457 0.000000 0.000000 1.000000 2492.479879 0.000000 799.387405 0.000000 2492.479879 525.034457 0.000000 0.000000 1.000000 0.999999 -0.000695 -0.001059 -0.212763 0.000694 0.999999 -0.000781 -10.233479 0.001059 0.000780 0.999999 10.178775 0.000000 0.000000 0.000000 1.000000
datasets/GS/road/images/aerial_q/Q_009_00244.JPG datasets/GS/road/images/aerial_q/Q_009_00246.JPG 0 0 2492.479879 0.000000 799.387405 0.000000 2492.479879 525.034457 0.000000 0.000000 1.000000 2492.479879 0.000000 799.387405 0.000000 2492.479879 525.034457 0.000000 0.000000 1.000000 0.999946 -0.007437 0.007244 -0.368100 0.007442 0.999972 -0.000636 -10.312829 -0.007239 0.000690 0.999974 10.345980 0.000000 0.000000 0.000000 1.000000
datasets/GS/road/images/aerial_q/Q_009_00245.JPG datasets/GS/road/images/aerial_q/Q_009_00247.JPG 0 0 2492.479879 0.000000 799.387405 0.000000 2492.479879 525.034457 0.000000 0.000000 1.000000 2492.479879 0.000000 799.387405 0.000000 2492.479879 525.034457 0.000000 0.000000 1.000000 0.999972 -0.004975 0.005645 -0.385121 0.004977 0.999988 -0.000494 -9.928795 -0.005643 0.000522 0.999984 9.896157 0.000000 0.000000 0.000000 1.000000
datasets/GS/road/images/aerial_q/Q_009_00246.JPG datasets/GS/road/images/aerial_q/Q_009_00248.JPG 0 0 2492.479879 0.000000 799.387405 0.000000 2492.479879 525.034457 0.000000 0.000000 1.000000 2492.479879 0.000000 799.387405 0.000000 2492.479879 525.034457 0.000000 0.000000 1.000000 0.999714 0.016983 -0.016852 -0.573528 -0.016901 0.999844 0.005038 -8.534599 0.016934 -0.004751 0.999845 8.494033 0.000000 0.000000 0.000000 1.000000
datasets/GS/road/images/aerial_q/Q_009_00247.JPG datasets/GS/road/images/aerial_q/Q_009_00249.JPG 0 0 2492.479879 0.000000 799.387405 0.000000 2492.479879 525.034457 0.000000 0.000000 1.000000 2492.479879 0.000000 799.387405 0.000000 2492.479879 525.034457 0.000000 0.000000 1.000000 -0.973715 0.157654 -0.164390 -0.849240 -0.165688 0.004963 0.986166 -8.303972 0.156289 0.987482 0.021289 8.170106 0.000000 0.000000 0.000000 1.000000
datasets/GS/road/images/aerial_q/Q_009_00248.JPG datasets/GS/road/images/aerial_q/Q_009_00250.JPG 0 0 2492.479879 0.000000 799.387405 0.000000 2492.479879 525.034457 0.000000 0.000000 1.000000 2492.479879 0.000000 799.387405 0.000000 2492.479879 525.034457 0.000000 0.000000 1.000000 -0.969177 0.169819 -0.178489 0.161485 -0.181396 -0.001629 0.983409 -13.027416 0.166710 0.985474 0.032383 12.588290 0.000000 0.000000 0.000000 1.000000
datasets/GS/road/images/aerial_q/Q_009_00249.JPG datasets/GS/road/images/aerial_q/Q_009_00251.JPG 0 0 2492.479879 0.000000 799.387405 0.000000 2492.479879 525.034457 0.000000 0.000000 1.000000 2492.479879 0.000000 799.387405 0.000000 2492.479879 525.034457 0.000000 0.000000 1.000000 0.999999 -0.001006 0.000366 -0.081804 0.001015 0.999727 -0.023325 -4.287533 -0.000343 0.023325 0.999728 6.056788 0.000000 0.000000 0.000000 1.000000
datasets/GS/road/images/aerial_q/Q_009_00250.JPG datasets/GS/road/images/aerial_q/Q_009_00252.JPG 0 0 2492.479879 0.000000 799.387405 0.000000 2492.479879 525.034457 0.000000 0.000000 1.000000 2492.479879 0.000000 799.387405 0.000000 2492.479879 525.034457 0.000000 0.000000 1.000000 0.999914 -0.008810 0.009689 -0.082635 0.008970 0.999823 -0.016542 -8.721904 -0.009541 0.016628 0.999816 15.420566 0.000000 0.000000 0.000000 1.000000
datasets/GS/road/images/aerial_q/Q_009_00251.JPG datasets/GS/road/images/aerial_q/Q_009_00253.JPG 0 0 2492.479879 0.000000 799.387405 0.000000 2492.479879 525.034457 0.000000 0.000000 1.000000 2492.479879 0.000000 799.387405 0.000000 2492.479879 525.034457 0.000000 0.000000 1.000000 0.999802 -0.014318 0.013825 -0.159598 0.014418 0.999870 -0.007217 -12.292912 -0.013720 0.007415 0.999878 23.749041 0.000000 0.000000 0.000000 1.000000
datasets/GS/road/images/aerial_q/Q_009_00252.JPG datasets/GS/road/images/aerial_q/Q_009_00254.JPG 0 0 2492.479879 0.000000 799.387405 0.000000 2492.479879 525.034457 0.000000 0.000000 1.000000 2492.479879 0.000000 799.387405 0.000000 2492.479879 525.034457 0.000000 0.000000 1.000000 0.999995 -0.001866 0.002550 -0.956048 0.001850 0.999978 0.006370 -14.562183 -0.002562 -0.006366 0.999976 28.787062 0.000000 0.000000 0.000000 1.000000
datasets/GS/road/images/aerial_q/Q_009_00253.JPG datasets/GS/road/images/aerial_q/Q_009_00255.JPG 0 0 2492.479879 0.000000 799.387405 0.000000 2492.479879 525.034457 0.000000 0.000000 1.000000 2492.479879 0.000000 799.387405 0.000000 2492.479879 525.034457 0.000000 0.000000 1.000000 0.999976 0.006354 -0.002688 -0.645981 -0.006303 0.999811 0.018388 -14.289262 0.002804 -0.018371 0.999827 30.522546 0.000000 0.000000 0.000000 1.000000
datasets/GS/road/images/aerial_q/Q_009_00254.JPG datasets/GS/road/images/aerial_q/Q_009_00256.JPG 0 0 2492.479879 0.000000 799.387405 0.000000 2492.479879 525.034457 0.000000 0.000000 1.000000 2492.479879 0.000000 799.387405 0.000000 2492.479879 525.034457 0.000000 0.000000 1.000000 0.999992 0.003636 -0.001853 -0.504792 -0.003603 0.999839 0.017560 -12.624992 0.001916 -0.017553 0.999844 30.084890 0.000000 0.000000 0.000000 1.000000
datasets/GS/road/images/aerial_q/Q_009_00255.JPG datasets/GS/road/images/aerial_q/Q_009_00257.JPG 0 0 2492.479879 0.000000 799.387405 0.000000 2492.479879 525.034457 0.000000 0.000000 1.000000 2492.479879 0.000000 799.387405 0.000000 2492.479879 525.034457 0.000000 0.000000 1.000000 0.999968 -0.005853 0.005513 -0.037960 0.005761 0.999844 0.016690 -10.563408 -0.005609 -0.016658 0.999846 28.249186 0.000000 0.000000 0.000000 1.000000
datasets/GS/road/images/aerial_q/Q_009_00256.JPG datasets/GS/road/images/aerial_q/Q_009_00258.JPG 0 0 2492.479879 0.000000 799.387405 0.000000 2492.479879 525.034457 0.000000 0.000000 1.000000 2492.479879 0.000000 799.387405 0.000000 2492.479879 525.034457 0.000000 0.000000 1.000000 0.983435 0.130806 -0.125479 -4.173028 -0.129019 0.991391 0.022304 -9.897843 0.127317 -0.005745 0.991845 21.617206 0.000000 0.000000 0.000000 1.000000
datasets/GS/road/images/aerial_q/Q_009_00257.JPG datasets/GS/road/images/aerial_q/Q_009_00259.JPG 0 0 2492.479879 0.000000 799.387405 0.000000 2492.479879 525.034457 0.000000 0.000000 1.000000 2492.479879 0.000000 799.387405 0.000000 2492.479879 525.034457 0.000000 0.000000 1.000000 0.972868 0.166807 -0.160320 -2.256039 -0.165624 0.985969 0.020814 -6.922507 0.161543 0.006304 0.986846 7.143032 0.000000 0.000000 0.000000 1.000000
datasets/GS/road/images/aerial_q/Q_009_00258.JPG datasets/GS/road/images/aerial_q/Q_009_00260.JPG 0 0 2492.479879 0.000000 799.387405 0.000000 2492.479879 525.034457 0.000000 0.000000 1.000000 2492.479879 0.000000 799.387405 0.000000 2492.479879 525.034457 0.000000 0.000000 1.000000 0.999133 0.029937 -0.028930 -0.276019 -0.030181 0.999512 -0.008040 -3.600737 0.028675 0.008906 0.999549 -1.841235 0.000000 0.000000 0.000000 1.000000
datasets/GS/road/images/aerial_q/Q_009_00259.JPG datasets/GS/road/images/aerial_q/Q_009_00261.JPG 0 0 2492.479879 0.000000 799.387405 0.000000 2492.479879 525.034457 0.000000 0.000000 1.000000 2492.479879 0.000000 799.387405 0.000000 2492.479879 525.034457 0.000000 0.000000 1.000000 0.999978 -0.005223 0.004189 -0.008713 0.005297 0.999826 -0.017871 -5.968131 -0.004095 0.017893 0.999831 3.495470 0.000000 0.000000 0.000000 1.000000
datasets/GS/road/images/aerial_q/Q_009_00260.JPG datasets/GS/road/images/aerial_q/Q_009_00262.JPG 0 0 2492.479879 0.000000 799.387405 0.000000 2492.479879 525.034457 0.000000 0.000000 1.000000 2492.479879 0.000000 799.387405 0.000000 2492.479879 525.034457 0.000000 0.000000 1.000000 0.995837 -0.066101 0.062756 0.680280 0.066300 0.997799 -0.001092 -8.372034 -0.062546 0.005248 0.998028 8.246943 0.000000 0.000000 0.000000 1.000000
datasets/GS/road/images/aerial_q/Q_009_00261.JPG datasets/GS/road/images/aerial_q/Q_009_00263.JPG 0 0 2492.479879 0.000000 799.387405 0.000000 2492.479879 525.034457 0.000000 0.000000 1.000000 2492.479879 0.000000 799.387405 0.000000 2492.479879 525.034457 0.000000 0.000000 1.000000 0.997159 -0.056370 0.049973 0.384670 0.056231 0.998409 0.004182 -8.920047 -0.050130 -0.001360 0.998742 8.716734 0.000000 0.000000 0.000000 1.000000
datasets/GS/road/images/aerial_q/Q_009_00262.JPG datasets/GS/road/images/aerial_q/Q_009_00264.JPG 0 0 2492.479879 0.000000 799.387405 0.000000 2492.479879 525.034457 0.000000 0.000000 1.000000 2492.479879 0.000000 799.387405 0.000000 2492.479879 525.034457 0.000000 0.000000 1.000000 0.991347 0.096833 -0.088621 -1.275293 -0.097071 0.995276 0.001625 -9.327527 0.088360 0.006991 0.996064 9.063291 0.000000 0.000000 0.000000 1.000000
datasets/GS/road/images/aerial_q/Q_009_00263.JPG datasets/GS/road/images/aerial_q/Q_009_00265.JPG 0 0 2492.479879 0.000000 799.387405 0.000000 2492.479879 525.034457 0.000000 0.000000 1.000000 2492.479879 0.000000 799.387405 0.000000 2492.479879 525.034457 0.000000 0.000000 1.000000 0.979430 0.147096 -0.138132 -0.899227 -0.148377 0.988930 0.001036 -10.449892 0.136755 0.019481 0.990413 11.045598 0.000000 0.000000 0.000000 1.000000
datasets/GS/road/images/aerial_q/Q_009_00264.JPG datasets/GS/road/images/aerial_q/Q_009_00266.JPG 0 0 2492.479879 0.000000 799.387405 0.000000 2492.479879 525.034457 0.000000 0.000000 1.000000 2492.479879 0.000000 799.387405 0.000000 2492.479879 525.034457 0.000000 0.000000 1.000000 0.996737 0.056701 -0.057446 0.010644 -0.057121 0.998351 -0.005690 -11.847008 0.057029 0.008953 0.998332 15.488035 0.000000 0.000000 0.000000 1.000000
datasets/GS/road/images/aerial_q/Q_009_00265.JPG datasets/GS/road/images/aerial_q/Q_009_00267.JPG 0 0 2492.479879 0.000000 799.387405 0.000000 2492.479879 525.034457 0.000000 0.000000 1.000000 2492.479879 0.000000 799.387405 0.000000 2492.479879 525.034457 0.000000 0.000000 1.000000 0.999632 0.018138 -0.020154 -0.696647 -0.018122 0.999835 0.000970 -13.011677 0.020169 -0.000604 0.999796 18.800908 0.000000 0.000000 0.000000 1.000000
datasets/GS/road/images/aerial_q/Q_009_00266.JPG datasets/GS/road/images/aerial_q/Q_009_00268.JPG 0 0 2492.479879 0.000000 799.387405 0.000000 2492.479879 525.034457 0.000000 0.000000 1.000000 2492.479879 0.000000 799.387405 0.000000 2492.479879 525.034457 0.000000 0.000000 1.000000 0.999679 0.015928 -0.019678 -0.872367 -0.015685 0.999800 0.012425 -12.840855 0.019872 -0.012112 0.999729 18.917779 0.000000 0.000000 0.000000 1.000000
datasets/GS/road/images/aerial_q/Q_009_00267.JPG datasets/GS/road/images/aerial_q/Q_009_00269.JPG 0 0 2492.479879 0.000000 799.387405 0.000000 2492.479879 525.034457 0.000000 0.000000 1.000000 2492.479879 0.000000 799.387405 0.000000 2492.479879 525.034457 0.000000 0.000000 1.000000 0.999997 -0.001581 -0.001818 -0.904659 0.001616 0.999812 0.019325 -10.319531 0.001787 -0.019328 0.999812 16.112070 0.000000 0.000000 0.000000 1.000000
datasets/GS/road/images/aerial_q/Q_009_00268.JPG datasets/GS/road/images/aerial_q/Q_009_00270.JPG 0 0 2492.479879 0.000000 799.387405 0.000000 2492.479879 525.034457 0.000000 0.000000 1.000000 2492.479879 0.000000 799.387405 0.000000 2492.479879 525.034457 0.000000 0.000000 1.000000 1.000000 -0.000916 0.000011 -1.223674 0.000916 0.999940 0.010893 -8.411396 -0.000021 -0.010893 0.999941 12.155742 0.000000 0.000000 0.000000 1.000000
datasets/GS/road/images/aerial_q/Q_009_00269.JPG datasets/GS/road/images/aerial_q/Q_009_00271.JPG 0 0 2492.479879 0.000000 799.387405 0.000000 2492.479879 525.034457 0.000000 0.000000 1.000000 2492.479879 0.000000 799.387405 0.000000 2492.479879 525.034457 0.000000 0.000000 1.000000 0.969425 -0.177066 0.169891 1.329797 0.176503 0.984126 0.018531 -8.402073 -0.170475 0.012022 0.985289 9.656442 0.000000 0.000000 0.000000 1.000000
datasets/GS/road/images/aerial_q/Q_009_00270.JPG datasets/GS/road/images/aerial_q/Q_009_00272.JPG 0 0 2492.479879 0.000000 799.387405 0.000000 2492.479879 525.034457 0.000000 0.000000 1.000000 2492.479879 0.000000 799.387405 0.000000 2492.479879 525.034457 0.000000 0.000000 1.000000 0.947430 -0.228199 0.224280 0.631236 0.227760 0.973309 0.028186 -8.486780 -0.224726 0.024378 0.974117 8.486271 0.000000 0.000000 0.000000 1.000000
datasets/GS/road/images/aerial_q/Q_009_00271.JPG datasets/GS/road/images/aerial_q/Q_009_00273.JPG 0 0 2492.479879 0.000000 799.387405 0.000000 2492.479879 525.034457 0.000000 0.000000 1.000000 2492.479879 0.000000 799.387405 0.000000 2492.479879 525.034457 0.000000 0.000000 1.000000 0.997548 -0.047590 0.051313 -0.356169 0.048298 0.998753 -0.012658 -6.245428 -0.050647 0.015105 0.998602 6.090840 0.000000 0.000000 0.000000 1.000000
datasets/GS/road/images/aerial_q/Q_009_00272.JPG datasets/GS/road/images/aerial_q/Q_009_00274.JPG 0 0 2492.479879 0.000000 799.387405 0.000000 2492.479879 525.034457 0.000000 0.000000 1.000000 2492.479879 0.000000 799.387405 0.000000 2492.479879 525.034457 0.000000 0.000000 1.000000 0.992508 -0.088120 0.084637 0.526839 0.089637 0.995872 -0.014280 -6.521445 -0.083030 0.021760 0.996309 6.398446 0.000000 0.000000 0.000000 1.000000
datasets/GS/road/images/aerial_q/Q_009_00273.JPG datasets/GS/road/images/aerial_q/Q_009_00275.JPG 0 0 2492.479879 0.000000 799.387405 0.000000 2492.479879 525.034457 0.000000 0.000000 1.000000 2492.479879 0.000000 799.387405 0.000000 2492.479879 525.034457 0.000000 0.000000 1.000000 0.997310 0.057527 -0.045432 -1.578149 -0.057832 0.998312 -0.005414 -9.162942 0.045044 0.008027 0.998953 8.923331 0.000000 0.000000 0.000000 1.000000
datasets/GS/road/images/aerial_q/Q_009_00274.JPG datasets/GS/road/images/aerial_q/Q_009_00276.JPG 0 0 2492.479879 0.000000 799.387405 0.000000 2492.479879 525.034457 0.000000 0.000000 1.000000 2492.479879 0.000000 799.387405 0.000000 2492.479879 525.034457 0.000000 0.000000 1.000000 0.996253 0.067262 -0.054358 1.272293 -0.067084 0.997734 0.005086 -10.109549 0.054577 -0.001420 0.998509 9.894709 0.000000 0.000000 0.000000 1.000000
datasets/GS/road/images/aerial_q/Q_009_00275.JPG datasets/GS/road/images/aerial_q/Q_009_00277.JPG 0 0 2492.479879 0.000000 799.387405 0.000000 2492.479879 525.034457 0.000000 0.000000 1.000000 2492.479879 0.000000 799.387405 0.000000 2492.479879 525.034457 0.000000 0.000000 1.000000 0.986476 -0.124204 0.106952 2.095926 0.124097 0.992240 0.007680 -10.220492 -0.107076 0.005696 0.994235 9.896205 0.000000 0.000000 0.000000 1.000000
datasets/GS/road/images/aerial_q/Q_009_00276.JPG datasets/GS/road/images/aerial_q/Q_009_00278.JPG 0 0 2492.479879 0.000000 799.387405 0.000000 2492.479879 525.034457 0.000000 0.000000 1.000000 2492.479879 0.000000 799.387405 0.000000 2492.479879 525.034457 0.000000 0.000000 1.000000 0.138267 -0.729848 0.669480 9.857164 0.713015 0.542512 0.444173 -3.690502 -0.687380 0.415935 0.595404 4.042655 0.000000 0.000000 0.000000 1.000000
datasets/GS/road/images/aerial_q/Q_009_00277.JPG datasets/GS/road/images/aerial_q/Q_009_00279.JPG 0 0 2492.479879 0.000000 799.387405 0.000000 2492.479879 525.034457 0.000000 0.000000 1.000000 2492.479879 0.000000 799.387405 0.000000 2492.479879 525.034457 0.000000 0.000000 1.000000 -0.824016 -0.430371 0.368481 5.944718 0.389943 0.041023 0.919925 -2.000307 -0.411025 0.901720 0.134017 2.160423 0.000000 0.000000 0.000000 1.000000
datasets/GS/road/images/aerial_q/Q_009_00278.JPG datasets/GS/road/images/aerial_q/Q_009_00280.JPG 0 0 2492.479879 0.000000 799.387405 0.000000 2492.479879 525.034457 0.000000 0.000000 1.000000 2492.479879 0.000000 799.387405 0.000000 2492.479879 525.034457 0.000000 0.000000 1.000000 0.060021 -0.732153 0.678491 1.299498 0.703888 0.512996 0.491301 -5.130688 -0.707770 0.448093 0.546144 4.922615 0.000000 0.000000 0.000000 1.000000
datasets/GS/road/images/aerial_q/Q_009_00279.JPG datasets/GS/road/images/aerial_q/Q_009_00281.JPG 0 0 2492.479879 0.000000 799.387405 0.000000 2492.479879 525.034457 0.000000 0.000000 1.000000 2492.479879 0.000000 799.387405 0.000000 2492.479879 525.034457 0.000000 0.000000 1.000000 0.924782 -0.266819 0.271269 -1.102432 0.263100 0.963436 0.050700 -6.365985 -0.274878 0.024484 0.961167 6.057317 0.000000 0.000000 0.000000 1.000000
datasets/GS/road/images/aerial_q/Q_009_00280.JPG datasets/GS/road/images/aerial_q/Q_009_00282.JPG 0 0 2492.479879 0.000000 799.387405 0.000000 2492.479879 525.034457 0.000000 0.000000 1.000000 2492.479879 0.000000 799.387405 0.000000 2492.479879 525.034457 0.000000 0.000000 1.000000 0.997615 -0.038013 0.057607 -0.559572 0.037383 0.999229 0.011986 -8.018040 -0.058019 -0.009804 0.998267 7.728810 0.000000 0.000000 0.000000 1.000000
datasets/GS/road/images/aerial_q/Q_009_00281.JPG datasets/GS/road/images/aerial_q/Q_009_00283.JPG 0 0 2492.479879 0.000000 799.387405 0.000000 2492.479879 525.034457 0.000000 0.000000 1.000000 2492.479879 0.000000 799.387405 0.000000 2492.479879 525.034457 0.000000 0.000000 1.000000 0.998141 -0.040875 0.045199 0.300611 0.040289 0.999093 0.013790 -8.822569 -0.045722 -0.011944 0.998883 8.636399 0.000000 0.000000 0.000000 1.000000
datasets/GS/road/images/aerial_q/Q_009_00282.JPG datasets/GS/road/images/aerial_q/Q_009_00284.JPG 0 0 2492.479879 0.000000 799.387405 0.000000 2492.479879 525.034457 0.000000 0.000000 1.000000 2492.479879 0.000000 799.387405 0.000000 2492.479879 525.034457 0.000000 0.000000 1.000000 0.999255 -0.026493 0.028069 0.197822 0.026212 0.999603 0.010347 -10.348659 -0.028332 -0.009604 0.999552 7.781323 0.000000 0.000000 0.000000 1.000000
datasets/GS/road/images/aerial_q/Q_009_00283.JPG datasets/GS/road/images/aerial_q/Q_009_00285.JPG 0 0 2492.479879 0.000000 799.387405 0.000000 2492.479879 525.034457 0.000000 0.000000 1.000000 2492.479879 0.000000 799.387405 0.000000 2492.479879 525.034457 0.000000 0.000000 1.000000 0.999993 -0.002136 0.003059 0.491068 0.002113 0.999970 0.007433 -12.016911 -0.003074 -0.007426 0.999968 6.386650 0.000000 0.000000 0.000000 1.000000
datasets/GS/road/images/aerial_q/Q_009_00284.JPG datasets/GS/road/images/aerial_q/Q_009_00286.JPG 0 0 2492.479879 0.000000 799.387405 0.000000 2492.479879 525.034457 0.000000 0.000000 1.000000 2492.479879 0.000000 799.387405 0.000000 2492.479879 525.034457 0.000000 0.000000 1.000000 0.999997 0.001295 -0.002283 0.370220 -0.001277 0.999968 0.007875 -11.962625 0.002293 -0.007873 0.999966 5.674364 0.000000 0.000000 0.000000 1.000000
datasets/GS/road/images/aerial_q/Q_009_00285.JPG datasets/GS/road/images/aerial_q/Q_009_00287.JPG 0 0 2492.479879 0.000000 799.387405 0.000000 2492.479879 525.034457 0.000000 0.000000 1.000000 2492.479879 0.000000 799.387405 0.000000 2492.479879 525.034457 0.000000 0.000000 1.000000 0.999999 -0.000902 0.000536 -0.173023 0.000898 0.999983 0.005733 -11.014760 -0.000541 -0.005732 0.999983 5.116434 0.000000 0.000000 0.000000 1.000000
datasets/GS/road/images/aerial_q/Q_009_00286.JPG datasets/GS/road/images/aerial_q/Q_009_00288.JPG 0 0 2492.479879 0.000000 799.387405 0.000000 2492.479879 525.034457 0.000000 0.000000 1.000000 2492.479879 0.000000 799.387405 0.000000 2492.479879 525.034457 0.000000 0.000000 1.000000 0.999554 0.023765 -0.018058 -0.763236 -0.023774 0.999717 -0.000302 -10.501737 0.018046 0.000732 0.999837 4.967683 0.000000 0.000000 0.000000 1.000000
datasets/GS/road/images/aerial_q/Q_009_00287.JPG datasets/GS/road/images/aerial_q/Q_009_00289.JPG 0 0 2492.479879 0.000000 799.387405 0.000000 2492.479879 525.034457 0.000000 0.000000 1.000000 2492.479879 0.000000 799.387405 0.000000 2492.479879 525.034457 0.000000 0.000000 1.000000 0.999698 0.018675 -0.016000 -0.327153 -0.018739 0.999817 -0.003824 -11.812399 0.015926 0.004122 0.999865 5.231599 0.000000 0.000000 0.000000 1.000000
datasets/GS/road/images/aerial_q/Q_009_00288.JPG datasets/GS/road/images/aerial_q/Q_009_00290.JPG 0 0 2492.479879 0.000000 799.387405 0.000000 2492.479879 525.034457 0.000000 0.000000 1.000000 2492.479879 0.000000 799.387405 0.000000 2492.479879 525.034457 0.000000 0.000000 1.000000 0.999679 -0.018849 0.016953 -0.174311 0.018916 0.999814 -0.003760 -11.220364 -0.016879 0.004079 0.999849 8.160004 0.000000 0.000000 0.000000 1.000000
datasets/GS/road/images/aerial_q/Q_009_00289.JPG datasets/GS/road/images/aerial_q/Q_009_00291.JPG 0 0 2492.479879 0.000000 799.387405 0.000000 2492.479879 525.034457 0.000000 0.000000 1.000000 2492.479879 0.000000 799.387405 0.000000 2492.479879 525.034457 0.000000 0.000000 1.000000 0.999637 -0.018123 0.019956 -0.262477 0.018242 0.999817 -0.005812 -9.316824 -0.019847 0.006174 0.999784 13.315132 0.000000 0.000000 0.000000 1.000000
datasets/GS/road/images/aerial_q/Q_009_00290.JPG datasets/GS/road/images/aerial_q/Q_009_00292.JPG 0 0 2492.479879 0.000000 799.387405 0.000000 2492.479879 525.034457 0.000000 0.000000 1.000000 2492.479879 0.000000 799.387405 0.000000 2492.479879 525.034457 0.000000 0.000000 1.000000 0.999715 0.017325 -0.016425 -0.561354 -0.017338 0.999849 -0.000633 -9.373456 0.016412 0.000917 0.999865 16.225841 0.000000 0.000000 0.000000 1.000000
datasets/GS/road/images/aerial_q/Q_009_00291.JPG datasets/GS/road/images/aerial_q/Q_009_00293.JPG 0 0 2492.479879 0.000000 799.387405 0.000000 2492.479879 525.034457 0.000000 0.000000 1.000000 2492.479879 0.000000 799.387405 0.000000 2492.479879 525.034457 0.000000 0.000000 1.000000 0.999986 0.002888 -0.004420 -0.656252 -0.002858 0.999973 0.006700 -9.235429 0.004439 -0.006688 0.999968 16.534812 0.000000 0.000000 0.000000 1.000000
datasets/GS/road/images/aerial_q/Q_009_00292.JPG datasets/GS/road/images/aerial_q/Q_009_00294.JPG 0 0 2492.479879 0.000000 799.387405 0.000000 2492.479879 525.034457 0.000000 0.000000 1.000000 2492.479879 0.000000 799.387405 0.000000 2492.479879 525.034457 0.000000 0.000000 1.000000 0.999413 -0.025084 0.023324 -0.797758 0.024839 0.999634 0.010737 -7.365744 -0.023584 -0.010151 0.999670 15.059471 0.000000 0.000000 0.000000 1.000000
datasets/GS/road/images/aerial_q/Q_009_00293.JPG datasets/GS/road/images/aerial_q/Q_009_00295.JPG 0 0 2492.479879 0.000000 799.387405 0.000000 2492.479879 525.034457 0.000000 0.000000 1.000000 2492.479879 0.000000 799.387405 0.000000 2492.479879 525.034457 0.000000 0.000000 1.000000 0.999990 -0.002722 0.003655 -0.540637 0.002690 0.999957 0.008821 -4.482001 -0.003679 -0.008811 0.999954 12.819099 0.000000 0.000000 0.000000 1.000000
datasets/GS/road/images/aerial_q/Q_009_00294.JPG datasets/GS/road/images/aerial_q/Q_009_00296.JPG 0 0 2492.479879 0.000000 799.387405 0.000000 2492.479879 525.034457 0.000000 0.000000 1.000000 2492.479879 0.000000 799.387405 0.000000 2492.479879 525.034457 0.000000 0.000000 1.000000 0.999990 0.004332 -0.001220 0.146426 -0.004327 0.999981 0.004305 -1.877326 0.001238 -0.004300 0.999990 10.585306 0.000000 0.000000 0.000000 1.000000
datasets/GS/road/images/aerial_q/Q_009_00295.JPG datasets/GS/road/images/aerial_q/Q_009_00297.JPG 0 0 2492.479879 0.000000 799.387405 0.000000 2492.479879 525.034457 0.000000 0.000000 1.000000 2492.479879 0.000000 799.387405 0.000000 2492.479879 525.034457 0.000000 0.000000 1.000000 0.999957 0.007346 -0.005665 0.550014 -0.007360 0.999970 -0.002368 -0.349343 0.005647 0.002410 0.999981 9.103759 0.000000 0.000000 0.000000 1.000000
datasets/GS/road/images/aerial_q/Q_009_00296.JPG datasets/GS/road/images/aerial_q/Q_009_00298.JPG 0 0 2492.479879 0.000000 799.387405 0.000000 2492.479879 525.034457 0.000000 0.000000 1.000000 2492.479879 0.000000 799.387405 0.000000 2492.479879 525.034457 0.000000 0.000000 1.000000 0.999764 0.014649 -0.016057 0.257459 -0.014671 0.999892 -0.001275 -0.930260 0.016037 0.001511 0.999870 7.264266 0.000000 0.000000 0.000000 1.000000
datasets/GS/road/images/aerial_q/Q_009_00297.JPG datasets/GS/road/images/aerial_q/Q_009_00299.JPG 0 0 2492.479879 0.000000 799.387405 0.000000 2492.479879 525.034457 0.000000 0.000000 1.000000 2492.479879 0.000000 799.387405 0.000000 2492.479879 525.034457 0.000000 0.000000 1.000000 0.566342 0.585160 -0.580383 -1.797384 -0.587682 0.780442 0.213401 -0.208332 0.577829 0.220223 0.785885 2.129586 0.000000 0.000000 0.000000 1.000000
datasets/GS/road/images/aerial_q/Q_009_00298.JPG datasets/GS/road/images/aerial_q/Q_009_00300.JPG 0 0 2492.479879 0.000000 799.387405 0.000000 2492.479879 525.034457 0.000000 0.000000 1.000000 2492.479879 0.000000 799.387405 0.000000 2492.479879 525.034457 0.000000 0.000000 1.000000 -0.111362 0.699715 -0.705689 0.325345 -0.711092 0.439953 0.548443 -0.302797 0.694224 0.562885 0.448568 0.204737 0.000000 0.000000 0.000000 1.000000
datasets/GS/road/images/aerial_q/Q_009_00299.JPG datasets/GS/road/images/aerial_q/Q_009_00301.JPG 0 0 2492.479879 0.000000 799.387405 0.000000 2492.479879 525.034457 0.000000 0.000000 1.000000 2492.479879 0.000000 799.387405 0.000000 2492.479879 525.034457 0.000000 0.000000 1.000000 0.214636 0.690216 -0.691038 -0.002247 -0.696152 0.604376 0.387432 -1.266015 0.685058 0.397910 0.610216 -0.112084 0.000000 0.000000 0.000000 1.000000
datasets/GS/road/images/aerial_q/Q_009_00300.JPG datasets/GS/road/images/aerial_q/Q_009_00302.JPG 0 0 2492.479879 0.000000 799.387405 0.000000 2492.479879 525.034457 0.000000 0.000000 1.000000 2492.479879 0.000000 799.387405 0.000000 2492.479879 525.034457 0.000000 0.000000 1.000000 0.353171 0.668712 -0.654289 -1.709495 -0.676420 0.665655 0.315212 -6.231676 0.646317 0.331250 0.687421 2.226825 0.000000 0.000000 0.000000 1.000000
datasets/GS/road/images/aerial_q/Q_009_00301.JPG datasets/GS/road/images/aerial_q/Q_009_00303.JPG 0 0 2492.479879 0.000000 799.387405 0.000000 2492.479879 525.034457 0.000000 0.000000 1.000000 2492.479879 0.000000 799.387405 0.000000 2492.479879 525.034457 0.000000 0.000000 1.000000 0.523509 0.615105 -0.589563 -4.887763 -0.616684 0.751015 0.235961 -11.612111 0.587911 0.240046 0.772488 4.524034 0.000000 0.000000 0.000000 1.000000
datasets/GS/road/images/aerial_q/Q_009_00302.JPG datasets/GS/road/images/aerial_q/Q_009_00304.JPG 0 0 2492.479879 0.000000 799.387405 0.000000 2492.479879 525.034457 0.000000 0.000000 1.000000 2492.479879 0.000000 799.387405 0.000000 2492.479879 525.034457 0.000000 0.000000 1.000000 0.952245 0.221655 -0.209999 -0.619308 -0.218665 0.975073 0.037653 -12.243693 0.213111 0.010064 0.976976 5.609814 0.000000 0.000000 0.000000 1.000000
datasets/GS/road/images/aerial_q/Q_009_00303.JPG datasets/GS/road/images/aerial_q/Q_009_00305.JPG 0 0 2492.479879 0.000000 799.387405 0.000000 2492.479879 525.034457 0.000000 0.000000 1.000000 2492.479879 0.000000 799.387405 0.000000 2492.479879 525.034457 0.000000 0.000000 1.000000 0.991379 -0.096842 0.088258 -0.358596 0.096076 0.995290 0.012893 -10.313488 -0.089091 -0.004302 0.996014 3.952592 0.000000 0.000000 0.000000 1.000000
datasets/GS/road/images/aerial_q/Q_009_00304.JPG datasets/GS/road/images/aerial_q/Q_009_00306.JPG 0 0 2492.479879 0.000000 799.387405 0.000000 2492.479879 525.034457 0.000000 0.000000 1.000000 2492.479879 0.000000 799.387405 0.000000 2492.479879 525.034457 0.000000 0.000000 1.000000 0.997697 -0.051219 0.044461 0.743599 0.050974 0.998678 0.006635 -11.937533 -0.044742 -0.004353 0.998989 1.620370 0.000000 0.000000 0.000000 1.000000
datasets/GS/road/images/aerial_q/Q_009_00305.JPG datasets/GS/road/images/aerial_q/Q_009_00307.JPG 0 0 2492.479879 0.000000 799.387405 0.000000 2492.479879 525.034457 0.000000 0.000000 1.000000 2492.479879 0.000000 799.387405 0.000000 2492.479879 525.034457 0.000000 0.000000 1.000000 0.998520 0.037390 -0.039483 0.098384 -0.037172 0.999289 0.006247 -15.321372 0.039688 -0.004770 0.999201 -1.535999 0.000000 0.000000 0.000000 1.000000
datasets/GS/road/images/aerial_q/Q_009_00306.JPG datasets/GS/road/images/aerial_q/Q_009_00308.JPG 0 0 2492.479879 0.000000 799.387405 0.000000 2492.479879 525.034457 0.000000 0.000000 1.000000 2492.479879 0.000000 799.387405 0.000000 2492.479879 525.034457 0.000000 0.000000 1.000000 0.998633 0.037747 -0.036165 0.443287 -0.037587 0.999280 0.005100 -18.284095 0.036332 -0.003733 0.999333 -5.141789 0.000000 0.000000 0.000000 1.000000
datasets/GS/road/images/aerial_q/Q_009_00307.JPG datasets/GS/road/images/aerial_q/Q_009_00309.JPG 0 0 2492.479879 0.000000 799.387405 0.000000 2492.479879 525.034457 0.000000 0.000000 1.000000 2492.479879 0.000000 799.387405 0.000000 2492.479879 525.034457 0.000000 0.000000 1.000000 0.997749 -0.048234 0.046582 0.521860 0.048046 0.998832 0.005146 -19.126721 -0.046776 -0.002897 0.998901 -6.638493 0.000000 0.000000 0.000000 1.000000
datasets/GS/road/images/aerial_q/Q_009_00308.JPG datasets/GS/road/images/aerial_q/Q_009_00310.JPG 0 0 2492.479879 0.000000 799.387405 0.000000 2492.479879 525.034457 0.000000 0.000000 1.000000 2492.479879 0.000000 799.387405 0.000000 2492.479879 525.034457 0.000000 0.000000 1.000000 0.999998 -0.000727 -0.002063 0.823218 0.000716 0.999985 -0.005405 -18.564371 0.002067 0.005404 0.999983 -5.142427 0.000000 0.000000 0.000000 1.000000
datasets/GS/road/images/aerial_q/Q_009_00309.JPG datasets/GS/road/images/aerial_q/Q_009_00311.JPG 0 0 2492.479879 0.000000 799.387405 0.000000 2492.479879 525.034457 0.000000 0.000000 1.000000 2492.479879 0.000000 799.387405 0.000000 2492.479879 525.034457 0.000000 0.000000 1.000000 0.999997 -0.001066 -0.002042 0.592380 0.001047 0.999954 -0.009500 -18.909393 0.002052 0.009498 0.999953 -1.433310 0.000000 0.000000 0.000000 1.000000
datasets/GS/road/images/aerial_q/Q_009_00310.JPG datasets/GS/road/images/aerial_q/Q_009_00312.JPG 0 0 2492.479879 0.000000 799.387405 0.000000 2492.479879 525.034457 0.000000 0.000000 1.000000 2492.479879 0.000000 799.387405 0.000000 2492.479879 525.034457 0.000000 0.000000 1.000000 0.994536 -0.078024 0.069361 1.907153 0.077982 0.996949 0.003312 -19.729178 -0.069408 0.002115 0.997586 1.322929 0.000000 0.000000 0.000000 1.000000
