datasets/GS/road/images/aerial_h/H_009_00004.JPG datasets/GS/road/images/aerial_h/H_009_00006.JPG 0 0 2493.977086 0.000000 802.115139 0.000000 2493.977086 535.496804 0.000000 0.000000 1.000000 2493.977086 0.000000 802.115139 0.000000 2493.977086 535.496804 0.000000 0.000000 1.000000 0.999997 0.001569 -0.002021 6.433669 -0.001563 0.999995 0.002752 8.193796 0.002025 -0.002748 0.999994 -8.289671 0.000000 0.000000 0.000000 1.000000
datasets/GS/road/images/aerial_h/H_009_00005.JPG datasets/GS/road/images/aerial_h/H_009_00007.JPG 0 0 2493.977086 0.000000 802.115139 0.000000 2493.977086 535.496804 0.000000 0.000000 1.000000 2493.977086 0.000000 802.115139 0.000000 2493.977086 535.496804 0.000000 0.000000 1.000000 0.999996 -0.002795 0.000643 6.981639 0.002794 0.999995 0.001491 8.907662 -0.000647 -0.001489 0.999999 -9.042169 0.000000 0.000000 0.000000 1.000000
datasets/GS/road/images/aerial_h/H_009_00006.JPG datasets/GS/road/images/aerial_h/H_009_00008.JPG 0 0 2493.977086 0.000000 802.115139 0.000000 2493.977086 535.496804 0.000000 0.000000 1.000000 2493.977086 0.000000 802.115139 0.000000 2493.977086 535.496804 0.000000 0.000000 1.000000 0.952925 -0.212824 0.215964 2.573543 0.214410 0.976607 0.016340 5.633321 -0.214389 0.030734 0.976265 -5.568105 0.000000 0.000000 0.000000 1.000000
datasets/GS/road/images/aerial_h/H_009_00007.JPG datasets/GS/road/images/aerial_h/H_009_00009.JPG 0 0 2493.977086 0.000000 802.115139 0.000000 2493.977086 535.496804 0.000000 0.000000 1.000000 2493.977086 0.000000 802.115139 0.000000 2493.977086 535.496804 0.000000 0.000000 1.000000 0.999410 0.024970 -0.023570 2.530804 -0.025034 0.999684 -0.002446 1.195943 0.023502 0.003034 0.999719 -1.150843 0.000000 0.000000 0.000000 1.000000
datasets/GS/road/images/aerial_h/H_009_00008.JPG datasets/GS/road/images/aerial_h/H_009_00010.JPG 0 0 2493.977086 0.000000 802.115139 0.000000 2493.977086 535.496804 0.000000 0.000000 1.000000 2493.977086 0.000000 802.115139 0.000000 2493.977086 535.496804 0.000000 0.000000 1.000000 0.949747 0.221583 -0.221093 3.725939 -0.219957 0.974976 0.032270 3.971401 0.222711 0.017983 0.974719 -4.087771 0.000000 0.000000 0.000000 1.000000
datasets/GS/road/images/aerial_h/H_009_00009.JPG datasets/GS/road/images/aerial_h/H_009_00011.JPG 0 0 2493.977086 0.000000 802.115139 0.000000 2493.977086 535.496804 0.000000 0.000000 1.000000 2493.977086 0.000000 802.115139 0.000000 2493.977086 535.496804 0.000000 0.000000 1.000000 0.999585 -0.018414 0.022170 5.673780 0.018206 0.999789 0.009559 7.332674 -0.022342 -0.009151 0.999709 -7.529589 0.000000 0.000000 0.000000 1.000000
datasets/GS/road/images/aerial_h/H_009_00010.JPG datasets/GS/road/images/aerial_h/H_009_00012.JPG 0 0 2493.977086 0.000000 802.115139 0.000000 2493.977086 535.496804 0.000000 0.000000 1.000000 2493.977086 0.000000 802.115139 0.000000 2493.977086 535.496804 0.000000 0.000000 1.000000 0.999959 -0.006668 0.006076 6.692315 0.006641 0.999968 0.004512 9.261949 -0.006106 -0.004472 0.999971 -9.440700 0.000000 0.000000 0.000000 1.000000
datasets/GS/road/images/aerial_h/H_009_00011.JPG datasets/GS/road/images/aerial_h/H_009_00013.JPG 0 0 2493.977086 0.000000 802.115139 0.000000 2493.977086 535.496804 0.000000 0.000000 1.000000 2493.977086 0.000000 802.115139 0.000000 2493.977086 535.496804 0.000000 0.000000 1.000000 0.999956 -0.008757 0.003437 6.794993 0.008775 0.999948 -0.005212 9.433700 -0.003392 0.005242 0.999980 -9.660074 0.000000 0.000000 0.000000 1.000000
datasets/GS/road/images/aerial_h/H_009_00012.JPG datasets/GS/road/images/aerial_h/H_009_00014.JPG 0 0 2493.977086 0.000000 802.115139 0.000000 2493.977086 535.496804 0.000000 0.000000 1.000000 2493.977086 0.000000 802.115139 0.000000 2493.977086 535.496804 0.000000 0.000000 1.000000 0.999853 -0.013277 0.010822 6.613192 0.013326 0.999901 -0.004473 8.798727 -0.010761 0.004617 0.999931 -9.060057 0.000000 0.000000 0.000000 1.000000
datasets/GS/road/images/aerial_h/H_009_00013.JPG datasets/GS/road/images/aerial_h/H_009_00015.JPG 0 0 2493.977086 0.000000 802.115139 0.000000 2493.977086 535.496804 0.000000 0.000000 1.000000 2493.977086 0.000000 802.115139 0.000000 2493.977086 535.496804 0.000000 0.000000 1.000000 0.999999 -0.001343 -0.000185 6.854631 0.001342 0.999998 -0.001445 8.631035 0.000187 0.001445 0.999999 -8.852495 0.000000 0.000000 0.000000 1.000000
datasets/GS/road/images/aerial_h/H_009_00014.JPG datasets/GS/road/images/aerial_h/H_009_00016.JPG 0 0 2493.977086 0.000000 802.115139 0.000000 2493.977086 535.496804 0.000000 0.000000 1.000000 2493.977086 0.000000 802.115139 0.000000 2493.977086 535.496804 0.000000 0.000000 1.000000 0.999929 0.007193 -0.009472 6.989693 -0.007196 0.999974 -0.000262 8.890520 0.009470 0.000330 0.999955 -9.008636 0.000000 0.000000 0.000000 1.000000
datasets/GS/road/images/aerial_h/H_009_00015.JPG datasets/GS/road/images/aerial_h/H_009_00017.JPG 0 0 2493.977086 0.000000 802.115139 0.000000 2493.977086 535.496804 0.000000 0.000000 1.000000 2493.977086 0.000000 802.115139 0.000000 2493.977086 535.496804 0.000000 0.000000 1.000000 0.999962 0.004310 -0.007518 6.932117 -0.004327 0.999988 -0.002223 8.831760 0.007508 0.002256 0.999969 -8.950305 0.000000 0.000000 0.000000 1.000000
datasets/GS/road/images/aerial_h/H_009_00016.JPG datasets/GS/road/images/aerial_h/H_009_00018.JPG 0 0 2493.977086 0.000000 802.115139 0.000000 2493.977086 535.496804 0.000000 0.000000 1.000000 2493.977086 0.000000 802.115139 0.000000 2493.977086 535.496804 0.000000 0.000000 1.000000 0.999998 -0.001715 0.001405 6.725125 0.001717 0.999998 -0.001341 8.597590 -0.001403 0.001343 0.999998 -8.757696 0.000000 0.000000 0.000000 1.000000
datasets/GS/road/images/aerial_h/H_009_00017.JPG datasets/GS/road/images/aerial_h/H_009_00019.JPG 0 0 2493.977086 0.000000 802.115139 0.000000 2493.977086 535.496804 0.000000 0.000000 1.000000 2493.977086 0.000000 802.115139 0.000000 2493.977086 535.496804 0.000000 0.000000 1.000000 0.999996 0.000913 -0.002571 6.460582 -0.000910 0.999999 0.001423 8.809803 0.002573 -0.001420 0.999996 -8.821315 0.000000 0.000000 0.000000 1.000000
datasets/GS/road/images/aerial_h/H_009_00018.JPG datasets/GS/road/images/aerial_h/H_009_00020.JPG 0 0 2493.977086 0.000000 802.115139 0.000000 2493.977086 535.496804 0.000000 0.000000 1.000000 2493.977086 0.000000 802.115139 0.000000 2493.977086 535.496804 0.000000 0.000000 1.000000 0.999988 0.002653 -0.004157 6.272681 -0.002656 0.999996 -0.000611 9.114618 0.004155 0.000622 0.999991 -9.095984 0.000000 0.000000 0.000000 1.000000
datasets/GS/road/images/aerial_h/H_009_00019.JPG datasets/GS/road/images/aerial_h/H_009_00021.JPG 0 0 2493.977086 0.000000 802.115139 0.000000 2493.977086 535.496804 0.000000 0.000000 1.000000 2493.977086 0.000000 802.115139 0.000000 2493.977086 535.496804 0.000000 0.000000 1.000000 0.999952 -0.005342 0.008274 6.724171 0.005357 0.999984 -0.001785 8.833606 -0.008265 0.001829 0.999964 -8.954523 0.000000 0.000000 0.000000 1.000000
datasets/GS/road/images/aerial_h/H_009_00020.JPG datasets/GS/road/images/aerial_h/H_009_00022.JPG 0 0 2493.977086 0.000000 802.115139 0.000000 2493.977086 535.496804 0.000000 0.000000 1.000000 2493.977086 0.000000 802.115139 0.000000 2493.977086 535.496804 0.000000 0.000000 1.000000 0.999980 -0.004687 0.004226 7.058996 0.004686 0.999989 0.000325 8.662593 -0.004227 -0.000306 0.999991 -8.766218 0.000000 0.000000 0.000000 1.000000
datasets/GS/road/images/aerial_h/H_009_00021.JPG datasets/GS/road/images/aerial_h/H_009_00023.JPG 0 0 2493.977086 0.000000 802.115139 0.000000 2493.977086 535.496804 0.000000 0.000000 1.000000 2493.977086 0.000000 802.115139 0.000000 2493.977086 535.496804 0.000000 0.000000 1.000000 0.999998 0.000417 -0.002047 7.277433 -0.000415 1.000000 0.000866 8.599217 0.002047 -0.000865 0.999998 -8.760823 0.000000 0.000000 0.000000 1.000000
datasets/GS/road/images/aerial_h/H_009_00022.JPG datasets/GS/road/images/aerial_h/H_009_00024.JPG 0 0 2493.977086 0.000000 802.115139 0.000000 2493.977086 535.496804 0.000000 0.000000 1.000000 2493.977086 0.000000 802.115139 0.000000 2493.977086 535.496804 0.000000 0.000000 1.000000 0.999966 -0.006877 0.004495 7.149429 0.006873 0.999976 0.001002 8.953460 -0.004502 -0.000971 0.999989 -9.113196 0.000000 0.000000 0.000000 1.000000
datasets/GS/road/images/aerial_h/H_009_00023.JPG datasets/GS/road/images/aerial_h/H_009_00025.JPG 0 0 2493.977086 0.000000 802.115139 0.000000 2493.977086 535.496804 0.000000 0.000000 1.000000 2493.977086 0.000000 802.115139 0.000000 2493.977086 535.496804 0.000000 0.000000 1.000000 0.999993 -0.000318 -0.003636 6.708865 0.000322 0.999999 0.001137 8.879715 0.003636 -0.001138 0.999993 -8.867156 0.000000 0.000000 0.000000 1.000000
datasets/GS/road/images/aerial_h/H_009_00024.JPG datasets/GS/road/images/aerial_h/H_009_00026.JPG 0 0 2493.977086 0.000000 802.115139 0.000000 2493.977086 535.496804 0.000000 0.000000 1.000000 2493.977086 0.000000 802.115139 0.000000 2493.977086 535.496804 0.000000 0.000000 1.000000 0.999935 0.007763 -0.008357 6.428017 -0.007774 0.999969 -0.001316 8.791234 0.008346 0.001381 0.999964 -8.811139 0.000000 0.000000 0.000000 1.000000
datasets/GS/road/images/aerial_h/H_009_00025.JPG datasets/GS/road/images/aerial_h/H_009_00027.JPG 0 0 2493.977086 0.000000 802.115139 0.000000 2493.977086 535.496804 0.000000 0.000000 1.000000 2493.977086 0.000000 802.115139 0.000000 2493.977086 535.496804 0.000000 0.000000 1.000000 0.999998 -0.000688 0.001998 6.816903 0.000691 0.999998 -0.001860 8.959701 -0.001997 0.001862 0.999996 -9.070687 0.000000 0.000000 0.000000 1.000000
datasets/GS/road/images/aerial_h/H_009_00026.JPG datasets/GS/road/images/aerial_h/H_009_00028.JPG 0 0 2493.977086 0.000000 802.115139 0.000000 2493.977086 535.496804 0.000000 0.000000 1.000000 2493.977086 0.000000 802.115139 0.000000 2493.977086 535.496804 0.000000 0.000000 1.000000 1.000000 0.000746 0.000158 6.884701 -0.000745 0.999999 -0.001042 8.759504 -0.000158 0.001042 0.999999 -8.862912 0.000000 0.000000 0.000000 1.000000
datasets/GS/road/images/aerial_h/H_009_00027.JPG datasets/GS/road/images/aerial_h/H_009_00029.JPG 0 0 2493.977086 0.000000 802.115139 0.000000 2493.977086 535.496804 0.000000 0.000000 1.000000 2493.977086 0.000000 802.115139 0.000000 2493.977086 535.496804 0.000000 0.000000 1.000000 0.999994 -0.003039 0.001489 6.923017 0.003041 0.999994 -0.001332 8.724640 -0.001485 0.001337 0.999998 -8.802201 0.000000 0.000000 0.000000 1.000000
datasets/GS/road/images/aerial_h/H_009_00028.JPG datasets/GS/road/images/aerial_h/H_009_00030.JPG 0 0 2493.977086 0.000000 802.115139 0.000000 2493.977086 535.496804 0.000000 0.000000 1.000000 2493.977086 0.000000 802.115139 0.000000 2493.977086 535.496804 0.000000 0.000000 1.000000 0.999996 -0.002336 0.001365 6.981396 0.002335 0.999997 0.000484 8.901601 -0.001366 -0.000481 0.999999 -8.895537 0.000000 0.000000 0.000000 1.000000
datasets/GS/road/images/aerial_h/H_009_00029.JPG datasets/GS/road/images/aerial_h/H_009_00031.JPG 0 0 2493.977086 0.000000 802.115139 0.000000 2493.977086 535.496804 0.000000 0.000000 1.000000 2493.977086 0.000000 802.115139 0.000000 2493.977086 535.496804 0.000000 0.000000 1.000000 0.999987 0.003384 -0.003709 6.825191 -0.003380 0.999994 0.001039 8.823688 0.003712 -0.001027 0.999993 -8.789483 0.000000 0.000000 0.000000 1.000000
datasets/GS/road/images/aerial_h/H_009_00030.JPG datasets/GS/road/images/aerial_h/H_009_00032.JPG 0 0 2493.977086 0.000000 802.115139 0.000000 2493.977086 535.496804 0.000000 0.000000 1.000000 2493.977086 0.000000 802.115139 0.000000 2493.977086 535.496804 0.000000 0.000000 1.000000 0.999972 -0.005674 0.004883 6.896461 0.005679 0.999983 -0.000946 8.854782 -0.004877 0.000974 0.999988 -8.914944 0.000000 0.000000 0.000000 1.000000
datasets/GS/road/images/aerial_h/H_009_00031.JPG datasets/GS/road/images/aerial_h/H_009_00033.JPG 0 0 2493.977086 0.000000 802.115139 0.000000 2493.977086 535.496804 0.000000 0.000000 1.000000 2493.977086 0.000000 802.115139 0.000000 2493.977086 535.496804 0.000000 0.000000 1.000000 0.999672 -0.017458 0.018739 7.213601 0.017468 0.999847 -0.000327 8.959916 -0.018731 0.000655 0.999824 -9.125859 0.000000 0.000000 0.000000 1.000000
datasets/GS/road/images/aerial_h/H_009_00032.JPG datasets/GS/road/images/aerial_h/H_009_00034.JPG 0 0 2493.977086 0.000000 802.115139 0.000000 2493.977086 535.496804 0.000000 0.000000 1.000000 2493.977086 0.000000 802.115139 0.000000 2493.977086 535.496804 0.000000 0.000000 1.000000 0.999953 0.005765 -0.007798 7.368873 -0.005781 0.999981 -0.002077 8.710109 0.007786 0.002122 0.999967 -8.656218 0.000000 0.000000 0.000000 1.000000
datasets/GS/road/images/aerial_h/H_009_00033.JPG datasets/GS/road/images/aerial_h/H_009_00035.JPG 0 0 2493.977086 0.000000 802.115139 0.000000 2493.977086 535.496804 0.000000 0.000000 1.000000 2493.977086 0.000000 802.115139 0.000000 2493.977086 535.496804 0.000000 0.000000 1.000000 0.999713 0.014507 -0.019049 6.990430 -0.014506 0.999895 0.000212 8.743049 0.019050 0.000064 0.999818 -8.651994 0.000000 0.000000 0.000000 1.000000
datasets/GS/road/images/aerial_h/H_009_00034.JPG datasets/GS/road/images/aerial_h/H_009_00036.JPG 0 0 2493.977086 0.000000 802.115139 0.000000 2493.977086 535.496804 0.000000 0.000000 1.000000 2493.977086 0.000000 802.115139 0.000000 2493.977086 535.496804 0.000000 0.000000 1.000000 1.000000 -0.000394 -0.000466 6.706061 0.000394 1.000000 0.000498 9.033019 0.000466 -0.000498 1.000000 -8.961259 0.000000 0.000000 0.000000 1.000000
datasets/GS/road/images/aerial_h/H_009_00035.JPG datasets/GS/road/images/aerial_h/H_009_00037.JPG 0 0 2493.977086 0.000000 802.115139 0.000000 2493.977086 535.496804 0.000000 0.000000 1.000000 2493.977086 0.000000 802.115139 0.000000 2493.977086 535.496804 0.000000 0.000000 1.000000 0.999994 0.002539 -0.002299 6.725282 -0.002544 0.999995 -0.002023 8.930932 0.002294 0.002029 0.999995 -8.919890 0.000000 0.000000 0.000000 1.000000
datasets/GS/road/images/aerial_h/H_009_00036.JPG datasets/GS/road/images/aerial_h/H_009_00038.JPG 0 0 2493.977086 0.000000 802.115139 0.000000 2493.977086 535.496804 0.000000 0.000000 1.000000 2493.977086 0.000000 802.115139 0.000000 2493.977086 535.496804 0.000000 0.000000 1.000000 0.999968 0.006057 -0.005250 6.925309 -0.006045 0.999979 0.002355 8.833014 0.005264 -0.002323 0.999983 -8.826733 0.000000 0.000000 0.000000 1.000000
datasets/GS/road/images/aerial_h/H_009_00037.JPG datasets/GS/road/images/aerial_h/H_009_00039.JPG 0 0 2493.977086 0.000000 802.115139 0.000000 2493.977086 535.496804 0.000000 0.000000 1.000000 2493.977086 0.000000 802.115139 0.000000 2493.977086 535.496804 0.000000 0.000000 1.000000 0.999948 -0.007241 0.007191 6.578575 0.007241 0.999974 0.000062 8.706464 -0.007191 -0.000010 0.999974 -8.684692 0.000000 0.000000 0.000000 1.000000
datasets/GS/road/images/aerial_h/H_009_00038.JPG datasets/GS/road/images/aerial_h/H_009_00040.JPG 0 0 2493.977086 0.000000 802.115139 0.000000 2493.977086 535.496804 0.000000 0.000000 1.000000 2493.977086 0.000000 802.115139 0.000000 2493.977086 535.496804 0.000000 0.000000 1.000000 0.997154 0.049424 -0.056927 6.054760 -0.049650 0.998763 -0.002553 7.029018 0.056731 0.005372 0.998375 -7.046605 0.000000 0.000000 0.000000 1.000000
datasets/GS/road/images/aerial_h/H_009_00039.JPG datasets/GS/road/images/aerial_h/H_009_00041.JPG 0 0 2493.977086 0.000000 802.115139 0.000000 2493.977086 535.496804 0.000000 0.000000 1.000000 2493.977086 0.000000 802.115139 0.000000 2493.977086 535.496804 0.000000 0.000000 1.000000 0.106708 0.693404 -0.712604 9.732097 -0.699990 0.561380 0.441436 3.819258 0.706135 0.451711 0.545280 -3.443785 0.000000 0.000000 0.000000 1.000000
datasets/GS/road/images/aerial_h/H_009_00040.JPG datasets/GS/road/images/aerial_h/H_009_00042.JPG 0 0 2493.977086 0.000000 802.115139 0.000000 2493.977086 535.496804 0.000000 0.000000 1.000000 2493.977086 0.000000 802.115139 0.000000 2493.977086 535.496804 0.000000 0.000000 1.000000 0.138997 0.687720 -0.712546 7.305095 -0.701809 0.576052 0.419080 7.983520 0.698673 0.441820 0.562717 -7.643488 0.000000 0.000000 0.000000 1.000000
datasets/GS/road/images/aerial_h/H_009_00041.JPG datasets/GS/road/images/aerial_h/H_009_00043.JPG 0 0 2493.977086 0.000000 802.115139 0.000000 2493.977086 535.496804 0.000000 0.000000 1.000000 2493.977086 0.000000 802.115139 0.000000 2493.977086 535.496804 0.000000 0.000000 1.000000 0.679480 0.509383 -0.528049 6.512180 -0.510306 0.845224 0.158696 4.232125 0.527157 0.161636 0.834254 -4.376053 0.000000 0.000000 0.000000 1.000000
datasets/GS/road/images/aerial_h/H_009_00042.JPG datasets/GS/road/images/aerial_h/H_009_00044.JPG 0 0 2493.977086 0.000000 802.115139 0.000000 2493.977086 535.496804 0.000000 0.000000 1.000000 2493.977086 0.000000 802.115139 0.000000 2493.977086 535.496804 0.000000 0.000000 1.000000 -0.016380 0.698458 -0.715463 6.438057 -0.703769 0.500233 0.504456 4.180585 0.710240 0.511784 0.483360 -4.457575 0.000000 0.000000 0.000000 1.000000
datasets/GS/road/images/aerial_h/H_009_00043.JPG datasets/GS/road/images/aerial_h/H_009_00045.JPG 0 0 2493.977086 0.000000 802.115139 0.000000 2493.977086 535.496804 0.000000 0.000000 1.000000 2493.977086 0.000000 802.115139 0.000000 2493.977086 535.496804 0.000000 0.000000 1.000000 0.645950 0.534305 -0.545222 4.872494 -0.534781 0.826400 0.176273 7.102760 0.544755 0.177711 0.819549 -7.634697 0.000000 0.000000 0.000000 1.000000
datasets/GS/road/images/aerial_h/H_009_00044.JPG datasets/GS/road/images/aerial_h/H_009_00046.JPG 0 0 2493.977086 0.000000 802.115139 0.000000 2493.977086 535.496804 0.000000 0.000000 1.000000 2493.977086 0.000000 802.115139 0.000000 2493.977086 535.496804 0.000000 0.000000 1.000000 0.997395 0.051869 -0.050121 5.756439 -0.051978 0.998648 -0.000871 8.680945 0.050008 0.003474 0.998743 -9.091748 0.000000 0.000000 0.000000 1.000000
datasets/GS/road/images/aerial_h/H_009_00045.JPG datasets/GS/road/images/aerial_h/H_009_00047.JPG 0 0 2493.977086 0.000000 802.115139 0.000000 2493.977086 535.496804 0.000000 0.000000 1.000000 2493.977086 0.000000 802.115139 0.000000 2493.977086 535.496804 0.000000 0.000000 1.000000 0.999911 -0.009762 0.009061 6.382207 0.009843 0.999912 -0.008905 9.546980 -0.008973 0.008993 0.999919 -9.895146 0.000000 0.000000 0.000000 1.000000
datasets/GS/road/images/aerial_h/H_009_00046.JPG datasets/GS/road/images/aerial_h/H_009_00048.JPG 0 0 2493.977086 0.000000 802.115139 0.000000 2493.977086 535.496804 0.000000 0.000000 1.000000 2493.977086 0.000000 802.115139 0.000000 2493.977086 535.496804 0.000000 0.000000 1.000000 0.998785 -0.036137 0.033500 6.690470 0.036427 0.999304 -0.008066 9.298912 -0.033185 0.009277 0.999406 -9.497185 0.000000 0.000000 0.000000 1.000000
datasets/GS/road/images/aerial_h/H_009_00047.JPG datasets/GS/road/images/aerial_h/H_009_00049.JPG 0 0 2493.977086 0.000000 802.115139 0.000000 2493.977086 535.496804 0.000000 0.000000 1.000000 2493.977086 0.000000 802.115139 0.000000 2493.977086 535.496804 0.000000 0.000000 1.000000 0.998758 0.031069 -0.038946 7.304891 -0.031337 0.999489 -0.006305 8.651501 0.038731 0.007518 0.999221 -8.672523 0.000000 0.000000 0.000000 1.000000
datasets/GS/road/images/aerial_h/H_009_00048.JPG datasets/GS/road/images/aerial_h/H_009_00050.JPG 0 0 2493.977086 0.000000 802.115139 0.000000 2493.977086 535.496804 0.000000 0.000000 1.000000 2493.977086 0.000000 802.115139 0.000000 2493.977086 535.496804 0.000000 0.000000 1.000000 0.999779 0.013053 -0.016474 6.606716 -0.013101 0.999910 -0.002833 8.546838 0.016436 0.003048 0.999860 -8.594739 0.000000 0.000000 0.000000 1.000000
datasets/GS/road/images/aerial_h/H_009_00049.JPG datasets/GS/road/images/aerial_h/H_009_00051.JPG 0 0 2493.977086 0.000000 802.115139 0.000000 2493.977086 535.496804 0.000000 0.000000 1.000000 2493.977086 0.000000 802.115139 0.000000 2493.977086 535.496804 0.000000 0.000000 1.000000 0.999038 -0.030658 0.031358 6.480540 0.030723 0.999527 -0.001583 8.525582 -0.031294 0.002545 0.999507 -8.647694 0.000000 0.000000 0.000000 1.000000
datasets/GS/road/images/aerial_h/H_009_00050.JPG datasets/GS/road/images/aerial_h/H_009_00052.JPG 0 0 2493.977086 0.000000 802.115139 0.000000 2493.977086 535.496804 0.000000 0.000000 1.000000 2493.977086 0.000000 802.115139 0.000000 2493.977086 535.496804 0.000000 0.000000 1.000000 0.999870 -0.012190 0.010581 6.513386 0.012192 0.999926 -0.000178 8.882745 -0.010578 0.000307 0.999944 -8.987882 0.000000 0.000000 0.000000 1.000000
datasets/GS/road/images/aerial_h/H_009_00051.JPG datasets/GS/road/images/aerial_h/H_009_00053.JPG 0 0 2493.977086 0.000000 802.115139 0.000000 2493.977086 535.496804 0.000000 0.000000 1.000000 2493.977086 0.000000 802.115139 0.000000 2493.977086 535.496804 0.000000 0.000000 1.000000 0.999949 -0.008284 0.005783 6.699436 0.008302 0.999960 -0.003193 9.111183 -0.005757 0.003241 0.999978 -9.066557 0.000000 0.000000 0.000000 1.000000
datasets/GS/road/images/aerial_h/H_009_00052.JPG datasets/GS/road/images/aerial_h/H_009_00054.JPG 0 0 2493.977086 0.000000 802.115139 0.000000 2493.977086 535.496804 0.000000 0.000000 1.000000 2493.977086 0.000000 802.115139 0.000000 2493.977086 535.496804 0.000000 0.000000 1.000000 0.999134 0.028534 -0.030294 6.849732 -0.028674 0.999580 -0.004198 8.668497 0.030161 0.005063 0.999532 -8.623544 0.000000 0.000000 0.000000 1.000000
datasets/GS/road/images/aerial_h/H_009_00053.JPG datasets/GS/road/images/aerial_h/H_009_00055.JPG 0 0 2493.977086 0.000000 802.115139 0.000000 2493.977086 535.496804 0.000000 0.000000 1.000000 2493.977086 0.000000 802.115139 0.000000 2493.977086 535.496804 0.000000 0.000000 1.000000 0.999995 -0.002261 0.002262 6.527912 0.002262 0.999997 -0.000397 8.872899 -0.002261 0.000402 0.999997 -8.903304 0.000000 0.000000 0.000000 1.000000
datasets/GS/road/images/aerial_h/H_009_00054.JPG datasets/GS/road/images/aerial_h/H_009_00056.JPG 0 0 2493.977086 0.000000 802.115139 0.000000 2493.977086 535.496804 0.000000 0.000000 1.000000 2493.977086 0.000000 802.115139 0.000000 2493.977086 535.496804 0.000000 0.000000 1.000000 0.999012 -0.030548 0.032268 6.947764 0.030637 0.999528 -0.002257 9.044051 -0.032184 0.003244 0.999477 -9.028219 0.000000 0.000000 0.000000 1.000000
datasets/GS/road/images/aerial_h/H_009_00055.JPG datasets/GS/road/images/aerial_h/H_009_00057.JPG 0 0 2493.977086 0.000000 802.115139 0.000000 2493.977086 535.496804 0.000000 0.000000 1.000000 2493.977086 0.000000 802.115139 0.000000 2493.977086 535.496804 0.000000 0.000000 1.000000 0.999925 0.008268 -0.009059 6.982097 -0.008282 0.999965 -0.001545 8.638807 0.009046 0.001620 0.999958 -8.633717 0.000000 0.000000 0.000000 1.000000
datasets/GS/road/images/aerial_h/H_009_00056.JPG datasets/GS/road/images/aerial_h/H_009_00058.JPG 0 0 2493.977086 0.000000 802.115139 0.000000 2493.977086 535.496804 0.000000 0.000000 1.000000 2493.977086 0.000000 802.115139 0.000000 2493.977086 535.496804 0.000000 0.000000 1.000000 1.000000 0.000593 0.000173 6.863070 -0.000593 0.999998 0.001905 8.880602 -0.000172 -0.001905 0.999998 -8.854735 0.000000 0.000000 0.000000 1.000000
datasets/GS/road/images/aerial_h/H_009_00057.JPG datasets/GS/road/images/aerial_h/H_009_00059.JPG 0 0 2493.977086 0.000000 802.115139 0.000000 2493.977086 535.496804 0.000000 0.000000 1.000000 2493.977086 0.000000 802.115139 0.000000 2493.977086 535.496804 0.000000 0.000000 1.000000 0.999958 -0.006706 0.006252 7.248992 0.006710 0.999977 -0.000644 9.194159 -0.006247 0.000686 0.999980 -9.129870 0.000000 0.000000 0.000000 1.000000
datasets/GS/road/images/aerial_h/H_009_00058.JPG datasets/GS/road/images/aerial_h/H_009_00060.JPG 0 0 2493.977086 0.000000 802.115139 0.000000 2493.977086 535.496804 0.000000 0.000000 1.000000 2493.977086 0.000000 802.115139 0.000000 2493.977086 535.496804 0.000000 0.000000 1.000000 0.999993 0.000391 -0.003792 6.984739 -0.000402 0.999996 -0.002812 9.054794 0.003791 0.002813 0.999989 -8.993940 0.000000 0.000000 0.000000 1.000000
datasets/GS/road/images/aerial_h/H_009_00059.JPG datasets/GS/road/images/aerial_h/H_009_00061.JPG 0 0 2493.977086 0.000000 802.115139 0.000000 2493.977086 535.496804 0.000000 0.000000 1.000000 2493.977086 0.000000 802.115139 0.000000 2493.977086 535.496804 0.000000 0.000000 1.000000 1.000000 0.000471 -0.000476 6.758312 -0.000471 0.999999 -0.001354 9.020641 0.000475 0.001354 0.999999 -8.911344 0.000000 0.000000 0.000000 1.000000
datasets/GS/road/images/aerial_h/H_009_00060.JPG datasets/GS/road/images/aerial_h/H_009_00062.JPG 0 0 2493.977086 0.000000 802.115139 0.000000 2493.977086 535.496804 0.000000 0.000000 1.000000 2493.977086 0.000000 802.115139 0.000000 2493.977086 535.496804 0.000000 0.000000 1.000000 0.999984 0.003859 -0.004106 7.245750 -0.003862 0.999992 -0.000681 9.566926 0.004104 0.000697 0.999991 -9.398014 0.000000 0.000000 0.000000 1.000000
datasets/GS/road/images/aerial_h/H_009_00061.JPG datasets/GS/road/images/aerial_h/H_009_00063.JPG 0 0 2493.977086 0.000000 802.115139 0.000000 2493.977086 535.496804 0.000000 0.000000 1.000000 2493.977086 0.000000 802.115139 0.000000 2493.977086 535.496804 0.000000 0.000000 1.000000 0.999969 0.004782 -0.006318 6.755040 -0.004786 0.999988 -0.000616 8.828672 0.006315 0.000646 0.999980 -8.675568 0.000000 0.000000 0.000000 1.000000
datasets/GS/road/images/aerial_h/H_009_00062.JPG datasets/GS/road/images/aerial_h/H_009_00064.JPG 0 0 2493.977086 0.000000 802.115139 0.000000 2493.977086 535.496804 0.000000 0.000000 1.000000 2493.977086 0.000000 802.115139 0.000000 2493.977086 535.496804 0.000000 0.000000 1.000000 0.999994 0.002464 -0.002315 6.045404 -0.002464 0.999997 0.000342 8.006958 0.002316 -0.000337 0.999997 -7.899755 0.000000 0.000000 0.000000 1.000000
datasets/GS/road/images/aerial_h/H_009_00063.JPG datasets/GS/road/images/aerial_h/H_009_00065.JPG 0 0 2493.977086 0.000000 802.115139 0.000000 2493.977086 535.496804 0.000000 0.000000 1.000000 2493.977086 0.000000 802.115139 0.000000 2493.977086 535.496804 0.000000 0.000000 1.000000 0.999974 -0.004692 0.005500 6.613740 0.004696 0.999989 -0.000648 8.732464 -0.005497 0.000673 0.999985 -8.627975 0.000000 0.000000 0.000000 1.000000
datasets/GS/road/images/aerial_h/H_009_00064.JPG datasets/GS/road/images/aerial_h/H_009_00066.JPG 0 0 2493.977086 0.000000 802.115139 0.000000 2493.977086 535.496804 0.000000 0.000000 1.000000 2493.977086 0.000000 802.115139 0.000000 2493.977086 535.496804 0.000000 0.000000 1.000000 0.999980 -0.004524 0.004351 6.778999 0.004527 0.999990 -0.000601 8.906590 -0.004349 0.000621 0.999990 -8.774638 0.000000 0.000000 0.000000 1.000000
datasets/GS/road/images/aerial_h/H_009_00065.JPG datasets/GS/road/images/aerial_h/H_009_00067.JPG 0 0 2493.977086 0.000000 802.115139 0.000000 2493.977086 535.496804 0.000000 0.000000 1.000000 2493.977086 0.000000 802.115139 0.000000 2493.977086 535.496804 0.000000 0.000000 1.000000 0.999999 0.000917 -0.000786 6.752847 -0.000917 1.000000 -0.000126 8.900881 0.000786 0.000126 1.000000 -8.793851 0.000000 0.000000 0.000000 1.000000
datasets/GS/road/images/aerial_h/H_009_00066.JPG datasets/GS/road/images/aerial_h/H_009_00068.JPG 0 0 2493.977086 0.000000 802.115139 0.000000 2493.977086 535.496804 0.000000 0.000000 1.000000 2493.977086 0.000000 802.115139 0.000000 2493.977086 535.496804 0.000000 0.000000 1.000000 0.999971 0.005467 -0.005381 6.983706 -0.005467 0.999985 -0.000036 9.151531 0.005381 0.000065 0.999986 -9.016119 0.000000 0.000000 0.000000 1.000000
datasets/GS/road/images/aerial_h/H_009_00067.JPG datasets/GS/road/images/aerial_h/H_009_00069.JPG 0 0 2493.977086 0.000000 802.115139 0.000000 2493.977086 535.496804 0.000000 0.000000 1.000000 2493.977086 0.000000 802.115139 0.000000 2493.977086 535.496804 0.000000 0.000000 1.000000 1.000000 0.000039 -0.000287 6.708493 -0.000040 0.999999 -0.001106 8.980875 0.000287 0.001106 0.999999 -8.812433 0.000000 0.000000 0.000000 1.000000
datasets/GS/road/images/aerial_h/H_009_00068.JPG datasets/GS/road/images/aerial_h/H_009_00070.JPG 0 0 2493.977086 0.000000 802.115139 0.000000 2493.977086 535.496804 0.000000 0.000000 1.000000 2493.977086 0.000000 802.115139 0.000000 2493.977086 535.496804 0.000000 0.000000 1.000000 0.999985 -0.003302 0.004324 6.621619 0.003307 0.999994 -0.001247 8.871062 -0.004320 0.001262 0.999990 -8.738731 0.000000 0.000000 0.000000 1.000000
datasets/GS/road/images/aerial_h/H_009_00069.JPG datasets/GS/road/images/aerial_h/H_009_00071.JPG 0 0 2493.977086 0.000000 802.115139 0.000000 2493.977086 535.496804 0.000000 0.000000 1.000000 2493.977086 0.000000 802.115139 0.000000 2493.977086 535.496804 0.000000 0.000000 1.000000 0.999982 0.005013 -0.003249 6.895005 -0.005012 0.999987 0.000130 9.065260 0.003249 -0.000114 0.999995 -8.962150 0.000000 0.000000 0.000000 1.000000
datasets/GS/road/images/aerial_h/H_009_00070.JPG datasets/GS/road/images/aerial_h/H_009_00072.JPG 0 0 2493.977086 0.000000 802.115139 0.000000 2493.977086 535.496804 0.000000 0.000000 1.000000 2493.977086 0.000000 802.115139 0.000000 2493.977086 535.496804 0.000000 0.000000 1.000000 0.999977 0.005410 -0.004109 7.099365 -0.005407 0.999985 0.000787 9.334503 0.004113 -0.000765 0.999991 -9.240830 0.000000 0.000000 0.000000 1.000000
datasets/GS/road/images/aerial_h/H_009_00071.JPG datasets/GS/road/images/aerial_h/H_009_00073.JPG 0 0 2493.977086 0.000000 802.115139 0.000000 2493.977086 535.496804 0.000000 0.000000 1.000000 2493.977086 0.000000 802.115139 0.000000 2493.977086 535.496804 0.000000 0.000000 1.000000 0.999985 0.003133 -0.004451 6.959287 -0.003136 0.999995 -0.000662 9.232347 0.004449 0.000676 0.999990 -9.052852 0.000000 0.000000 0.000000 1.000000
datasets/GS/road/images/aerial_h/H_009_00072.JPG datasets/GS/road/images/aerial_h/H_009_00074.JPG 0 0 2493.977086 0.000000 802.115139 0.000000 2493.977086 535.496804 0.000000 0.000000 1.000000 2493.977086 0.000000 802.115139 0.000000 2493.977086 535.496804 0.000000 0.000000 1.000000 0.999973 -0.005280 0.005044 6.183222 0.005289 0.999984 -0.001933 8.652691 -0.005034 0.001960 0.999985 -8.499841 0.000000 0.000000 0.000000 1.000000
datasets/GS/road/images/aerial_h/H_009_00073.JPG datasets/GS/road/images/aerial_h/H_009_00075.JPG 0 0 2493.977086 0.000000 802.115139 0.000000 2493.977086 535.496804 0.000000 0.000000 1.000000 2493.977086 0.000000 802.115139 0.000000 2493.977086 535.496804 0.000000 0.000000 1.000000 0.999970 0.006691 -0.003915 6.497708 -0.006695 0.999977 -0.000792 8.584701 0.003909 0.000818 0.999992 -8.499155 0.000000 0.000000 0.000000 1.000000
datasets/GS/road/images/aerial_h/H_009_00074.JPG datasets/GS/road/images/aerial_h/H_009_00076.JPG 0 0 2493.977086 0.000000 802.115139 0.000000 2493.977086 535.496804 0.000000 0.000000 1.000000 2493.977086 0.000000 802.115139 0.000000 2493.977086 535.496804 0.000000 0.000000 1.000000 0.999956 0.007894 -0.005015 6.918886 -0.007893 0.999969 0.000143 8.864771 0.005016 -0.000104 0.999987 -8.799692 0.000000 0.000000 0.000000 1.000000
datasets/GS/road/images/aerial_h/H_009_00075.JPG datasets/GS/road/images/aerial_h/H_009_00077.JPG 0 0 2493.977086 0.000000 802.115139 0.000000 2493.977086 535.496804 0.000000 0.000000 1.000000 2493.977086 0.000000 802.115139 0.000000 2493.977086 535.496804 0.000000 0.000000 1.000000 0.999836 -0.011320 0.014102 6.931788 0.011313 0.999936 0.000570 8.694710 -0.014108 -0.000410 0.999900 -8.647242 0.000000 0.000000 0.000000 1.000000
datasets/GS/road/images/aerial_h/H_009_00076.JPG datasets/GS/road/images/aerial_h/H_009_00078.JPG 0 0 2493.977086 0.000000 802.115139 0.000000 2493.977086 535.496804 0.000000 0.000000 1.000000 2493.977086 0.000000 802.115139 0.000000 2493.977086 535.496804 0.000000 0.000000 1.000000 0.999977 -0.004861 0.004647 7.104126 0.004861 0.999988 -0.000135 8.920262 -0.004647 0.000157 0.999989 -8.841840 0.000000 0.000000 0.000000 1.000000
datasets/GS/road/images/aerial_h/H_009_00077.JPG datasets/GS/road/images/aerial_h/H_009_00079.JPG 0 0 2493.977086 0.000000 802.115139 0.000000 2493.977086 535.496804 0.000000 0.000000 1.000000 2493.977086 0.000000 802.115139 0.000000 2493.977086 535.496804 0.000000 0.000000 1.000000 0.997597 -0.049794 0.048178 5.667858 0.050205 0.998712 -0.007363 8.149766 -0.047749 0.009764 0.998812 -7.893786 0.000000 0.000000 0.000000 1.000000
datasets/GS/road/images/aerial_h/H_009_00078.JPG datasets/GS/road/images/aerial_h/H_009_00080.JPG 0 0 2493.977086 0.000000 802.115139 0.000000 2493.977086 535.496804 0.000000 0.000000 1.000000 2493.977086 0.000000 802.115139 0.000000 2493.977086 535.496804 0.000000 0.000000 1.000000 0.777933 -0.440037 0.448540 1.900045 0.443934 0.890089 0.103269 6.227123 -0.444682 0.118786 0.887777 -6.213376 0.000000 0.000000 0.000000 1.000000
datasets/GS/road/images/aerial_h/H_009_00079.JPG datasets/GS/road/images/aerial_h/H_009_00081.JPG 0 0 2493.977086 0.000000 802.115139 0.000000 2493.977086 535.496804 0.000000 0.000000 1.000000 2493.977086 0.000000 802.115139 0.000000 2493.977086 535.496804 0.000000 0.000000 1.000000 0.412275 -0.641893 0.646532 2.777416 0.644576 0.707025 0.290924 5.705316 -0.643856 0.296798 0.705237 -5.832821 0.000000 0.000000 0.000000 1.000000
datasets/GS/road/images/aerial_h/H_009_00080.JPG datasets/GS/road/images/aerial_h/H_009_00082.JPG 0 0 2493.977086 0.000000 802.115139 0.000000 2493.977086 535.496804 0.000000 0.000000 1.000000 2493.977086 0.000000 802.115139 0.000000 2493.977086 535.496804 0.000000 0.000000 1.000000 0.813208 -0.411056 0.411979 4.588260 0.412098 0.906574 0.091100 5.557946 -0.410936 0.095692 0.906628 -5.505338 0.000000 0.000000 0.000000 1.000000
datasets/GS/road/images/aerial_h/H_009_00081.JPG datasets/GS/road/images/aerial_h/H_009_00083.JPG 0 0 2493.977086 0.000000 802.115139 0.000000 2493.977086 535.496804 0.000000 0.000000 1.000000 2493.977086 0.000000 802.115139 0.000000 2493.977086 535.496804 0.000000 0.000000 1.000000 0.775047 -0.445494 0.448149 1.373962 0.446932 0.887826 0.109624 5.796749 -0.446715 0.115328 0.887212 -5.740944 0.000000 0.000000 0.000000 1.000000
datasets/GS/road/images/aerial_h/H_009_00082.JPG datasets/GS/road/images/aerial_h/H_009_00084.JPG 0 0 2493.977086 0.000000 802.115139 0.000000 2493.977086 535.496804 0.000000 0.000000 1.000000 2493.977086 0.000000 802.115139 0.000000 2493.977086 535.496804 0.000000 0.000000 1.000000 -0.220604 -0.680971 0.698293 -0.877056 0.692111 0.395162 0.604011 5.200792 -0.687253 0.616543 0.384133 -5.234037 0.000000 0.000000 0.000000 1.000000
datasets/GS/road/images/aerial_h/H_009_00083.JPG datasets/GS/road/images/aerial_h/H_009_00085.JPG 0 0 2493.977086 0.000000 802.115139 0.000000 2493.977086 535.496804 0.000000 0.000000 1.000000 2493.977086 0.000000 802.115139 0.000000 2493.977086 535.496804 0.000000 0.000000 1.000000 0.312196 -0.665856 0.677621 3.980034 0.670723 0.659625 0.339155 6.173877 -0.672804 0.348613 0.652537 -6.340319 0.000000 0.000000 0.000000 1.000000
datasets/GS/road/images/aerial_h/H_009_00084.JPG datasets/GS/road/images/aerial_h/H_009_00086.JPG 0 0 2493.977086 0.000000 802.115139 0.000000 2493.977086 535.496804 0.000000 0.000000 1.000000 2493.977086 0.000000 802.115139 0.000000 2493.977086 535.496804 0.000000 0.000000 1.000000 0.998561 -0.039364 0.036414 5.038835 0.039187 0.999217 0.005542 6.556665 -0.036603 -0.004107 0.999321 -6.894681 0.000000 0.000000 0.000000 1.000000
datasets/GS/road/images/aerial_h/H_009_00085.JPG datasets/GS/road/images/aerial_h/H_009_00087.JPG 0 0 2493.977086 0.000000 802.115139 0.000000 2493.977086 535.496804 0.000000 0.000000 1.000000 2493.977086 0.000000 802.115139 0.000000 2493.977086 535.496804 0.000000 0.000000 1.000000 0.999987 -0.004517 0.002375 5.419325 0.004507 0.999980 0.004516 7.881775 -0.002395 -0.004506 0.999987 -8.326621 0.000000 0.000000 0.000000 1.000000
datasets/GS/road/images/aerial_h/H_009_00086.JPG datasets/GS/road/images/aerial_h/H_009_00088.JPG 0 0 2493.977086 0.000000 802.115139 0.000000 2493.977086 535.496804 0.000000 0.000000 1.000000 2493.977086 0.000000 802.115139 0.000000 2493.977086 535.496804 0.000000 0.000000 1.000000 0.999948 0.005437 -0.008619 6.150768 -0.005443 0.999985 -0.000642 8.746002 0.008616 0.000689 0.999963 -9.110928 0.000000 0.000000 0.000000 1.000000
datasets/GS/road/images/aerial_h/H_009_00087.JPG datasets/GS/road/images/aerial_h/H_009_00089.JPG 0 0 2493.977086 0.000000 802.115139 0.000000 2493.977086 535.496804 0.000000 0.000000 1.000000 2493.977086 0.000000 802.115139 0.000000 2493.977086 535.496804 0.000000 0.000000 1.000000 0.999980 0.001000 -0.006286 6.474734 -0.001047 0.999972 -0.007423 9.212229 0.006278 0.007429 0.999953 -9.560624 0.000000 0.000000 0.000000 1.000000
datasets/GS/road/images/aerial_h/H_009_00088.JPG datasets/GS/road/images/aerial_h/H_009_00090.JPG 0 0 2493.977086 0.000000 802.115139 0.000000 2493.977086 535.496804 0.000000 0.000000 1.000000 2493.977086 0.000000 802.115139 0.000000 2493.977086 535.496804 0.000000 0.000000 1.000000 0.999796 -0.017350 0.010351 6.670385 0.017427 0.999821 -0.007367 8.977062 -0.010221 0.007546 0.999919 -9.300664 0.000000 0.000000 0.000000 1.000000
datasets/GS/road/images/aerial_h/H_009_00089.JPG datasets/GS/road/images/aerial_h/H_009_00091.JPG 0 0 2493.977086 0.000000 802.115139 0.000000 2493.977086 535.496804 0.000000 0.000000 1.000000 2493.977086 0.000000 802.115139 0.000000 2493.977086 535.496804 0.000000 0.000000 1.000000 0.999587 0.015166 -0.024398 7.263930 -0.015253 0.999878 -0.003353 9.265388 0.024344 0.003723 0.999697 -9.338460 0.000000 0.000000 0.000000 1.000000
datasets/GS/road/images/aerial_h/H_009_00090.JPG datasets/GS/road/images/aerial_h/H_009_00092.JPG 0 0 2493.977086 0.000000 802.115139 0.000000 2493.977086 535.496804 0.000000 0.000000 1.000000 2493.977086 0.000000 802.115139 0.000000 2493.977086 535.496804 0.000000 0.000000 1.000000 0.999431 0.020148 -0.027034 6.816285 -0.020232 0.999791 -0.002863 8.797495 0.026971 0.003409 0.999630 -8.878785 0.000000 0.000000 0.000000 1.000000
datasets/GS/road/images/aerial_h/H_009_00091.JPG datasets/GS/road/images/aerial_h/H_009_00093.JPG 0 0 2493.977086 0.000000 802.115139 0.000000 2493.977086 535.496804 0.000000 0.000000 1.000000 2493.977086 0.000000 802.115139 0.000000 2493.977086 535.496804 0.000000 0.000000 1.000000 0.999968 -0.007154 0.003612 6.450782 0.007164 0.999970 -0.002851 8.405690 -0.003592 0.002877 0.999989 -8.606260 0.000000 0.000000 0.000000 1.000000
datasets/GS/road/images/aerial_h/H_009_00092.JPG datasets/GS/road/images/aerial_h/H_009_00094.JPG 0 0 2493.977086 0.000000 802.115139 0.000000 2493.977086 535.496804 0.000000 0.000000 1.000000 2493.977086 0.000000 802.115139 0.000000 2493.977086 535.496804 0.000000 0.000000 1.000000 0.999945 -0.008951 0.005398 6.827073 0.008967 0.999955 -0.002960 9.047039 -0.005371 0.003008 0.999981 -9.155827 0.000000 0.000000 0.000000 1.000000
datasets/GS/road/images/aerial_h/H_009_00093.JPG datasets/GS/road/images/aerial_h/H_009_00095.JPG 0 0 2493.977086 0.000000 802.115139 0.000000 2493.977086 535.496804 0.000000 0.000000 1.000000 2493.977086 0.000000 802.115139 0.000000 2493.977086 535.496804 0.000000 0.000000 1.000000 0.999960 -0.007832 0.004227 6.815090 0.007845 0.999965 -0.003000 9.042185 -0.004203 0.003033 0.999987 -9.110554 0.000000 0.000000 0.000000 1.000000
datasets/GS/road/images/aerial_h/H_009_00094.JPG datasets/GS/road/images/aerial_h/H_009_00096.JPG 0 0 2493.977086 0.000000 802.115139 0.000000 2493.977086 535.496804 0.000000 0.000000 1.000000 2493.977086 0.000000 802.115139 0.000000 2493.977086 535.496804 0.000000 0.000000 1.000000 0.999984 -0.005290 0.002100 6.876583 0.005292 0.999985 -0.001196 8.785219 -0.002093 0.001207 0.999997 -8.851013 0.000000 0.000000 0.000000 1.000000
datasets/GS/road/images/aerial_h/H_009_00095.JPG datasets/GS/road/images/aerial_h/H_009_00097.JPG 0 0 2493.977086 0.000000 802.115139 0.000000 2493.977086 535.496804 0.000000 0.000000 1.000000 2493.977086 0.000000 802.115139 0.000000 2493.977086 535.496804 0.000000 0.000000 1.000000 0.999976 -0.006003 0.003484 6.907008 0.006013 0.999978 -0.002841 8.960886 -0.003467 0.002862 0.999990 -8.981420 0.000000 0.000000 0.000000 1.000000
datasets/GS/road/images/aerial_h/H_009_00096.JPG datasets/GS/road/images/aerial_h/H_009_00098.JPG 0 0 2493.977086 0.000000 802.115139 0.000000 2493.977086 535.496804 0.000000 0.000000 1.000000 2493.977086 0.000000 802.115139 0.000000 2493.977086 535.496804 0.000000 0.000000 1.000000 0.999960 -0.007700 0.004458 6.744674 0.007716 0.999964 -0.003613 8.691209 -0.004430 0.003648 0.999984 -8.718436 0.000000 0.000000 0.000000 1.000000
datasets/GS/road/images/aerial_h/H_009_00097.JPG datasets/GS/road/images/aerial_h/H_009_00099.JPG 0 0 2493.977086 0.000000 802.115139 0.000000 2493.977086 535.496804 0.000000 0.000000 1.000000 2493.977086 0.000000 802.115139 0.000000 2493.977086 535.496804 0.000000 0.000000 1.000000 0.999981 0.002349 -0.005782 6.675384 -0.002352 0.999997 -0.000450 8.573291 0.005781 0.000463 0.999983 -8.534662 0.000000 0.000000 0.000000 1.000000
datasets/GS/road/images/aerial_h/H_009_00098.JPG datasets/GS/road/images/aerial_h/H_009_00100.JPG 0 0 2493.977086 0.000000 802.115139 0.000000 2493.977086 535.496804 0.000000 0.000000 1.000000 2493.977086 0.000000 802.115139 0.000000 2493.977086 535.496804 0.000000 0.000000 1.000000 0.999996 0.000400 -0.002833 6.943773 -0.000400 1.000000 -0.000126 9.076352 0.002833 0.000127 0.999996 -8.987010 0.000000 0.000000 0.000000 1.000000
datasets/GS/road/images/aerial_h/H_009_00099.JPG datasets/GS/road/images/aerial_h/H_009_00101.JPG 0 0 2493.977086 0.000000 802.115139 0.000000 2493.977086 535.496804 0.000000 0.000000 1.000000 2493.977086 0.000000 802.115139 0.000000 2493.977086 535.496804 0.000000 0.000000 1.000000 0.999997 -0.002350 -0.000706 6.883155 0.002349 0.999996 -0.001644 9.110435 0.000710 0.001642 0.999998 -9.016219 0.000000 0.000000 0.000000 1.000000
datasets/GS/road/images/aerial_h/H_009_00100.JPG datasets/GS/road/images/aerial_h/H_009_00102.JPG 0 0 2493.977086 0.000000 802.115139 0.000000 2493.977086 535.496804 0.000000 0.000000 1.000000 2493.977086 0.000000 802.115139 0.000000 2493.977086 535.496804 0.000000 0.000000 1.000000 0.999999 -0.000857 -0.001096 6.575210 0.000855 0.999999 -0.001404 8.736905 0.001098 0.001403 0.999998 -8.654208 0.000000 0.000000 0.000000 1.000000
datasets/GS/road/images/aerial_h/H_009_00101.JPG datasets/GS/road/images/aerial_h/H_009_00103.JPG 0 0 2493.977086 0.000000 802.115139 0.000000 2493.977086 535.496804 0.000000 0.000000 1.000000 2493.977086 0.000000 802.115139 0.000000 2493.977086 535.496804 0.000000 0.000000 1.000000 0.999995 -0.003008 0.001010 6.684489 0.003010 0.999994 -0.001835 8.644406 -0.001005 0.001838 0.999998 -8.561149 0.000000 0.000000 0.000000 1.000000
datasets/GS/road/images/aerial_h/H_009_00102.JPG datasets/GS/road/images/aerial_h/H_009_00104.JPG 0 0 2493.977086 0.000000 802.115139 0.000000 2493.977086 535.496804 0.000000 0.000000 1.000000 2493.977086 0.000000 802.115139 0.000000 2493.977086 535.496804 0.000000 0.000000 1.000000 0.999997 -0.000007 -0.002441 6.820587 0.000004 0.999999 -0.001323 8.820699 0.002441 0.001323 0.999996 -8.696490 0.000000 0.000000 0.000000 1.000000
datasets/GS/road/images/aerial_h/H_009_00103.JPG datasets/GS/road/images/aerial_h/H_009_00105.JPG 0 0 2493.977086 0.000000 802.115139 0.000000 2493.977086 535.496804 0.000000 0.000000 1.000000 2493.977086 0.000000 802.115139 0.000000 2493.977086 535.496804 0.000000 0.000000 1.000000 0.999998 0.001387 -0.001624 6.732745 -0.001387 0.999999 0.000153 8.952933 0.001624 -0.000150 0.999999 -8.785872 0.000000 0.000000 0.000000 1.000000
datasets/GS/road/images/aerial_h/H_009_00104.JPG datasets/GS/road/images/aerial_h/H_009_00106.JPG 0 0 2493.977086 0.000000 802.115139 0.000000 2493.977086 535.496804 0.000000 0.000000 1.000000 2493.977086 0.000000 802.115139 0.000000 2493.977086 535.496804 0.000000 0.000000 1.000000 0.999999 -0.000458 0.000987 6.845108 0.000459 0.999999 -0.001209 9.114861 -0.000986 0.001209 0.999999 -8.977318 0.000000 0.000000 0.000000 1.000000
datasets/GS/road/images/aerial_h/H_009_00105.JPG datasets/GS/road/images/aerial_h/H_009_00107.JPG 0 0 2493.977086 0.000000 802.115139 0.000000 2493.977086 535.496804 0.000000 0.000000 1.000000 2493.977086 0.000000 802.115139 0.000000 2493.977086 535.496804 0.000000 0.000000 1.000000 0.999999 -0.001231 0.001037 6.933265 0.001231 0.999999 0.000154 9.129144 -0.001037 -0.000153 0.999999 -9.018264 0.000000 0.000000 0.000000 1.000000
datasets/GS/road/images/aerial_h/H_009_00106.JPG datasets/GS/road/images/aerial_h/H_009_00108.JPG 0 0 2493.977086 0.000000 802.115139 0.000000 2493.977086 535.496804 0.000000 0.000000 1.000000 2493.977086 0.000000 802.115139 0.000000 2493.977086 535.496804 0.000000 0.000000 1.000000 0.999984 0.003163 -0.004765 7.081765 -0.003163 0.999995 0.000014 9.092463 0.004765 0.000001 0.999989 -8.993587 0.000000 0.000000 0.000000 1.000000
datasets/GS/road/images/aerial_h/H_009_00107.JPG datasets/GS/road/images/aerial_h/H_009_00109.JPG 0 0 2493.977086 0.000000 802.115139 0.000000 2493.977086 535.496804 0.000000 0.000000 1.000000 2493.977086 0.000000 802.115139 0.000000 2493.977086 535.496804 0.000000 0.000000 1.000000 0.999981 0.004010 -0.004609 6.885580 -0.004014 0.999992 -0.000902 9.075108 0.004606 0.000920 0.999989 -8.923528 0.000000 0.000000 0.000000 1.000000
datasets/GS/road/images/aerial_h/H_009_00108.JPG datasets/GS/road/images/aerial_h/H_009_00110.JPG 0 0 2493.977086 0.000000 802.115139 0.000000 2493.977086 535.496804 0.000000 0.000000 1.000000 2493.977086 0.000000 802.115139 0.000000 2493.977086 535.496804 0.000000 0.000000 1.000000 0.999975 -0.004725 0.005301 6.590598 0.004724 0.999989 0.000225 8.794939 -0.005302 -0.000200 0.999986 -8.592223 0.000000 0.000000 0.000000 1.000000
datasets/GS/road/images/aerial_h/H_009_00109.JPG datasets/GS/road/images/aerial_h/H_009_00111.JPG 0 0 2493.977086 0.000000 802.115139 0.000000 2493.977086 535.496804 0.000000 0.000000 1.000000 2493.977086 0.000000 802.115139 0.000000 2493.977086 535.496804 0.000000 0.000000 1.000000 0.999929 -0.009077 0.007725 6.676128 0.009084 0.999958 -0.000853 8.483269 -0.007717 0.000923 0.999970 -8.379510 0.000000 0.000000 0.000000 1.000000
datasets/GS/road/images/aerial_h/H_009_00110.JPG datasets/GS/road/images/aerial_h/H_009_00112.JPG 0 0 2493.977086 0.000000 802.115139 0.000000 2493.977086 535.496804 0.000000 0.000000 1.000000 2493.977086 0.000000 802.115139 0.000000 2493.977086 535.496804 0.000000 0.000000 1.000000 0.999686 -0.018977 0.016379 6.720116 0.018972 0.999820 0.000476 8.799302 -0.016385 -0.000165 0.999866 -8.726246 0.000000 0.000000 0.000000 1.000000
datasets/GS/road/images/aerial_h/H_009_00111.JPG datasets/GS/road/images/aerial_h/H_009_00113.JPG 0 0 2493.977086 0.000000 802.115139 0.000000 2493.977086 535.496804 0.000000 0.000000 1.000000 2493.977086 0.000000 802.115139 0.000000 2493.977086 535.496804 0.000000 0.000000 1.000000 0.999913 0.008343 -0.010172 7.085234 -0.008325 0.999964 0.001770 8.945620 0.010186 -0.001685 0.999947 -8.747900 0.000000 0.000000 0.000000 1.000000
datasets/GS/road/images/aerial_h/H_009_00112.JPG datasets/GS/road/images/aerial_h/H_009_00114.JPG 0 0 2493.977086 0.000000 802.115139 0.000000 2493.977086 535.496804 0.000000 0.000000 1.000000 2493.977086 0.000000 802.115139 0.000000 2493.977086 535.496804 0.000000 0.000000 1.000000 0.999245 0.026931 -0.027990 7.311656 -0.026919 0.999637 0.000821 9.259858 0.028002 -0.000067 0.999608 -8.999835 0.000000 0.000000 0.000000 1.000000
datasets/GS/road/images/aerial_h/H_009_00113.JPG datasets/GS/road/images/aerial_h/H_009_00115.JPG 0 0 2493.977086 0.000000 802.115139 0.000000 2493.977086 535.496804 0.000000 0.000000 1.000000 2493.977086 0.000000 802.115139 0.000000 2493.977086 535.496804 0.000000 0.000000 1.000000 0.999998 0.000762 -0.001974 7.030402 -0.000761 1.000000 0.000309 9.180832 0.001974 -0.000308 0.999998 -9.016463 0.000000 0.000000 0.000000 1.000000
datasets/GS/road/images/aerial_h/H_009_00114.JPG datasets/GS/road/images/aerial_h/H_009_00116.JPG 0 0 2493.977086 0.000000 802.115139 0.000000 2493.977086 535.496804 0.000000 0.000000 1.000000 2493.977086 0.000000 802.115139 0.000000 2493.977086 535.496804 0.000000 0.000000 1.000000 0.999891 -0.010292 0.010598 6.313702 0.010290 0.999947 0.000261 8.693180 -0.010600 -0.000152 0.999944 -8.594546 0.000000 0.000000 0.000000 1.000000
datasets/GS/road/images/aerial_h/H_009_00115.JPG datasets/GS/road/images/aerial_h/H_009_00117.JPG 0 0 2493.977086 0.000000 802.115139 0.000000 2493.977086 535.496804 0.000000 0.000000 1.000000 2493.977086 0.000000 802.115139 0.000000 2493.977086 535.496804 0.000000 0.000000 1.000000 0.999923 -0.007522 0.009822 6.535178 0.007526 0.999972 -0.000358 8.942962 -0.009819 0.000432 0.999952 -8.822371 0.000000 0.000000 0.000000 1.000000
datasets/GS/road/images/aerial_h/H_009_00116.JPG datasets/GS/road/images/aerial_h/H_009_00118.JPG 0 0 2493.977086 0.000000 802.115139 0.000000 2493.977086 535.496804 0.000000 0.000000 1.000000 2493.977086 0.000000 802.115139 0.000000 2493.977086 535.496804 0.000000 0.000000 1.000000 0.999839 0.012393 -0.012955 7.129588 -0.012391 0.999923 0.000258 9.085852 0.012957 -0.000098 0.999916 -8.881100 0.000000 0.000000 0.000000 1.000000
datasets/GS/road/images/aerial_h/H_009_00117.JPG datasets/GS/road/images/aerial_h/H_009_00119.JPG 0 0 2493.977086 0.000000 802.115139 0.000000 2493.977086 535.496804 0.000000 0.000000 1.000000 2493.977086 0.000000 802.115139 0.000000 2493.977086 535.496804 0.000000 0.000000 1.000000 0.999804 0.011939 -0.015787 7.020246 -0.011944 0.999929 -0.000264 8.991987 0.015783 0.000453 0.999875 -8.787941 0.000000 0.000000 0.000000 1.000000
datasets/GS/road/images/aerial_h/H_009_00118.JPG datasets/GS/road/images/aerial_h/H_009_00120.JPG 0 0 2493.977086 0.000000 802.115139 0.000000 2493.977086 535.496804 0.000000 0.000000 1.000000 2493.977086 0.000000 802.115139 0.000000 2493.977086 535.496804 0.000000 0.000000 1.000000 0.999914 -0.010459 0.007943 6.627702 0.010487 0.999939 -0.003483 8.839319 -0.007906 0.003566 0.999962 -8.683744 0.000000 0.000000 0.000000 1.000000
datasets/GS/road/images/aerial_h/H_009_00119.JPG datasets/GS/road/images/aerial_h/H_009_00121.JPG 0 0 2493.977086 0.000000 802.115139 0.000000 2493.977086 535.496804 0.000000 0.000000 1.000000 2493.977086 0.000000 802.115139 0.000000 2493.977086 535.496804 0.000000 0.000000 1.000000 0.956558 0.201085 -0.211094 6.852378 -0.202003 0.979230 0.017437 6.120002 0.210216 0.025963 0.977310 -5.893912 0.000000 0.000000 0.000000 1.000000
datasets/GS/road/images/aerial_h/H_009_00120.JPG datasets/GS/road/images/aerial_h/H_009_00122.JPG 0 0 2493.977086 0.000000 802.115139 0.000000 2493.977086 535.496804 0.000000 0.000000 1.000000 2493.977086 0.000000 802.115139 0.000000 2493.977086 535.496804 0.000000 0.000000 1.000000 0.106571 0.692819 -0.713193 8.096779 -0.700098 0.561619 0.440961 4.334143 0.706049 0.452312 0.544894 -4.016289 0.000000 0.000000 0.000000 1.000000
datasets/GS/road/images/aerial_h/H_009_00121.JPG datasets/GS/road/images/aerial_h/H_009_00123.JPG 0 0 2493.977086 0.000000 802.115139 0.000000 2493.977086 535.496804 0.000000 0.000000 1.000000 2493.977086 0.000000 802.115139 0.000000 2493.977086 535.496804 0.000000 0.000000 1.000000 0.366634 0.644566 -0.670906 5.950745 -0.657094 0.689907 0.303735 7.821929 0.658640 0.329489 0.676484 -7.624339 0.000000 0.000000 0.000000 1.000000
datasets/GS/road/images/aerial_h/H_009_00122.JPG datasets/GS/road/images/aerial_h/H_009_00124.JPG 0 0 2493.977086 0.000000 802.115139 0.000000 2493.977086 535.496804 0.000000 0.000000 1.000000 2493.977086 0.000000 802.115139 0.000000 2493.977086 535.496804 0.000000 0.000000 1.000000 0.739048 0.467660 -0.484873 6.263192 -0.468897 0.873902 0.128183 4.367309 0.483678 0.132622 0.865140 -4.506893 0.000000 0.000000 0.000000 1.000000
datasets/GS/road/images/aerial_h/H_009_00123.JPG datasets/GS/road/images/aerial_h/H_009_00125.JPG 0 0 2493.977086 0.000000 802.115139 0.000000 2493.977086 535.496804 0.000000 0.000000 1.000000 2493.977086 0.000000 802.115139 0.000000 2493.977086 535.496804 0.000000 0.000000 1.000000 -0.024771 0.697018 -0.716625 6.298128 -0.705037 0.496031 0.506829 4.019800 0.708737 0.517802 0.479137 -4.313711 0.000000 0.000000 0.000000 1.000000
datasets/GS/road/images/aerial_h/H_009_00124.JPG datasets/GS/road/images/aerial_h/H_009_00126.JPG 0 0 2493.977086 0.000000 802.115139 0.000000 2493.977086 535.496804 0.000000 0.000000 1.000000 2493.977086 0.000000 802.115139 0.000000 2493.977086 535.496804 0.000000 0.000000 1.000000 0.572270 0.570977 -0.588636 5.366309 -0.574776 0.791247 0.208713 7.444426 0.584927 0.218893 0.780990 -7.975805 0.000000 0.000000 0.000000 1.000000
datasets/GS/road/images/aerial_h/H_009_00125.JPG datasets/GS/road/images/aerial_h/H_009_00127.JPG 0 0 2493.977086 0.000000 802.115139 0.000000 2493.977086 535.496804 0.000000 0.000000 1.000000 2493.977086 0.000000 802.115139 0.000000 2493.977086 535.496804 0.000000 0.000000 1.000000 0.998710 0.034506 -0.037241 5.866732 -0.034759 0.999377 -0.006179 8.756254 0.037004 0.007466 0.999287 -9.305540 0.000000 0.000000 0.000000 1.000000
datasets/GS/road/images/aerial_h/H_009_00126.JPG datasets/GS/road/images/aerial_h/H_009_00128.JPG 0 0 2493.977086 0.000000 802.115139 0.000000 2493.977086 535.496804 0.000000 0.000000 1.000000 2493.977086 0.000000 802.115139 0.000000 2493.977086 535.496804 0.000000 0.000000 1.000000 0.999861 -0.012328 0.011254 6.656257 0.012468 0.999845 -0.012448 9.128160 -0.011099 0.012587 0.999859 -9.430441 0.000000 0.000000 0.000000 1.000000
datasets/GS/road/images/aerial_h/H_009_00127.JPG datasets/GS/road/images/aerial_h/H_009_00129.JPG 0 0 2493.977086 0.000000 802.115139 0.000000 2493.977086 535.496804 0.000000 0.000000 1.000000 2493.977086 0.000000 802.115139 0.000000 2493.977086 535.496804 0.000000 0.000000 1.000000 0.999993 -0.003357 0.001566 6.924020 0.003373 0.999941 -0.010364 9.131929 -0.001531 0.010369 0.999945 -9.260317 0.000000 0.000000 0.000000 1.000000
datasets/GS/road/images/aerial_h/H_009_00128.JPG datasets/GS/road/images/aerial_h/H_009_00130.JPG 0 0 2493.977086 0.000000 802.115139 0.000000 2493.977086 535.496804 0.000000 0.000000 1.000000 2493.977086 0.000000 802.115139 0.000000 2493.977086 535.496804 0.000000 0.000000 1.000000 0.999988 0.000966 -0.004805 6.889215 -0.001003 0.999969 -0.007757 8.765638 0.004798 0.007762 0.999958 -8.962525 0.000000 0.000000 0.000000 1.000000
datasets/GS/road/images/aerial_h/H_009_00129.JPG datasets/GS/road/images/aerial_h/H_009_00131.JPG 0 0 2493.977086 0.000000 802.115139 0.000000 2493.977086 535.496804 0.000000 0.000000 1.000000 2493.977086 0.000000 802.115139 0.000000 2493.977086 535.496804 0.000000 0.000000 1.000000 0.999983 -0.005410 0.002149 6.891919 0.005423 0.999965 -0.006340 8.759779 -0.002115 0.006352 0.999978 -8.949224 0.000000 0.000000 0.000000 1.000000
datasets/GS/road/images/aerial_h/H_009_00130.JPG datasets/GS/road/images/aerial_h/H_009_00132.JPG 0 0 2493.977086 0.000000 802.115139 0.000000 2493.977086 535.496804 0.000000 0.000000 1.000000 2493.977086 0.000000 802.115139 0.000000 2493.977086 535.496804 0.000000 0.000000 1.000000 0.999777 -0.016636 0.012987 7.168531 0.016714 0.999843 -0.005911 9.036469 -0.012887 0.006127 0.999898 -9.002861 0.000000 0.000000 0.000000 1.000000
datasets/GS/road/images/aerial_h/H_009_00131.JPG datasets/GS/road/images/aerial_h/H_009_00133.JPG 0 0 2493.977086 0.000000 802.115139 0.000000 2493.977086 535.496804 0.000000 0.000000 1.000000 2493.977086 0.000000 802.115139 0.000000 2493.977086 535.496804 0.000000 0.000000 1.000000 0.999951 -0.008432 0.005151 6.810976 0.008451 0.999958 -0.003575 8.899004 -0.005120 0.003618 0.999980 -8.763062 0.000000 0.000000 0.000000 1.000000
datasets/GS/road/images/aerial_h/H_009_00132.JPG datasets/GS/road/images/aerial_h/H_009_00134.JPG 0 0 2493.977086 0.000000 802.115139 0.000000 2493.977086 535.496804 0.000000 0.000000 1.000000 2493.977086 0.000000 802.115139 0.000000 2493.977086 535.496804 0.000000 0.000000 1.000000 0.999979 0.003817 -0.005165 6.257843 -0.003826 0.999991 -0.001678 8.542808 0.005159 0.001698 0.999985 -8.536696 0.000000 0.000000 0.000000 1.000000
datasets/GS/road/images/aerial_h/H_009_00133.JPG datasets/GS/road/images/aerial_h/H_009_00135.JPG 0 0 2493.977086 0.000000 802.115139 0.000000 2493.977086 535.496804 0.000000 0.000000 1.000000 2493.977086 0.000000 802.115139 0.000000 2493.977086 535.496804 0.000000 0.000000 1.000000 1.000000 0.000497 0.000674 6.436050 -0.000495 0.999995 -0.003148 8.941482 -0.000676 0.003148 0.999995 -8.804907 0.000000 0.000000 0.000000 1.000000
datasets/GS/road/images/aerial_h/H_009_00134.JPG datasets/GS/road/images/aerial_h/H_009_00136.JPG 0 0 2493.977086 0.000000 802.115139 0.000000 2493.977086 535.496804 0.000000 0.000000 1.000000 2493.977086 0.000000 802.115139 0.000000 2493.977086 535.496804 0.000000 0.000000 1.000000 0.999984 0.003902 -0.004025 7.026657 -0.003923 0.999977 -0.005442 9.230201 0.004003 0.005458 0.999977 -9.069885 0.000000 0.000000 0.000000 1.000000
datasets/GS/road/images/aerial_h/H_009_00135.JPG datasets/GS/road/images/aerial_h/H_009_00137.JPG 0 0 2493.977086 0.000000 802.115139 0.000000 2493.977086 535.496804 0.000000 0.000000 1.000000 2493.977086 0.000000 802.115139 0.000000 2493.977086 535.496804 0.000000 0.000000 1.000000 0.999976 0.004604 -0.005201 6.982060 -0.004627 0.999979 -0.004488 8.943648 0.005180 0.004512 0.999976 -8.901185 0.000000 0.000000 0.000000 1.000000
datasets/GS/road/images/aerial_h/H_009_00136.JPG datasets/GS/road/images/aerial_h/H_009_00138.JPG 0 0 2493.977086 0.000000 802.115139 0.000000 2493.977086 535.496804 0.000000 0.000000 1.000000 2493.977086 0.000000 802.115139 0.000000 2493.977086 535.496804 0.000000 0.000000 1.000000 0.986393 -0.117782 0.114701 4.586002 0.117939 0.993006 0.005444 9.421760 -0.114540 0.008158 0.993385 -9.333212 0.000000 0.000000 0.000000 1.000000
datasets/GS/road/images/aerial_h/H_009_00137.JPG datasets/GS/road/images/aerial_h/H_009_00139.JPG 0 0 2493.977086 0.000000 802.115139 0.000000 2493.977086 535.496804 0.000000 0.000000 1.000000 2493.977086 0.000000 802.115139 0.000000 2493.977086 535.496804 0.000000 0.000000 1.000000 0.886371 -0.327932 0.326813 -0.109148 0.328052 0.942970 0.056470 10.171206 -0.326693 0.057158 0.943401 -10.028208 0.000000 0.000000 0.000000 1.000000
datasets/GS/road/images/aerial_h/H_009_00138.JPG datasets/GS/road/images/aerial_h/H_009_00140.JPG 0 0 2493.977086 0.000000 802.115139 0.000000 2493.977086 535.496804 0.000000 0.000000 1.000000 2493.977086 0.000000 802.115139 0.000000 2493.977086 535.496804 0.000000 0.000000 1.000000 0.947985 -0.223821 0.226336 -0.037197 0.223544 0.974314 0.027193 10.186685 -0.226609 0.024817 0.973670 -10.035241 0.000000 0.000000 0.000000 1.000000
datasets/GS/road/images/aerial_h/H_009_00139.JPG datasets/GS/road/images/aerial_h/H_009_00141.JPG 0 0 2493.977086 0.000000 802.115139 0.000000 2493.977086 535.496804 0.000000 0.000000 1.000000 2493.977086 0.000000 802.115139 0.000000 2493.977086 535.496804 0.000000 0.000000 1.000000 0.999968 -0.005852 0.005369 0.077047 0.005843 0.999982 0.001649 9.965317 -0.005378 -0.001618 0.999984 -9.813078 0.000000 0.000000 0.000000 1.000000
datasets/GS/road/images/aerial_h/H_009_00140.JPG datasets/GS/road/images/aerial_h/H_009_00142.JPG 0 0 2493.977086 0.000000 802.115139 0.000000 2493.977086 535.496804 0.000000 0.000000 1.000000 2493.977086 0.000000 802.115139 0.000000 2493.977086 535.496804 0.000000 0.000000 1.000000 0.999999 -0.001655 -0.000443 0.078176 0.001654 0.999999 -0.000458 10.264926 0.000444 0.000457 1.000000 -10.077323 0.000000 0.000000 0.000000 1.000000
datasets/GS/road/images/aerial_h/H_009_00141.JPG datasets/GS/road/images/aerial_h/H_009_00143.JPG 0 0 2493.977086 0.000000 802.115139 0.000000 2493.977086 535.496804 0.000000 0.000000 1.000000 2493.977086 0.000000 802.115139 0.000000 2493.977086 535.496804 0.000000 0.000000 1.000000 0.999968 0.005308 -0.005973 0.048661 -0.005318 0.999984 -0.001761 10.393199 0.005964 0.001793 0.999981 -10.229043 0.000000 0.000000 0.000000 1.000000
datasets/GS/road/images/aerial_h/H_009_00142.JPG datasets/GS/road/images/aerial_h/H_009_00144.JPG 0 0 2493.977086 0.000000 802.115139 0.000000 2493.977086 535.496804 0.000000 0.000000 1.000000 2493.977086 0.000000 802.115139 0.000000 2493.977086 535.496804 0.000000 0.000000 1.000000 0.999999 -0.000273 0.001017 0.009842 0.000274 0.999999 -0.001101 10.083007 -0.001016 0.001101 0.999999 -9.907096 0.000000 0.000000 0.000000 1.000000
datasets/GS/road/images/aerial_h/H_009_00143.JPG datasets/GS/road/images/aerial_h/H_009_00145.JPG 0 0 2493.977086 0.000000 802.115139 0.000000 2493.977086 535.496804 0.000000 0.000000 1.000000 2493.977086 0.000000 802.115139 0.000000 2493.977086 535.496804 0.000000 0.000000 1.000000 0.999992 0.002616 -0.002918 0.154915 -0.002617 0.999997 -0.000405 10.040052 0.002916 0.000412 0.999996 -9.923226 0.000000 0.000000 0.000000 1.000000
datasets/GS/road/images/aerial_h/H_009_00144.JPG datasets/GS/road/images/aerial_h/H_009_00146.JPG 0 0 2493.977086 0.000000 802.115139 0.000000 2493.977086 535.496804 0.000000 0.000000 1.000000 2493.977086 0.000000 802.115139 0.000000 2493.977086 535.496804 0.000000 0.000000 1.000000 0.999956 0.006931 -0.006331 0.047554 -0.006921 0.999975 0.001590 10.313924 0.006342 -0.001546 0.999979 -10.194952 0.000000 0.000000 0.000000 1.000000
datasets/GS/road/images/aerial_h/H_009_00145.JPG datasets/GS/road/images/aerial_h/H_009_00147.JPG 0 0 2493.977086 0.000000 802.115139 0.000000 2493.977086 535.496804 0.000000 0.000000 1.000000 2493.977086 0.000000 802.115139 0.000000 2493.977086 535.496804 0.000000 0.000000 1.000000 0.999961 -0.004454 0.007598 0.095553 0.004444 0.999989 0.001341 10.253571 -0.007604 -0.001307 0.999970 -10.079830 0.000000 0.000000 0.000000 1.000000
datasets/GS/road/images/aerial_h/H_009_00146.JPG datasets/GS/road/images/aerial_h/H_009_00148.JPG 0 0 2493.977086 0.000000 802.115139 0.000000 2493.977086 535.496804 0.000000 0.000000 1.000000 2493.977086 0.000000 802.115139 0.000000 2493.977086 535.496804 0.000000 0.000000 1.000000 0.999996 -0.002186 0.001668 0.435159 0.002188 0.999997 -0.000797 10.261473 -0.001666 0.000801 0.999998 -10.130357 0.000000 0.000000 0.000000 1.000000
datasets/GS/road/images/aerial_h/H_009_00147.JPG datasets/GS/road/images/aerial_h/H_009_00149.JPG 0 0 2493.977086 0.000000 802.115139 0.000000 2493.977086 535.496804 0.000000 0.000000 1.000000 2493.977086 0.000000 802.115139 0.000000 2493.977086 535.496804 0.000000 0.000000 1.000000 0.999960 0.004143 -0.007980 0.175048 -0.004153 0.999991 -0.001218 10.336911 0.007975 0.001251 0.999967 -10.203939 0.000000 0.000000 0.000000 1.000000
datasets/GS/road/images/aerial_h/H_009_00148.JPG datasets/GS/road/images/aerial_h/H_009_00150.JPG 0 0 2493.977086 0.000000 802.115139 0.000000 2493.977086 535.496804 0.000000 0.000000 1.000000 2493.977086 0.000000 802.115139 0.000000 2493.977086 535.496804 0.000000 0.000000 1.000000 0.999996 -0.001210 0.002604 -0.087839 0.001210 0.999999 0.000034 10.234673 -0.002604 -0.000031 0.999997 -10.057465 0.000000 0.000000 0.000000 1.000000
datasets/GS/road/images/aerial_h/H_009_00149.JPG datasets/GS/road/images/aerial_h/H_009_00151.JPG 0 0 2493.977086 0.000000 802.115139 0.000000 2493.977086 535.496804 0.000000 0.000000 1.000000 2493.977086 0.000000 802.115139 0.000000 2493.977086 535.496804 0.000000 0.000000 1.000000 0.999934 0.008957 -0.007135 0.403524 -0.008953 0.999960 0.000587 9.987282 0.007140 -0.000523 0.999974 -9.857265 0.000000 0.000000 0.000000 1.000000
datasets/GS/road/images/aerial_h/H_009_00150.JPG datasets/GS/road/images/aerial_h/H_009_00152.JPG 0 0 2493.977086 0.000000 802.115139 0.000000 2493.977086 535.496804 0.000000 0.000000 1.000000 2493.977086 0.000000 802.115139 0.000000 2493.977086 535.496804 0.000000 0.000000 1.000000 0.999957 0.007129 -0.005947 0.363692 -0.007129 0.999975 0.000094 9.834988 0.005948 -0.000051 0.999982 -9.765220 0.000000 0.000000 0.000000 1.000000
datasets/GS/road/images/aerial_h/H_009_00151.JPG datasets/GS/road/images/aerial_h/H_009_00153.JPG 0 0 2493.977086 0.000000 802.115139 0.000000 2493.977086 535.496804 0.000000 0.000000 1.000000 2493.977086 0.000000 802.115139 0.000000 2493.977086 535.496804 0.000000 0.000000 1.000000 0.999985 -0.002888 0.004633 0.364383 0.002887 0.999996 0.000336 10.033790 -0.004634 -0.000322 0.999989 -9.957940 0.000000 0.000000 0.000000 1.000000
datasets/GS/road/images/aerial_h/H_009_00152.JPG datasets/GS/road/images/aerial_h/H_009_00154.JPG 0 0 2493.977086 0.000000 802.115139 0.000000 2493.977086 535.496804 0.000000 0.000000 1.000000 2493.977086 0.000000 802.115139 0.000000 2493.977086 535.496804 0.000000 0.000000 1.000000 0.999968 -0.005109 0.006181 0.350049 0.005105 0.999987 0.000641 10.130345 -0.006184 -0.000609 0.999981 -9.938925 0.000000 0.000000 0.000000 1.000000
datasets/GS/road/images/aerial_h/H_009_00153.JPG datasets/GS/road/images/aerial_h/H_009_00155.JPG 0 0 2493.977086 0.000000 802.115139 0.000000 2493.977086 535.496804 0.000000 0.000000 1.000000 2493.977086 0.000000 802.115139 0.000000 2493.977086 535.496804 0.000000 0.000000 1.000000 0.999766 -0.015441 0.015179 0.271681 0.015430 0.999881 0.000824 10.206061 -0.015190 -0.000590 0.999884 -9.952314 0.000000 0.000000 0.000000 1.000000
datasets/GS/road/images/aerial_h/H_009_00154.JPG datasets/GS/road/images/aerial_h/H_009_00156.JPG 0 0 2493.977086 0.000000 802.115139 0.000000 2493.977086 535.496804 0.000000 0.000000 1.000000 2493.977086 0.000000 802.115139 0.000000 2493.977086 535.496804 0.000000 0.000000 1.000000 0.999997 -0.001911 -0.001744 0.289490 0.001913 0.999998 0.000993 10.521279 0.001742 -0.000996 0.999998 -10.360500 0.000000 0.000000 0.000000 1.000000
datasets/GS/road/images/aerial_h/H_009_00155.JPG datasets/GS/road/images/aerial_h/H_009_00157.JPG 0 0 2493.977086 0.000000 802.115139 0.000000 2493.977086 535.496804 0.000000 0.000000 1.000000 2493.977086 0.000000 802.115139 0.000000 2493.977086 535.496804 0.000000 0.000000 1.000000 0.999989 0.003821 -0.002865 0.035729 -0.003817 0.999991 0.001582 10.327259 0.002871 -0.001571 0.999995 -10.230777 0.000000 0.000000 0.000000 1.000000
datasets/GS/road/images/aerial_h/H_009_00156.JPG datasets/GS/road/images/aerial_h/H_009_00158.JPG 0 0 2493.977086 0.000000 802.115139 0.000000 2493.977086 535.496804 0.000000 0.000000 1.000000 2493.977086 0.000000 802.115139 0.000000 2493.977086 535.496804 0.000000 0.000000 1.000000 0.999921 -0.007456 0.010170 0.122016 0.007449 0.999972 0.000727 9.795500 -0.010175 -0.000651 0.999948 -9.677850 0.000000 0.000000 0.000000 1.000000
datasets/GS/road/images/aerial_h/H_009_00157.JPG datasets/GS/road/images/aerial_h/H_009_00159.JPG 0 0 2493.977086 0.000000 802.115139 0.000000 2493.977086 535.496804 0.000000 0.000000 1.000000 2493.977086 0.000000 802.115139 0.000000 2493.977086 535.496804 0.000000 0.000000 1.000000 0.999973 0.004161 -0.005983 0.427250 -0.004164 0.999991 -0.000645 9.963590 0.005980 0.000670 0.999982 -9.857166 0.000000 0.000000 0.000000 1.000000
datasets/GS/road/images/aerial_h/H_009_00158.JPG datasets/GS/road/images/aerial_h/H_009_00160.JPG 0 0 2493.977086 0.000000 802.115139 0.000000 2493.977086 535.496804 0.000000 0.000000 1.000000 2493.977086 0.000000 802.115139 0.000000 2493.977086 535.496804 0.000000 0.000000 1.000000 0.999978 0.003442 -0.005753 0.199561 -0.003443 0.999994 -0.000144 10.256524 0.005752 0.000164 0.999983 -10.163188 0.000000 0.000000 0.000000 1.000000
datasets/GS/road/images/aerial_h/H_009_00159.JPG datasets/GS/road/images/aerial_h/H_009_00161.JPG 0 0 2493.977086 0.000000 802.115139 0.000000 2493.977086 535.496804 0.000000 0.000000 1.000000 2493.977086 0.000000 802.115139 0.000000 2493.977086 535.496804 0.000000 0.000000 1.000000 0.999954 0.006167 -0.007289 0.261098 -0.006181 0.999979 -0.002004 10.098889 0.007276 0.002049 0.999971 -9.997502 0.000000 0.000000 0.000000 1.000000
datasets/GS/road/images/aerial_h/H_009_00160.JPG datasets/GS/road/images/aerial_h/H_009_00162.JPG 0 0 2493.977086 0.000000 802.115139 0.000000 2493.977086 535.496804 0.000000 0.000000 1.000000 2493.977086 0.000000 802.115139 0.000000 2493.977086 535.496804 0.000000 0.000000 1.000000 0.983728 -0.123234 0.130741 -1.249637 0.123895 0.992290 0.003098 8.165964 -0.130115 0.013151 0.991412 -7.996737 0.000000 0.000000 0.000000 1.000000
datasets/GS/road/images/aerial_h/H_009_00161.JPG datasets/GS/road/images/aerial_h/H_009_00163.JPG 0 0 2493.977086 0.000000 802.115139 0.000000 2493.977086 535.496804 0.000000 0.000000 1.000000 2493.977086 0.000000 802.115139 0.000000 2493.977086 535.496804 0.000000 0.000000 1.000000 0.307128 -0.668182 0.677647 -4.734661 0.668703 0.658170 0.345903 7.322228 -0.677133 0.346908 0.648957 -7.209017 0.000000 0.000000 0.000000 1.000000
datasets/GS/road/images/aerial_h/H_009_00162.JPG datasets/GS/road/images/aerial_h/H_009_00164.JPG 0 0 2493.977086 0.000000 802.115139 0.000000 2493.977086 535.496804 0.000000 0.000000 1.000000 2493.977086 0.000000 802.115139 0.000000 2493.977086 535.496804 0.000000 0.000000 1.000000 0.405142 -0.643850 0.649089 -1.021657 0.645213 0.704355 0.295947 9.683147 -0.647735 0.298900 0.700784 -9.699129 0.000000 0.000000 0.000000 1.000000
datasets/GS/road/images/aerial_h/H_009_00163.JPG datasets/GS/road/images/aerial_h/H_009_00165.JPG 0 0 2493.977086 0.000000 802.115139 0.000000 2493.977086 535.496804 0.000000 0.000000 1.000000 2493.977086 0.000000 802.115139 0.000000 2493.977086 535.496804 0.000000 0.000000 1.000000 0.579762 -0.572432 0.579826 -4.019574 0.573574 0.792162 0.208550 5.304628 -0.578696 0.211664 0.787597 -5.323153 0.000000 0.000000 0.000000 1.000000
datasets/GS/road/images/aerial_h/H_009_00164.JPG datasets/GS/road/images/aerial_h/H_009_00166.JPG 0 0 2493.977086 0.000000 802.115139 0.000000 2493.977086 535.496804 0.000000 0.000000 1.000000 2493.977086 0.000000 802.115139 0.000000 2493.977086 535.496804 0.000000 0.000000 1.000000 -0.167864 -0.692227 0.701886 -2.286223 0.697858 0.419442 0.580571 4.495994 -0.696287 0.587273 0.412668 -4.521895 0.000000 0.000000 0.000000 1.000000
datasets/GS/road/images/aerial_h/H_009_00165.JPG datasets/GS/road/images/aerial_h/H_009_00167.JPG 0 0 2493.977086 0.000000 802.115139 0.000000 2493.977086 535.496804 0.000000 0.000000 1.000000 2493.977086 0.000000 802.115139 0.000000 2493.977086 535.496804 0.000000 0.000000 1.000000 0.587044 -0.569742 0.575129 0.433368 0.572557 0.794442 0.202582 6.530233 -0.572326 0.210370 0.792583 -6.596287 0.000000 0.000000 0.000000 1.000000
datasets/GS/road/images/aerial_h/H_009_00166.JPG datasets/GS/road/images/aerial_h/H_009_00168.JPG 0 0 2493.977086 0.000000 802.115139 0.000000 2493.977086 535.496804 0.000000 0.000000 1.000000 2493.977086 0.000000 802.115139 0.000000 2493.977086 535.496804 0.000000 0.000000 1.000000 0.997386 -0.052896 0.049234 0.486186 0.052812 0.998600 0.002996 7.742474 -0.049323 -0.000388 0.998783 -7.994846 0.000000 0.000000 0.000000 1.000000
datasets/GS/road/images/aerial_h/H_009_00167.JPG datasets/GS/road/images/aerial_h/H_009_00169.JPG 0 0 2493.977086 0.000000 802.115139 0.000000 2493.977086 535.496804 0.000000 0.000000 1.000000 2493.977086 0.000000 802.115139 0.000000 2493.977086 535.496804 0.000000 0.000000 1.000000 0.999980 -0.001722 -0.006074 0.216016 0.001754 0.999985 0.005196 9.023132 0.006065 -0.005207 0.999968 -9.331855 0.000000 0.000000 0.000000 1.000000
datasets/GS/road/images/aerial_h/H_009_00168.JPG datasets/GS/road/images/aerial_h/H_009_00170.JPG 0 0 2493.977086 0.000000 802.115139 0.000000 2493.977086 535.496804 0.000000 0.000000 1.000000 2493.977086 0.000000 802.115139 0.000000 2493.977086 535.496804 0.000000 0.000000 1.000000 0.999896 0.005939 -0.013150 0.114063 -0.005940 0.999982 -0.000056 10.104060 0.013149 0.000134 0.999913 -10.371150 0.000000 0.000000 0.000000 1.000000
datasets/GS/road/images/aerial_h/H_009_00169.JPG datasets/GS/road/images/aerial_h/H_009_00171.JPG 0 0 2493.977086 0.000000 802.115139 0.000000 2493.977086 535.496804 0.000000 0.000000 1.000000 2493.977086 0.000000 802.115139 0.000000 2493.977086 535.496804 0.000000 0.000000 1.000000 0.999993 -0.003627 -0.001031 0.066623 0.003619 0.999967 -0.007295 10.237608 0.001057 0.007291 0.999973 -10.487293 0.000000 0.000000 0.000000 1.000000
datasets/GS/road/images/aerial_h/H_009_00170.JPG datasets/GS/road/images/aerial_h/H_009_00172.JPG 0 0 2493.977086 0.000000 802.115139 0.000000 2493.977086 535.496804 0.000000 0.000000 1.000000 2493.977086 0.000000 802.115139 0.000000 2493.977086 535.496804 0.000000 0.000000 1.000000 0.999880 -0.012460 0.009256 -0.014720 0.012514 0.999905 -0.005746 9.810428 -0.009184 0.005862 0.999941 -10.072002 0.000000 0.000000 0.000000 1.000000
datasets/GS/road/images/aerial_h/H_009_00171.JPG datasets/GS/road/images/aerial_h/H_009_00173.JPG 0 0 2493.977086 0.000000 802.115139 0.000000 2493.977086 535.496804 0.000000 0.000000 1.000000 2493.977086 0.000000 802.115139 0.000000 2493.977086 535.496804 0.000000 0.000000 1.000000 0.999866 -0.012856 0.010108 -0.057473 0.012875 0.999915 -0.001862 9.789443 -0.010083 0.001992 0.999947 -10.031143 0.000000 0.000000 0.000000 1.000000
datasets/GS/road/images/aerial_h/H_009_00172.JPG datasets/GS/road/images/aerial_h/H_009_00174.JPG 0 0 2493.977086 0.000000 802.115139 0.000000 2493.977086 535.496804 0.000000 0.000000 1.000000 2493.977086 0.000000 802.115139 0.000000 2493.977086 535.496804 0.000000 0.000000 1.000000 0.999649 0.016675 -0.020605 0.261353 -0.016743 0.999855 -0.003137 10.156570 0.020550 0.003481 0.999783 -10.231491 0.000000 0.000000 0.000000 1.000000
datasets/GS/road/images/aerial_h/H_009_00173.JPG datasets/GS/road/images/aerial_h/H_009_00175.JPG 0 0 2493.977086 0.000000 802.115139 0.000000 2493.977086 535.496804 0.000000 0.000000 1.000000 2493.977086 0.000000 802.115139 0.000000 2493.977086 535.496804 0.000000 0.000000 1.000000 0.999621 0.017926 -0.020895 0.070801 -0.018026 0.999827 -0.004588 10.329467 0.020809 0.004963 0.999771 -10.387053 0.000000 0.000000 0.000000 1.000000
datasets/GS/road/images/aerial_h/H_009_00174.JPG datasets/GS/road/images/aerial_h/H_009_00176.JPG 0 0 2493.977086 0.000000 802.115139 0.000000 2493.977086 535.496804 0.000000 0.000000 1.000000 2493.977086 0.000000 802.115139 0.000000 2493.977086 535.496804 0.000000 0.000000 1.000000 0.999948 -0.007472 0.006958 0.092496 0.007495 0.999966 -0.003354 10.254186 -0.006933 0.003406 0.999970 -10.328624 0.000000 0.000000 0.000000 1.000000
datasets/GS/road/images/aerial_h/H_009_00175.JPG datasets/GS/road/images/aerial_h/H_009_00177.JPG 0 0 2493.977086 0.000000 802.115139 0.000000 2493.977086 535.496804 0.000000 0.000000 1.000000 2493.977086 0.000000 802.115139 0.000000 2493.977086 535.496804 0.000000 0.000000 1.000000 0.999904 -0.010075 0.009477 0.094061 0.010113 0.999941 -0.003971 10.104533 -0.009436 0.004066 0.999947 -10.228031 0.000000 0.000000 0.000000 1.000000
datasets/GS/road/images/aerial_h/H_009_00176.JPG datasets/GS/road/images/aerial_h/H_009_00178.JPG 0 0 2493.977086 0.000000 802.115139 0.000000 2493.977086 535.496804 0.000000 0.000000 1.000000 2493.977086 0.000000 802.115139 0.000000 2493.977086 535.496804 0.000000 0.000000 1.000000 0.999982 0.002635 -0.005438 0.164538 -0.002644 0.999995 -0.001679 10.067723 0.005434 0.001694 0.999984 -10.137267 0.000000 0.000000 0.000000 1.000000
datasets/GS/road/images/aerial_h/H_009_00177.JPG datasets/GS/road/images/aerial_h/H_009_00179.JPG 0 0 2493.977086 0.000000 802.115139 0.000000 2493.977086 535.496804 0.000000 0.000000 1.000000 2493.977086 0.000000 802.115139 0.000000 2493.977086 535.496804 0.000000 0.000000 1.000000 0.999901 0.008585 -0.011130 -0.051571 -0.008583 0.999963 0.000248 10.072798 0.011132 -0.000152 0.999938 -10.001498 0.000000 0.000000 0.000000 1.000000
datasets/GS/road/images/aerial_h/H_009_00178.JPG datasets/GS/road/images/aerial_h/H_009_00180.JPG 0 0 2493.977086 0.000000 802.115139 0.000000 2493.977086 535.496804 0.000000 0.000000 1.000000 2493.977086 0.000000 802.115139 0.000000 2493.977086 535.496804 0.000000 0.000000 1.000000 0.999982 -0.004105 0.004446 -0.071485 0.004113 0.999990 -0.001856 10.040048 -0.004439 0.001874 0.999988 -10.025288 0.000000 0.000000 0.000000 1.000000
datasets/GS/road/images/aerial_h/H_009_00179.JPG datasets/GS/road/images/aerial_h/H_009_00181.JPG 0 0 2493.977086 0.000000 802.115139 0.000000 2493.977086 535.496804 0.000000 0.000000 1.000000 2493.977086 0.000000 802.115139 0.000000 2493.977086 535.496804 0.000000 0.000000 1.000000 0.999977 -0.004169 0.005289 0.254404 0.004177 0.999990 -0.001481 9.861953 -0.005283 0.001503 0.999985 -9.932477 0.000000 0.000000 0.000000 1.000000
datasets/GS/road/images/aerial_h/H_009_00180.JPG datasets/GS/road/images/aerial_h/H_009_00182.JPG 0 0 2493.977086 0.000000 802.115139 0.000000 2493.977086 535.496804 0.000000 0.000000 1.000000 2493.977086 0.000000 802.115139 0.000000 2493.977086 535.496804 0.000000 0.000000 1.000000 0.999988 0.002483 -0.004255 0.446963 -0.002484 0.999997 -0.000273 9.951203 0.004254 0.000284 0.999991 -9.918703 0.000000 0.000000 0.000000 1.000000
datasets/GS/road/images/aerial_h/H_009_00181.JPG datasets/GS/road/images/aerial_h/H_009_00183.JPG 0 0 2493.977086 0.000000 802.115139 0.000000 2493.977086 535.496804 0.000000 0.000000 1.000000 2493.977086 0.000000 802.115139 0.000000 2493.977086 535.496804 0.000000 0.000000 1.000000 0.999998 -0.002122 -0.000535 0.244696 0.002121 0.999997 -0.001264 10.356321 0.000538 0.001263 0.999999 -10.287586 0.000000 0.000000 0.000000 1.000000
datasets/GS/road/images/aerial_h/H_009_00182.JPG datasets/GS/road/images/aerial_h/H_009_00184.JPG 0 0 2493.977086 0.000000 802.115139 0.000000 2493.977086 535.496804 0.000000 0.000000 1.000000 2493.977086 0.000000 802.115139 0.000000 2493.977086 535.496804 0.000000 0.000000 1.000000 0.999998 -0.002168 0.000518 0.319129 0.002168 0.999997 -0.001062 10.106350 -0.000516 0.001063 0.999999 -10.137569 0.000000 0.000000 0.000000 1.000000
datasets/GS/road/images/aerial_h/H_009_00183.JPG datasets/GS/road/images/aerial_h/H_009_00185.JPG 0 0 2493.977086 0.000000 802.115139 0.000000 2493.977086 535.496804 0.000000 0.000000 1.000000 2493.977086 0.000000 802.115139 0.000000 2493.977086 535.496804 0.000000 0.000000 1.000000 0.999999 0.000887 -0.001209 0.194456 -0.000888 0.999999 -0.000866 10.073781 0.001208 0.000867 0.999999 -10.037420 0.000000 0.000000 0.000000 1.000000
datasets/GS/road/images/aerial_h/H_009_00184.JPG datasets/GS/road/images/aerial_h/H_009_00186.JPG 0 0 2493.977086 0.000000 802.115139 0.000000 2493.977086 535.496804 0.000000 0.000000 1.000000 2493.977086 0.000000 802.115139 0.000000 2493.977086 535.496804 0.000000 0.000000 1.000000 0.999988 0.002935 -0.003826 0.258907 -0.002941 0.999995 -0.001422 10.242552 0.003822 0.001433 0.999992 -10.181111 0.000000 0.000000 0.000000 1.000000
datasets/GS/road/images/aerial_h/H_009_00185.JPG datasets/GS/road/images/aerial_h/H_009_00187.JPG 0 0 2493.977086 0.000000 802.115139 0.000000 2493.977086 535.496804 0.000000 0.000000 1.000000 2493.977086 0.000000 802.115139 0.000000 2493.977086 535.496804 0.000000 0.000000 1.000000 0.999991 0.002753 -0.003095 0.240036 -0.002754 0.999996 -0.000232 10.175038 0.003094 0.000240 0.999995 -10.130300 0.000000 0.000000 0.000000 1.000000
datasets/GS/road/images/aerial_h/H_009_00186.JPG datasets/GS/road/images/aerial_h/H_009_00188.JPG 0 0 2493.977086 0.000000 802.115139 0.000000 2493.977086 535.496804 0.000000 0.000000 1.000000 2493.977086 0.000000 802.115139 0.000000 2493.977086 535.496804 0.000000 0.000000 1.000000 0.999991 -0.002147 0.003772 0.213585 0.002147 0.999998 -0.000110 9.833886 -0.003772 0.000119 0.999993 -9.757481 0.000000 0.000000 0.000000 1.000000
datasets/GS/road/images/aerial_h/H_009_00187.JPG datasets/GS/road/images/aerial_h/H_009_00189.JPG 0 0 2493.977086 0.000000 802.115139 0.000000 2493.977086 535.496804 0.000000 0.000000 1.000000 2493.977086 0.000000 802.115139 0.000000 2493.977086 535.496804 0.000000 0.000000 1.000000 1.000000 0.000368 -0.000078 0.267504 -0.000368 1.000000 -0.000288 10.077846 0.000077 0.000288 1.000000 -10.008185 0.000000 0.000000 0.000000 1.000000
datasets/GS/road/images/aerial_h/H_009_00188.JPG datasets/GS/road/images/aerial_h/H_009_00190.JPG 0 0 2493.977086 0.000000 802.115139 0.000000 2493.977086 535.496804 0.000000 0.000000 1.000000 2493.977086 0.000000 802.115139 0.000000 2493.977086 535.496804 0.000000 0.000000 1.000000 0.999947 -0.005870 0.008419 0.345366 0.005875 0.999983 -0.000557 10.458502 -0.008416 0.000607 0.999964 -10.388029 0.000000 0.000000 0.000000 1.000000
datasets/GS/road/images/aerial_h/H_009_00189.JPG datasets/GS/road/images/aerial_h/H_009_00191.JPG 0 0 2493.977086 0.000000 802.115139 0.000000 2493.977086 535.496804 0.000000 0.000000 1.000000 2493.977086 0.000000 802.115139 0.000000 2493.977086 535.496804 0.000000 0.000000 1.000000 0.999953 -0.005798 0.007837 0.502656 0.005801 0.999983 -0.000418 9.929197 -0.007834 0.000464 0.999969 -9.925662 0.000000 0.000000 0.000000 1.000000
datasets/GS/road/images/aerial_h/H_009_00190.JPG datasets/GS/road/images/aerial_h/H_009_00192.JPG 0 0 2493.977086 0.000000 802.115139 0.000000 2493.977086 535.496804 0.000000 0.000000 1.000000 2493.977086 0.000000 802.115139 0.000000 2493.977086 535.496804 0.000000 0.000000 1.000000 0.999906 -0.011194 0.007895 0.231192 0.011197 0.999937 -0.000329 10.111053 -0.007891 0.000418 0.999969 -9.972794 0.000000 0.000000 0.000000 1.000000
datasets/GS/road/images/aerial_h/H_009_00191.JPG datasets/GS/road/images/aerial_h/H_009_00193.JPG 0 0 2493.977086 0.000000 802.115139 0.000000 2493.977086 535.496804 0.000000 0.000000 1.000000 2493.977086 0.000000 802.115139 0.000000 2493.977086 535.496804 0.000000 0.000000 1.000000 0.999940 0.005704 -0.009344 0.391794 -0.005726 0.999981 -0.002347 10.386136 0.009331 0.002400 0.999954 -10.163889 0.000000 0.000000 0.000000 1.000000
datasets/GS/road/images/aerial_h/H_009_00192.JPG datasets/GS/road/images/aerial_h/H_009_00194.JPG 0 0 2493.977086 0.000000 802.115139 0.000000 2493.977086 535.496804 0.000000 0.000000 1.000000 2493.977086 0.000000 802.115139 0.000000 2493.977086 535.496804 0.000000 0.000000 1.000000 0.999621 0.018938 -0.019959 0.299329 -0.018953 0.999820 -0.000573 10.210550 0.019944 0.000951 0.999801 -10.124269 0.000000 0.000000 0.000000 1.000000
datasets/GS/road/images/aerial_h/H_009_00193.JPG datasets/GS/road/images/aerial_h/H_009_00195.JPG 0 0 2493.977086 0.000000 802.115139 0.000000 2493.977086 535.496804 0.000000 0.000000 1.000000 2493.977086 0.000000 802.115139 0.000000 2493.977086 535.496804 0.000000 0.000000 1.000000 0.999892 -0.009446 0.011259 0.177506 0.009439 0.999955 0.000616 10.021910 -0.011264 -0.000510 0.999936 -10.008596 0.000000 0.000000 0.000000 1.000000
datasets/GS/road/images/aerial_h/H_009_00194.JPG datasets/GS/road/images/aerial_h/H_009_00196.JPG 0 0 2493.977086 0.000000 802.115139 0.000000 2493.977086 535.496804 0.000000 0.000000 1.000000 2493.977086 0.000000 802.115139 0.000000 2493.977086 535.496804 0.000000 0.000000 1.000000 0.999903 -0.009084 0.010592 0.352863 0.009100 0.999958 -0.001461 10.101950 -0.010579 0.001557 0.999943 -10.011571 0.000000 0.000000 0.000000 1.000000
datasets/GS/road/images/aerial_h/H_009_00195.JPG datasets/GS/road/images/aerial_h/H_009_00197.JPG 0 0 2493.977086 0.000000 802.115139 0.000000 2493.977086 535.496804 0.000000 0.000000 1.000000 2493.977086 0.000000 802.115139 0.000000 2493.977086 535.496804 0.000000 0.000000 1.000000 0.999993 0.001117 -0.003475 0.426363 -0.001108 0.999996 0.002483 10.385549 0.003477 -0.002479 0.999991 -10.301798 0.000000 0.000000 0.000000 1.000000
datasets/GS/road/images/aerial_h/H_009_00196.JPG datasets/GS/road/images/aerial_h/H_009_00198.JPG 0 0 2493.977086 0.000000 802.115139 0.000000 2493.977086 535.496804 0.000000 0.000000 1.000000 2493.977086 0.000000 802.115139 0.000000 2493.977086 535.496804 0.000000 0.000000 1.000000 0.999985 -0.004856 0.002565 0.240330 0.004851 0.999986 0.002060 10.238071 -0.002575 -0.002047 0.999995 -10.221411 0.000000 0.000000 0.000000 1.000000
datasets/GS/road/images/aerial_h/H_009_00197.JPG datasets/GS/road/images/aerial_h/H_009_00199.JPG 0 0 2493.977086 0.000000 802.115139 0.000000 2493.977086 535.496804 0.000000 0.000000 1.000000 2493.977086 0.000000 802.115139 0.000000 2493.977086 535.496804 0.000000 0.000000 1.000000 0.999966 0.005288 -0.006284 0.252258 -0.005293 0.999986 -0.000735 10.107057 0.006280 0.000768 0.999980 -10.110433 0.000000 0.000000 0.000000 1.000000
datasets/GS/road/images/aerial_h/H_009_00198.JPG datasets/GS/road/images/aerial_h/H_009_00200.JPG 0 0 2493.977086 0.000000 802.115139 0.000000 2493.977086 535.496804 0.000000 0.000000 1.000000 2493.977086 0.000000 802.115139 0.000000 2493.977086 535.496804 0.000000 0.000000 1.000000 0.999976 0.005336 -0.004503 0.040814 -0.005332 0.999985 0.000927 10.191742 0.004508 -0.000903 0.999989 -10.172211 0.000000 0.000000 0.000000 1.000000
datasets/GS/road/images/aerial_h/H_009_00199.JPG datasets/GS/road/images/aerial_h/H_009_00201.JPG 0 0 2493.977086 0.000000 802.115139 0.000000 2493.977086 535.496804 0.000000 0.000000 1.000000 2493.977086 0.000000 802.115139 0.000000 2493.977086 535.496804 0.000000 0.000000 1.000000 0.999958 -0.006426 0.006555 0.043694 0.006421 0.999979 0.000796 10.157977 -0.006560 -0.000754 0.999978 -10.152925 0.000000 0.000000 0.000000 1.000000
datasets/GS/road/images/aerial_h/H_009_00200.JPG datasets/GS/road/images/aerial_h/H_009_00202.JPG 0 0 2493.977086 0.000000 802.115139 0.000000 2493.977086 535.496804 0.000000 0.000000 1.000000 2493.977086 0.000000 802.115139 0.000000 2493.977086 535.496804 0.000000 0.000000 1.000000 0.999997 -0.002170 0.001348 -0.006299 0.002170 0.999998 0.000522 9.741009 -0.001349 -0.000519 0.999999 -9.667969 0.000000 0.000000 0.000000 1.000000
datasets/GS/road/images/aerial_h/H_009_00201.JPG datasets/GS/road/images/aerial_h/H_009_00203.JPG 0 0 2493.977086 0.000000 802.115139 0.000000 2493.977086 535.496804 0.000000 0.000000 1.000000 2493.977086 0.000000 802.115139 0.000000 2493.977086 535.496804 0.000000 0.000000 1.000000 0.999899 0.010960 -0.009086 -0.089672 -0.010955 0.999940 0.000618 9.829935 0.009092 -0.000518 0.999959 -9.681105 0.000000 0.000000 0.000000 1.000000
datasets/GS/road/images/aerial_h/H_009_00202.JPG datasets/GS/road/images/aerial_h/H_009_00204.JPG 0 0 2493.977086 0.000000 802.115139 0.000000 2493.977086 535.496804 0.000000 0.000000 1.000000 2493.977086 0.000000 802.115139 0.000000 2493.977086 535.496804 0.000000 0.000000 1.000000 0.999995 0.001863 -0.002650 -0.342523 -0.001879 0.999980 -0.006001 9.275757 0.002639 0.006006 0.999978 -9.116420 0.000000 0.000000 0.000000 1.000000
datasets/GS/road/images/aerial_h/H_009_00203.JPG datasets/GS/road/images/aerial_h/H_009_00205.JPG 0 0 2493.977086 0.000000 802.115139 0.000000 2493.977086 535.496804 0.000000 0.000000 1.000000 2493.977086 0.000000 802.115139 0.000000 2493.977086 535.496804 0.000000 0.000000 1.000000 0.908066 0.290842 -0.301377 1.787162 -0.293043 0.955305 0.038956 6.166397 0.299237 0.052942 0.952709 -6.140953 0.000000 0.000000 0.000000 1.000000
datasets/GS/road/images/aerial_h/H_009_00204.JPG datasets/GS/road/images/aerial_h/H_009_00206.JPG 0 0 2493.977086 0.000000 802.115139 0.000000 2493.977086 535.496804 0.000000 0.000000 1.000000 2493.977086 0.000000 802.115139 0.000000 2493.977086 535.496804 0.000000 0.000000 1.000000 0.123329 0.694103 -0.709233 2.836100 -0.700536 0.567099 0.433184 6.290689 0.702880 0.443419 0.556183 -6.252257 0.000000 0.000000 0.000000 1.000000
datasets/GS/road/images/aerial_h/H_009_00205.JPG datasets/GS/road/images/aerial_h/H_009_00207.JPG 0 0 2493.977086 0.000000 802.115139 0.000000 2493.977086 535.496804 0.000000 0.000000 1.000000 2493.977086 0.000000 802.115139 0.000000 2493.977086 535.496804 0.000000 0.000000 1.000000 0.480571 0.612149 -0.627953 0.170568 -0.618252 0.744333 0.252453 8.051277 0.621945 0.266912 0.736168 -8.167997 0.000000 0.000000 0.000000 1.000000
datasets/GS/road/images/aerial_h/H_009_00206.JPG datasets/GS/road/images/aerial_h/H_009_00208.JPG 0 0 2493.977086 0.000000 802.115139 0.000000 2493.977086 535.496804 0.000000 0.000000 1.000000 2493.977086 0.000000 802.115139 0.000000 2493.977086 535.496804 0.000000 0.000000 1.000000 0.710935 0.491877 -0.502622 2.679640 -0.493991 0.857974 0.140905 5.617958 0.500544 0.148117 0.852946 -5.799134 0.000000 0.000000 0.000000 1.000000
datasets/GS/road/images/aerial_h/H_009_00207.JPG datasets/GS/road/images/aerial_h/H_009_00209.JPG 0 0 2493.977086 0.000000 802.115139 0.000000 2493.977086 535.496804 0.000000 0.000000 1.000000 2493.977086 0.000000 802.115139 0.000000 2493.977086 535.496804 0.000000 0.000000 1.000000 -0.008685 0.696912 -0.717104 2.869046 -0.709192 0.501276 0.495751 5.481046 0.704962 0.512870 0.489891 -5.676957 0.000000 0.000000 0.000000 1.000000
datasets/GS/road/images/aerial_h/H_009_00208.JPG datasets/GS/road/images/aerial_h/H_009_00210.JPG 0 0 2493.977086 0.000000 802.115139 0.000000 2493.977086 535.496804 0.000000 0.000000 1.000000 2493.977086 0.000000 802.115139 0.000000 2493.977086 535.496804 0.000000 0.000000 1.000000 0.602233 0.557292 -0.571612 -0.146299 -0.562249 0.804399 0.191879 8.075008 0.566737 0.205833 0.797773 -8.419494 0.000000 0.000000 0.000000 1.000000
datasets/GS/road/images/aerial_h/H_009_00209.JPG datasets/GS/road/images/aerial_h/H_009_00211.JPG 0 0 2493.977086 0.000000 802.115139 0.000000 2493.977086 535.496804 0.000000 0.000000 1.000000 2493.977086 0.000000 802.115139 0.000000 2493.977086 535.496804 0.000000 0.000000 1.000000 0.998734 0.035810 -0.035321 -0.679349 -0.035807 0.999358 0.000709 9.796114 0.035324 0.000556 0.999376 -10.189647 0.000000 0.000000 0.000000 1.000000
datasets/GS/road/images/aerial_h/H_009_00210.JPG datasets/GS/road/images/aerial_h/H_009_00212.JPG 0 0 2493.977086 0.000000 802.115139 0.000000 2493.977086 535.496804 0.000000 0.000000 1.000000 2493.977086 0.000000 802.115139 0.000000 2493.977086 535.496804 0.000000 0.000000 1.000000 0.999964 -0.005751 0.006165 -0.374061 0.005788 0.999965 -0.005975 10.537608 -0.006131 0.006010 0.999963 -10.865119 0.000000 0.000000 0.000000 1.000000
datasets/GS/road/images/aerial_h/H_009_00211.JPG datasets/GS/road/images/aerial_h/H_009_00213.JPG 0 0 2493.977086 0.000000 802.115139 0.000000 2493.977086 535.496804 0.000000 0.000000 1.000000 2493.977086 0.000000 802.115139 0.000000 2493.977086 535.496804 0.000000 0.000000 1.000000 0.999997 0.001217 -0.002047 -0.305801 -0.001234 0.999963 -0.008509 9.914810 0.002036 0.008512 0.999962 -10.178367 0.000000 0.000000 0.000000 1.000000
datasets/GS/road/images/aerial_h/H_009_00212.JPG datasets/GS/road/images/aerial_h/H_009_00214.JPG 0 0 2493.977086 0.000000 802.115139 0.000000 2493.977086 535.496804 0.000000 0.000000 1.000000 2493.977086 0.000000 802.115139 0.000000 2493.977086 535.496804 0.000000 0.000000 1.000000 0.999883 0.011049 -0.010597 -0.026814 -0.011116 0.999918 -0.006354 9.622095 0.010526 0.006471 0.999924 -9.845606 0.000000 0.000000 0.000000 1.000000
datasets/GS/road/images/aerial_h/H_009_00213.JPG datasets/GS/road/images/aerial_h/H_009_00215.JPG 0 0 2493.977086 0.000000 802.115139 0.000000 2493.977086 535.496804 0.000000 0.000000 1.000000 2493.977086 0.000000 802.115139 0.000000 2493.977086 535.496804 0.000000 0.000000 1.000000 0.999981 0.005207 -0.003255 0.176997 -0.005220 0.999978 -0.004022 9.968951 0.003234 0.004039 0.999987 -10.141394 0.000000 0.000000 0.000000 1.000000
datasets/GS/road/images/aerial_h/H_009_00214.JPG datasets/GS/road/images/aerial_h/H_009_00216.JPG 0 0 2493.977086 0.000000 802.115139 0.000000 2493.977086 535.496804 0.000000 0.000000 1.000000 2493.977086 0.000000 802.115139 0.000000 2493.977086 535.496804 0.000000 0.000000 1.000000 0.999931 -0.008442 0.008114 0.363235 0.008470 0.999958 -0.003381 10.126224 -0.008085 0.003449 0.999961 -10.213728 0.000000 0.000000 0.000000 1.000000
datasets/GS/road/images/aerial_h/H_009_00215.JPG datasets/GS/road/images/aerial_h/H_009_00217.JPG 0 0 2493.977086 0.000000 802.115139 0.000000 2493.977086 535.496804 0.000000 0.000000 1.000000 2493.977086 0.000000 802.115139 0.000000 2493.977086 535.496804 0.000000 0.000000 1.000000 0.999968 -0.006119 0.005134 0.283750 0.006137 0.999975 -0.003413 10.238447 -0.005113 0.003445 0.999981 -10.270792 0.000000 0.000000 0.000000 1.000000
datasets/GS/road/images/aerial_h/H_009_00216.JPG datasets/GS/road/images/aerial_h/H_009_00218.JPG 0 0 2493.977086 0.000000 802.115139 0.000000 2493.977086 535.496804 0.000000 0.000000 1.000000 2493.977086 0.000000 802.115139 0.000000 2493.977086 535.496804 0.000000 0.000000 1.000000 0.999991 0.003255 -0.002735 0.449081 -0.003260 0.999992 -0.002155 10.152431 0.002728 0.002164 0.999994 -10.174397 0.000000 0.000000 0.000000 1.000000
datasets/GS/road/images/aerial_h/H_009_00217.JPG datasets/GS/road/images/aerial_h/H_009_00219.JPG 0 0 2493.977086 0.000000 802.115139 0.000000 2493.977086 535.496804 0.000000 0.000000 1.000000 2493.977086 0.000000 802.115139 0.000000 2493.977086 535.496804 0.000000 0.000000 1.000000 0.999925 -0.008458 0.008818 0.380787 0.008477 0.999962 -0.002119 10.307968 -0.008800 0.002193 0.999959 -10.292103 0.000000 0.000000 0.000000 1.000000
datasets/GS/road/images/aerial_h/H_009_00218.JPG datasets/GS/road/images/aerial_h/H_009_00220.JPG 0 0 2493.977086 0.000000 802.115139 0.000000 2493.977086 535.496804 0.000000 0.000000 1.000000 2493.977086 0.000000 802.115139 0.000000 2493.977086 535.496804 0.000000 0.000000 1.000000 0.999839 -0.013716 0.011580 0.580746 0.013748 0.999902 -0.002772 10.120302 -0.011540 0.002931 0.999929 -10.079604 0.000000 0.000000 0.000000 1.000000
datasets/GS/road/images/aerial_h/H_009_00219.JPG datasets/GS/road/images/aerial_h/H_009_00221.JPG 0 0 2493.977086 0.000000 802.115139 0.000000 2493.977086 535.496804 0.000000 0.000000 1.000000 2493.977086 0.000000 802.115139 0.000000 2493.977086 535.496804 0.000000 0.000000 1.000000 0.999973 0.002905 -0.006809 0.416739 -0.002914 0.999995 -0.001270 9.545240 0.006806 0.001290 0.999976 -9.491984 0.000000 0.000000 0.000000 1.000000
datasets/GS/road/images/aerial_h/H_009_00220.JPG datasets/GS/road/images/aerial_h/H_009_00222.JPG 0 0 2493.977086 0.000000 802.115139 0.000000 2493.977086 535.496804 0.000000 0.000000 1.000000 2493.977086 0.000000 802.115139 0.000000 2493.977086 535.496804 0.000000 0.000000 1.000000 0.999925 0.007583 -0.009577 -0.026531 -0.007598 0.999970 -0.001545 9.825875 0.009565 0.001617 0.999953 -9.787737 0.000000 0.000000 0.000000 1.000000
datasets/GS/road/images/aerial_h/H_009_00221.JPG datasets/GS/road/images/aerial_h/H_009_00223.JPG 0 0 2493.977086 0.000000 802.115139 0.000000 2493.977086 535.496804 0.000000 0.000000 1.000000 2493.977086 0.000000 802.115139 0.000000 2493.977086 535.496804 0.000000 0.000000 1.000000 0.999980 0.005737 -0.002730 -0.202186 -0.005738 0.999983 -0.000427 10.264174 0.002728 0.000443 0.999996 -10.250822 0.000000 0.000000 0.000000 1.000000
datasets/GS/road/images/aerial_h/H_009_00222.JPG datasets/GS/road/images/aerial_h/H_009_00224.JPG 0 0 2493.977086 0.000000 802.115139 0.000000 2493.977086 535.496804 0.000000 0.000000 1.000000 2493.977086 0.000000 802.115139 0.000000 2493.977086 535.496804 0.000000 0.000000 1.000000 0.999914 0.010727 -0.007576 0.350790 -0.010726 0.999942 0.000192 10.305790 0.007578 -0.000110 0.999971 -10.295718 0.000000 0.000000 0.000000 1.000000
datasets/GS/road/images/aerial_h/H_009_00223.JPG datasets/GS/road/images/aerial_h/H_009_00225.JPG 0 0 2493.977086 0.000000 802.115139 0.000000 2493.977086 535.496804 0.000000 0.000000 1.000000 2493.977086 0.000000 802.115139 0.000000 2493.977086 535.496804 0.000000 0.000000 1.000000 0.999997 -0.002131 0.001381 0.299298 0.002133 0.999997 -0.001132 10.338200 -0.001379 0.001135 0.999998 -10.305646 0.000000 0.000000 0.000000 1.000000
datasets/GS/road/images/aerial_h/H_009_00224.JPG datasets/GS/road/images/aerial_h/H_009_00226.JPG 0 0 2493.977086 0.000000 802.115139 0.000000 2493.977086 535.496804 0.000000 0.000000 1.000000 2493.977086 0.000000 802.115139 0.000000 2493.977086 535.496804 0.000000 0.000000 1.000000 1.000000 0.000332 0.000421 0.431734 -0.000332 0.999999 -0.001204 10.341781 -0.000422 0.001204 0.999999 -10.294249 0.000000 0.000000 0.000000 1.000000
datasets/GS/road/images/aerial_h/H_009_00225.JPG datasets/GS/road/images/aerial_h/H_009_00227.JPG 0 0 2493.977086 0.000000 802.115139 0.000000 2493.977086 535.496804 0.000000 0.000000 1.000000 2493.977086 0.000000 802.115139 0.000000 2493.977086 535.496804 0.000000 0.000000 1.000000 0.999998 0.001898 -0.000471 0.161193 -0.001899 0.999998 -0.000855 10.239641 0.000470 0.000855 1.000000 -10.242981 0.000000 0.000000 0.000000 1.000000
datasets/GS/road/images/aerial_h/H_009_00226.JPG datasets/GS/road/images/aerial_h/H_009_00228.JPG 0 0 2493.977086 0.000000 802.115139 0.000000 2493.977086 535.496804 0.000000 0.000000 1.000000 2493.977086 0.000000 802.115139 0.000000 2493.977086 535.496804 0.000000 0.000000 1.000000 0.999985 -0.004511 0.003266 0.277055 0.004510 0.999990 0.000358 10.044063 -0.003268 -0.000343 0.999995 -9.991849 0.000000 0.000000 0.000000 1.000000
datasets/GS/road/images/aerial_h/H_009_00227.JPG datasets/GS/road/images/aerial_h/H_009_00229.JPG 0 0 2493.977086 0.000000 802.115139 0.000000 2493.977086 535.496804 0.000000 0.000000 1.000000 2493.977086 0.000000 802.115139 0.000000 2493.977086 535.496804 0.000000 0.000000 1.000000 0.999963 -0.006414 0.005805 0.086506 0.006422 0.999978 -0.001481 9.915491 -0.005795 0.001518 0.999982 -9.764337 0.000000 0.000000 0.000000 1.000000
datasets/GS/road/images/aerial_h/H_009_00228.JPG datasets/GS/road/images/aerial_h/H_009_00230.JPG 0 0 2493.977086 0.000000 802.115139 0.000000 2493.977086 535.496804 0.000000 0.000000 1.000000 2493.977086 0.000000 802.115139 0.000000 2493.977086 535.496804 0.000000 0.000000 1.000000 0.999930 -0.009219 0.007451 0.275583 0.009231 0.999956 -0.001627 10.045867 -0.007436 0.001696 0.999971 -9.916935 0.000000 0.000000 0.000000 1.000000
datasets/GS/road/images/aerial_h/H_009_00229.JPG datasets/GS/road/images/aerial_h/H_009_00231.JPG 0 0 2493.977086 0.000000 802.115139 0.000000 2493.977086 535.496804 0.000000 0.000000 1.000000 2493.977086 0.000000 802.115139 0.000000 2493.977086 535.496804 0.000000 0.000000 1.000000 0.999988 0.003115 -0.003789 0.058109 -0.003117 0.999995 -0.000288 10.212238 0.003788 0.000299 0.999993 -10.115279 0.000000 0.000000 0.000000 1.000000
datasets/GS/road/images/aerial_h/H_009_00230.JPG datasets/GS/road/images/aerial_h/H_009_00232.JPG 0 0 2493.977086 0.000000 802.115139 0.000000 2493.977086 535.496804 0.000000 0.000000 1.000000 2493.977086 0.000000 802.115139 0.000000 2493.977086 535.496804 0.000000 0.000000 1.000000 0.999994 -0.001390 0.003160 0.081933 0.001389 0.999999 0.000023 10.068438 -0.003160 -0.000018 0.999995 -9.969374 0.000000 0.000000 0.000000 1.000000
datasets/GS/road/images/aerial_h/H_009_00231.JPG datasets/GS/road/images/aerial_h/H_009_00233.JPG 0 0 2493.977086 0.000000 802.115139 0.000000 2493.977086 535.496804 0.000000 0.000000 1.000000 2493.977086 0.000000 802.115139 0.000000 2493.977086 535.496804 0.000000 0.000000 1.000000 1.000000 -0.000100 -0.000182 0.314980 0.000100 1.000000 0.000285 10.102890 0.000182 -0.000285 1.000000 -10.037175 0.000000 0.000000 0.000000 1.000000
datasets/GS/road/images/aerial_h/H_009_00232.JPG datasets/GS/road/images/aerial_h/H_009_00234.JPG 0 0 2493.977086 0.000000 802.115139 0.000000 2493.977086 535.496804 0.000000 0.000000 1.000000 2493.977086 0.000000 802.115139 0.000000 2493.977086 535.496804 0.000000 0.000000 1.000000 0.999997 0.000910 -0.002191 0.252734 -0.000910 1.000000 -0.000350 10.333109 0.002190 0.000352 0.999998 -10.230922 0.000000 0.000000 0.000000 1.000000
datasets/GS/road/images/aerial_h/H_009_00233.JPG datasets/GS/road/images/aerial_h/H_009_00235.JPG 0 0 2493.977086 0.000000 802.115139 0.000000 2493.977086 535.496804 0.000000 0.000000 1.000000 2493.977086 0.000000 802.115139 0.000000 2493.977086 535.496804 0.000000 0.000000 1.000000 1.000000 -0.000392 -0.000227 0.094925 0.000392 1.000000 0.000006 10.118642 0.000227 -0.000006 1.000000 -10.037078 0.000000 0.000000 0.000000 1.000000
datasets/GS/road/images/aerial_h/H_009_00234.JPG datasets/GS/road/images/aerial_h/H_009_00236.JPG 0 0 2493.977086 0.000000 802.115139 0.000000 2493.977086 535.496804 0.000000 0.000000 1.000000 2493.977086 0.000000 802.115139 0.000000 2493.977086 535.496804 0.000000 0.000000 1.000000 0.999999 -0.000883 0.000989 0.111937 0.000882 1.000000 0.000169 10.376482 -0.000989 -0.000168 1.000000 -10.268217 0.000000 0.000000 0.000000 1.000000
datasets/GS/road/images/aerial_h/H_009_00235.JPG datasets/GS/road/images/aerial_h/H_009_00237.JPG 0 0 2493.977086 0.000000 802.115139 0.000000 2493.977086 535.496804 0.000000 0.000000 1.000000 2493.977086 0.000000 802.115139 0.000000 2493.977086 535.496804 0.000000 0.000000 1.000000 0.999996 0.001891 -0.002226 0.175943 -0.001892 0.999998 -0.000359 10.624047 0.002225 0.000364 0.999997 -10.496650 0.000000 0.000000 0.000000 1.000000
datasets/GS/road/images/aerial_h/H_009_00236.JPG datasets/GS/road/images/aerial_h/H_009_00238.JPG 0 0 2493.977086 0.000000 802.115139 0.000000 2493.977086 535.496804 0.000000 0.000000 1.000000 2493.977086 0.000000 802.115139 0.000000 2493.977086 535.496804 0.000000 0.000000 1.000000 0.999977 0.004496 -0.005003 0.134975 -0.004498 0.999990 -0.000387 9.773279 0.005002 0.000409 0.999987 -9.668769 0.000000 0.000000 0.000000 1.000000
datasets/GS/road/images/aerial_h/H_009_00237.JPG datasets/GS/road/images/aerial_h/H_009_00239.JPG 0 0 2493.977086 0.000000 802.115139 0.000000 2493.977086 535.496804 0.000000 0.000000 1.000000 2493.977086 0.000000 802.115139 0.000000 2493.977086 535.496804 0.000000 0.000000 1.000000 0.999993 0.002719 -0.002436 0.145129 -0.002721 0.999996 -0.001033 10.103207 0.002434 0.001039 0.999997 -10.001041 0.000000 0.000000 0.000000 1.000000
datasets/GS/road/images/aerial_h/H_009_00238.JPG datasets/GS/road/images/aerial_h/H_009_00240.JPG 0 0 2493.977086 0.000000 802.115139 0.000000 2493.977086 535.496804 0.000000 0.000000 1.000000 2493.977086 0.000000 802.115139 0.000000 2493.977086 535.496804 0.000000 0.000000 1.000000 0.999998 0.001869 -0.000939 0.215324 -0.001870 0.999998 -0.000464 10.213523 0.000938 0.000466 0.999999 -10.094318 0.000000 0.000000 0.000000 1.000000
datasets/GS/road/images/aerial_h/H_009_00239.JPG datasets/GS/road/images/aerial_h/H_009_00241.JPG 0 0 2493.977086 0.000000 802.115139 0.000000 2493.977086 535.496804 0.000000 0.000000 1.000000 2493.977086 0.000000 802.115139 0.000000 2493.977086 535.496804 0.000000 0.000000 1.000000 1.000000 0.000207 0.000268 0.190412 -0.000207 1.000000 0.000676 9.572849 -0.000267 -0.000676 1.000000 -9.461453 0.000000 0.000000 0.000000 1.000000
datasets/GS/road/images/aerial_h/H_009_00240.JPG datasets/GS/road/images/aerial_h/H_009_00242.JPG 0 0 2493.977086 0.000000 802.115139 0.000000 2493.977086 535.496804 0.000000 0.000000 1.000000 2493.977086 0.000000 802.115139 0.000000 2493.977086 535.496804 0.000000 0.000000 1.000000 0.999993 -0.002291 0.002849 0.194276 0.002286 0.999996 0.001944 10.050129 -0.002853 -0.001938 0.999994 -9.963930 0.000000 0.000000 0.000000 1.000000
datasets/GS/road/images/aerial_h/H_009_00241.JPG datasets/GS/road/images/aerial_h/H_009_00243.JPG 0 0 2493.977086 0.000000 802.115139 0.000000 2493.977086 535.496804 0.000000 0.000000 1.000000 2493.977086 0.000000 802.115139 0.000000 2493.977086 535.496804 0.000000 0.000000 1.000000 1.000000 -0.000213 0.000705 0.165896 0.000213 1.000000 0.000165 10.319605 -0.000705 -0.000165 1.000000 -10.198800 0.000000 0.000000 0.000000 1.000000
datasets/GS/road/images/aerial_h/H_009_00242.JPG datasets/GS/road/images/aerial_h/H_009_00244.JPG 0 0 2493.977086 0.000000 802.115139 0.000000 2493.977086 535.496804 0.000000 0.000000 1.000000 2493.977086 0.000000 802.115139 0.000000 2493.977086 535.496804 0.000000 0.000000 1.000000 0.999985 0.004582 -0.002911 0.147562 -0.004585 0.999989 -0.001039 10.190203 0.002906 0.001052 0.999995 -10.156097 0.000000 0.000000 0.000000 1.000000
datasets/GS/road/images/aerial_h/H_009_00243.JPG datasets/GS/road/images/aerial_h/H_009_00245.JPG 0 0 2493.977086 0.000000 802.115139 0.000000 2493.977086 535.496804 0.000000 0.000000 1.000000 2493.977086 0.000000 802.115139 0.000000 2493.977086 535.496804 0.000000 0.000000 1.000000 0.999999 0.001165 0.000728 0.212876 -0.001165 0.999999 0.000710 10.240573 -0.000727 -0.000711 0.999999 -10.168652 0.000000 0.000000 0.000000 1.000000
datasets/GS/road/images/aerial_h/H_009_00244.JPG datasets/GS/road/images/aerial_h/H_009_00246.JPG 0 0 2493.977086 0.000000 802.115139 0.000000 2493.977086 535.496804 0.000000 0.000000 1.000000 2493.977086 0.000000 802.115139 0.000000 2493.977086 535.496804 0.000000 0.000000 1.000000 0.999946 -0.007252 0.007395 0.360467 0.007247 0.999973 0.000727 10.413260 -0.007400 -0.000673 0.999972 -10.248732 0.000000 0.000000 0.000000 1.000000
datasets/GS/road/images/aerial_h/H_009_00245.JPG datasets/GS/road/images/aerial_h/H_009_00247.JPG 0 0 2493.977086 0.000000 802.115139 0.000000 2493.977086 535.496804 0.000000 0.000000 1.000000 2493.977086 0.000000 802.115139 0.000000 2493.977086 535.496804 0.000000 0.000000 1.000000 0.999972 -0.005574 0.004989 0.383388 0.005571 0.999984 0.000618 9.966225 -0.004992 -0.000590 0.999987 -9.872707 0.000000 0.000000 0.000000 1.000000
datasets/GS/road/images/aerial_h/H_009_00246.JPG datasets/GS/road/images/aerial_h/H_009_00248.JPG 0 0 2493.977086 0.000000 802.115139 0.000000 2493.977086 535.496804 0.000000 0.000000 1.000000 2493.977086 0.000000 802.115139 0.000000 2493.977086 535.496804 0.000000 0.000000 1.000000 0.999712 0.017061 -0.016885 0.568763 -0.017144 0.999842 -0.004781 8.549170 0.016800 0.005069 0.999846 -8.495204 0.000000 0.000000 0.000000 1.000000
datasets/GS/road/images/aerial_h/H_009_00247.JPG datasets/GS/road/images/aerial_h/H_009_00249.JPG 0 0 2493.977086 0.000000 802.115139 0.000000 2493.977086 535.496804 0.000000 0.000000 1.000000 2493.977086 0.000000 802.115139 0.000000 2493.977086 535.496804 0.000000 0.000000 1.000000 -0.973635 0.157995 -0.164540 0.740230 -0.165185 0.009134 0.986220 8.252618 0.157320 0.987398 0.017205 -8.271482 0.000000 0.000000 0.000000 1.000000
datasets/GS/road/images/aerial_h/H_009_00248.JPG datasets/GS/road/images/aerial_h/H_009_00250.JPG 0 0 2493.977086 0.000000 802.115139 0.000000 2493.977086 535.496804 0.000000 0.000000 1.000000 2493.977086 0.000000 802.115139 0.000000 2493.977086 535.496804 0.000000 0.000000 1.000000 -0.969124 0.172056 -0.176623 -0.282818 -0.175769 0.020308 0.984222 12.693803 0.172928 0.984878 0.010561 -12.967772 0.000000 0.000000 0.000000 1.000000
datasets/GS/road/images/aerial_h/H_009_00249.JPG datasets/GS/road/images/aerial_h/H_009_00251.JPG 0 0 2493.977086 0.000000 802.115139 0.000000 2493.977086 535.496804 0.000000 0.000000 1.000000 2493.977086 0.000000 802.115139 0.000000 2493.977086 535.496804 0.000000 0.000000 1.000000 1.000000 -0.000347 0.000799 0.062442 0.000328 0.999728 0.023322 6.075813 -0.000807 -0.023322 0.999728 -4.245316 0.000000 0.000000 0.000000 1.000000
datasets/GS/road/images/aerial_h/H_009_00250.JPG datasets/GS/road/images/aerial_h/H_009_00252.JPG 0 0 2493.977086 0.000000 802.115139 0.000000 2493.977086 535.496804 0.000000 0.000000 1.000000 2493.977086 0.000000 802.115139 0.000000 2493.977086 535.496804 0.000000 0.000000 1.000000 0.999914 -0.009714 0.008770 0.040852 0.009568 0.999818 0.016531 15.471341 -0.008929 -0.016446 0.999825 -8.619592 0.000000 0.000000 0.000000 1.000000
datasets/GS/road/images/aerial_h/H_009_00251.JPG datasets/GS/road/images/aerial_h/H_009_00253.JPG 0 0 2493.977086 0.000000 802.115139 0.000000 2493.977086 535.496804 0.000000 0.000000 1.000000 2493.977086 0.000000 802.115139 0.000000 2493.977086 535.496804 0.000000 0.000000 1.000000 0.999805 -0.013843 0.014062 0.087095 0.013739 0.999878 0.007481 23.813586 -0.014164 -0.007286 0.999873 -12.151914 0.000000 0.000000 0.000000 1.000000
datasets/GS/road/images/aerial_h/H_009_00252.JPG datasets/GS/road/images/aerial_h/H_009_00254.JPG 0 0 2493.977086 0.000000 802.115139 0.000000 2493.977086 535.496804 0.000000 0.000000 1.000000 2493.977086 0.000000 802.115139 0.000000 2493.977086 535.496804 0.000000 0.000000 1.000000 0.999995 -0.002613 0.001772 0.865793 0.002625 0.999977 -0.006247 28.871373 -0.001756 0.006252 0.999979 -14.386726 0.000000 0.000000 0.000000 1.000000
datasets/GS/road/images/aerial_h/H_009_00253.JPG datasets/GS/road/images/aerial_h/H_009_00255.JPG 0 0 2493.977086 0.000000 802.115139 0.000000 2493.977086 535.496804 0.000000 0.000000 1.000000 2493.977086 0.000000 802.115139 0.000000 2493.977086 535.496804 0.000000 0.000000 1.000000 0.999978 0.002674 -0.006135 0.561497 -0.002786 0.999829 -0.018306 30.609247 0.006085 0.018322 0.999814 -14.102860 0.000000 0.000000 0.000000 1.000000
datasets/GS/road/images/aerial_h/H_009_00254.JPG datasets/GS/road/images/aerial_h/H_009_00256.JPG 0 0 2493.977086 0.000000 802.115139 0.000000 2493.977086 535.496804 0.000000 0.000000 1.000000 2493.977086 0.000000 802.115139 0.000000 2493.977086 535.496804 0.000000 0.000000 1.000000 0.999992 0.002053 -0.003380 0.422553 -0.002112 0.999845 -0.017453 30.169389 0.003344 0.017460 0.999842 -12.431246 0.000000 0.000000 0.000000 1.000000
datasets/GS/road/images/aerial_h/H_009_00255.JPG datasets/GS/road/images/aerial_h/H_009_00257.JPG 0 0 2493.977086 0.000000 802.115139 0.000000 2493.977086 535.496804 0.000000 0.000000 1.000000 2493.977086 0.000000 802.115139 0.000000 2493.977086 535.496804 0.000000 0.000000 1.000000 0.999968 -0.005553 0.005825 -0.055546 0.005650 0.999844 -0.016734 28.319523 -0.005731 0.016767 0.999843 -10.378601 0.000000 0.000000 0.000000 1.000000
datasets/GS/road/images/aerial_h/H_009_00256.JPG datasets/GS/road/images/aerial_h/H_009_00258.JPG 0 0 2493.977086 0.000000 802.115139 0.000000 2493.977086 535.496804 0.000000 0.000000 1.000000 2493.977086 0.000000 802.115139 0.000000 2493.977086 535.496804 0.000000 0.000000 1.000000 0.983441 0.125950 -0.130305 4.093457 -0.127937 0.991758 -0.006955 21.695555 0.128355 0.023510 0.991450 -9.738888 0.000000 0.000000 0.000000 1.000000
datasets/GS/road/images/aerial_h/H_009_00257.JPG datasets/GS/road/images/aerial_h/H_009_00259.JPG 0 0 2493.977086 0.000000 802.115139 0.000000 2493.977086 535.496804 0.000000 0.000000 1.000000 2493.977086 0.000000 802.115139 0.000000 2493.977086 535.496804 0.000000 0.000000 1.000000 0.972897 0.161203 -0.165788 2.246693 -0.162675 0.986668 0.004757 7.192730 0.164345 0.022342 0.986150 -6.859315 0.000000 0.000000 0.000000 1.000000
datasets/GS/road/images/aerial_h/H_009_00258.JPG datasets/GS/road/images/aerial_h/H_009_00260.JPG 0 0 2493.977086 0.000000 802.115139 0.000000 2493.977086 535.496804 0.000000 0.000000 1.000000 2493.977086 0.000000 802.115139 0.000000 2493.977086 535.496804 0.000000 0.000000 1.000000 0.999129 0.029189 -0.029817 0.297532 -0.028946 0.999545 0.008535 -1.820584 0.030052 -0.007665 0.999519 -3.609091 0.000000 0.000000 0.000000 1.000000
datasets/GS/road/images/aerial_h/H_009_00259.JPG datasets/GS/road/images/aerial_h/H_009_00261.JPG 0 0 2493.977086 0.000000 802.115139 0.000000 2493.977086 535.496804 0.000000 0.000000 1.000000 2493.977086 0.000000 802.115139 0.000000 2493.977086 535.496804 0.000000 0.000000 1.000000 0.999978 -0.004208 0.005037 0.010268 0.004117 0.999829 0.018039 3.528303 -0.005112 -0.018018 0.999825 -5.945820 0.000000 0.000000 0.000000 1.000000
datasets/GS/road/images/aerial_h/H_009_00260.JPG datasets/GS/road/images/aerial_h/H_009_00262.JPG 0 0 2493.977086 0.000000 802.115139 0.000000 2493.977086 535.496804 0.000000 0.000000 1.000000 2493.977086 0.000000 802.115139 0.000000 2493.977086 535.496804 0.000000 0.000000 1.000000 0.995845 -0.063112 0.065642 -0.690865 0.062832 0.998004 0.006323 8.379962 -0.065910 -0.002172 0.997823 -8.413280 0.000000 0.000000 0.000000 1.000000
datasets/GS/road/images/aerial_h/H_009_00261.JPG datasets/GS/road/images/aerial_h/H_009_00263.JPG 0 0 2493.977086 0.000000 802.115139 0.000000 2493.977086 535.496804 0.000000 0.000000 1.000000 2493.977086 0.000000 802.115139 0.000000 2493.977086 535.496804 0.000000 0.000000 1.000000 0.997162 -0.050192 0.056117 -0.390031 0.050310 0.998733 -0.000701 8.778645 -0.056011 0.003522 0.998424 -8.873652 0.000000 0.000000 0.000000 1.000000
datasets/GS/road/images/aerial_h/H_009_00262.JPG datasets/GS/road/images/aerial_h/H_009_00264.JPG 0 0 2493.977086 0.000000 802.115139 0.000000 2493.977086 535.496804 0.000000 0.000000 1.000000 2493.977086 0.000000 802.115139 0.000000 2493.977086 535.496804 0.000000 0.000000 1.000000 0.991406 0.088916 -0.095957 1.248813 -0.088746 0.996036 0.006047 9.043036 0.096115 0.002521 0.995367 -9.183589 0.000000 0.000000 0.000000 1.000000
datasets/GS/road/images/aerial_h/H_009_00263.JPG datasets/GS/road/images/aerial_h/H_009_00265.JPG 0 0 2493.977086 0.000000 802.115139 0.000000 2493.977086 535.496804 0.000000 0.000000 1.000000 2493.977086 0.000000 802.115139 0.000000 2493.977086 535.496804 0.000000 0.000000 1.000000 0.979426 0.138871 -0.146421 0.879381 -0.137676 0.990308 0.018312 11.102328 0.147545 0.002224 0.989053 -10.372032 0.000000 0.000000 0.000000 1.000000
datasets/GS/road/images/aerial_h/H_009_00264.JPG datasets/GS/road/images/aerial_h/H_009_00266.JPG 0 0 2493.977086 0.000000 802.115139 0.000000 2493.977086 535.496804 0.000000 0.000000 1.000000 2493.977086 0.000000 802.115139 0.000000 2493.977086 535.496804 0.000000 0.000000 1.000000 0.996751 0.057698 -0.056197 -0.052658 -0.057331 0.998322 0.008127 15.736726 0.056572 -0.004879 0.998387 -11.860843 0.000000 0.000000 0.000000 1.000000
datasets/GS/road/images/aerial_h/H_009_00265.JPG datasets/GS/road/images/aerial_h/H_009_00267.JPG 0 0 2493.977086 0.000000 802.115139 0.000000 2493.977086 535.496804 0.000000 0.000000 1.000000 2493.977086 0.000000 802.115139 0.000000 2493.977086 535.496804 0.000000 0.000000 1.000000 0.999632 0.020254 -0.018054 0.655558 -0.020271 0.999794 -0.000743 18.884653 0.018035 0.001109 0.999837 -12.884872 0.000000 0.000000 0.000000 1.000000
datasets/GS/road/images/aerial_h/H_009_00266.JPG datasets/GS/road/images/aerial_h/H_009_00268.JPG 0 0 2493.977086 0.000000 802.115139 0.000000 2493.977086 535.496804 0.000000 0.000000 1.000000 2493.977086 0.000000 802.115139 0.000000 2493.977086 535.496804 0.000000 0.000000 1.000000 0.999666 0.019998 -0.016366 0.821144 -0.020195 0.999724 -0.011971 18.818892 0.016122 0.012298 0.999794 -12.597682 0.000000 0.000000 0.000000 1.000000
datasets/GS/road/images/aerial_h/H_009_00267.JPG datasets/GS/road/images/aerial_h/H_009_00269.JPG 0 0 2493.977086 0.000000 802.115139 0.000000 2493.977086 535.496804 0.000000 0.000000 1.000000 2493.977086 0.000000 802.115139 0.000000 2493.977086 535.496804 0.000000 0.000000 1.000000 0.999998 0.001575 0.001562 0.859993 -0.001544 0.999810 -0.019450 16.178035 -0.001592 0.019447 0.999810 -10.216663 0.000000 0.000000 0.000000 1.000000
datasets/GS/road/images/aerial_h/H_009_00268.JPG datasets/GS/road/images/aerial_h/H_009_00270.JPG 0 0 2493.977086 0.000000 802.115139 0.000000 2493.977086 535.496804 0.000000 0.000000 1.000000 2493.977086 0.000000 802.115139 0.000000 2493.977086 535.496804 0.000000 0.000000 1.000000 1.000000 -0.000004 0.000929 1.198652 0.000015 0.999940 -0.011000 12.215398 -0.000929 0.011000 0.999939 -8.328787 0.000000 0.000000 0.000000 1.000000
datasets/GS/road/images/aerial_h/H_009_00269.JPG datasets/GS/road/images/aerial_h/H_009_00271.JPG 0 0 2493.977086 0.000000 802.115139 0.000000 2493.977086 535.496804 0.000000 0.000000 1.000000 2493.977086 0.000000 802.115139 0.000000 2493.977086 535.496804 0.000000 0.000000 1.000000 0.969516 -0.170844 0.175646 -1.340712 0.171139 0.985153 0.013581 9.713430 -0.175359 0.016893 0.984360 -8.363284 0.000000 0.000000 0.000000 1.000000
datasets/GS/road/images/aerial_h/H_009_00270.JPG datasets/GS/road/images/aerial_h/H_009_00272.JPG 0 0 2493.977086 0.000000 802.115139 0.000000 2493.977086 535.496804 0.000000 0.000000 1.000000 2493.977086 0.000000 802.115139 0.000000 2493.977086 535.496804 0.000000 0.000000 1.000000 0.947411 -0.226023 0.226553 -0.642779 0.225981 0.973772 0.026472 8.553286 -0.226594 0.026116 0.973639 -8.452669 0.000000 0.000000 0.000000 1.000000
datasets/GS/road/images/aerial_h/H_009_00271.JPG datasets/GS/road/images/aerial_h/H_009_00273.JPG 0 0 2493.977086 0.000000 802.115139 0.000000 2493.977086 535.496804 0.000000 0.000000 1.000000 2493.977086 0.000000 802.115139 0.000000 2493.977086 535.496804 0.000000 0.000000 1.000000 0.997529 -0.051745 0.047513 0.353409 0.051062 0.998575 0.015484 6.136614 -0.048247 -0.013020 0.998751 -6.208761 0.000000 0.000000 0.000000 1.000000
datasets/GS/road/images/aerial_h/H_009_00272.JPG datasets/GS/road/images/aerial_h/H_009_00274.JPG 0 0 2493.977086 0.000000 802.115139 0.000000 2493.977086 535.496804 0.000000 0.000000 1.000000 2493.977086 0.000000 802.115139 0.000000 2493.977086 535.496804 0.000000 0.000000 1.000000 0.992537 -0.084988 0.087446 -0.530429 0.083345 0.996272 0.022282 6.438491 -0.089014 -0.014828 0.995920 -6.487997 0.000000 0.000000 0.000000 1.000000
datasets/GS/road/images/aerial_h/H_009_00273.JPG datasets/GS/road/images/aerial_h/H_009_00275.JPG 0 0 2493.977086 0.000000 802.115139 0.000000 2493.977086 535.496804 0.000000 0.000000 1.000000 2493.977086 0.000000 802.115139 0.000000 2493.977086 535.496804 0.000000 0.000000 1.000000 0.997320 0.045750 -0.057101 1.569037 -0.045385 0.998940 0.007676 8.982378 0.057392 -0.005064 0.998339 -9.100318 0.000000 0.000000 0.000000 1.000000
datasets/GS/road/images/aerial_h/H_009_00274.JPG datasets/GS/road/images/aerial_h/H_009_00276.JPG 0 0 2493.977086 0.000000 802.115139 0.000000 2493.977086 535.496804 0.000000 0.000000 1.000000 2493.977086 0.000000 802.115139 0.000000 2493.977086 535.496804 0.000000 0.000000 1.000000 0.996269 0.054702 -0.066746 -1.281413 -0.054941 0.998488 -0.001748 9.951280 0.066550 0.005409 0.997768 -10.047579 0.000000 0.000000 0.000000 1.000000
datasets/GS/road/images/aerial_h/H_009_00275.JPG datasets/GS/road/images/aerial_h/H_009_00277.JPG 0 0 2493.977086 0.000000 802.115139 0.000000 2493.977086 535.496804 0.000000 0.000000 1.000000 2493.977086 0.000000 802.115139 0.000000 2493.977086 535.496804 0.000000 0.000000 1.000000 0.986556 -0.107414 0.123161 -2.101601 0.107454 0.994190 0.006331 9.959601 -0.123126 0.006988 0.992366 -10.163326 0.000000 0.000000 0.000000 1.000000
datasets/GS/road/images/aerial_h/H_009_00276.JPG datasets/GS/road/images/aerial_h/H_009_00278.JPG 0 0 2493.977086 0.000000 802.115139 0.000000 2493.977086 535.496804 0.000000 0.000000 1.000000 2493.977086 0.000000 802.115139 0.000000 2493.977086 535.496804 0.000000 0.000000 1.000000 0.139546 -0.677367 0.722289 -9.899730 0.688661 0.590523 0.420747 4.053345 -0.711529 0.438699 0.548881 -3.759798 0.000000 0.000000 0.000000 1.000000
datasets/GS/road/images/aerial_h/H_009_00277.JPG datasets/GS/road/images/aerial_h/H_009_00279.JPG 0 0 2493.977086 0.000000 802.115139 0.000000 2493.977086 535.496804 0.000000 0.000000 1.000000 2493.977086 0.000000 802.115139 0.000000 2493.977086 535.496804 0.000000 0.000000 1.000000 -0.824066 -0.378968 0.421068 -6.047946 0.406362 0.122429 0.905473 2.182262 -0.394696 0.917276 0.053108 -2.044404 0.000000 0.000000 0.000000 1.000000
datasets/GS/road/images/aerial_h/H_009_00278.JPG datasets/GS/road/images/aerial_h/H_009_00280.JPG 0 0 2493.977086 0.000000 802.115139 0.000000 2493.977086 535.496804 0.000000 0.000000 1.000000 2493.977086 0.000000 802.115139 0.000000 2493.977086 535.496804 0.000000 0.000000 1.000000 0.059240 -0.687556 0.723710 -1.358006 0.708491 0.539686 0.454731 5.013512 -0.703229 0.485804 0.519099 -5.146720 0.000000 0.000000 0.000000 1.000000
datasets/GS/road/images/aerial_h/H_009_00279.JPG datasets/GS/road/images/aerial_h/H_009_00281.JPG 0 0 2493.977086 0.000000 802.115139 0.000000 2493.977086 535.496804 0.000000 0.000000 1.000000 2493.977086 0.000000 802.115139 0.000000 2493.977086 535.496804 0.000000 0.000000 1.000000 0.924424 -0.273938 0.265326 1.096905 0.276789 0.960541 0.027359 6.114209 -0.262351 0.048148 0.963771 -6.345503 0.000000 0.000000 0.000000 1.000000
datasets/GS/road/images/aerial_h/H_009_00280.JPG datasets/GS/road/images/aerial_h/H_009_00282.JPG 0 0 2493.977086 0.000000 802.115139 0.000000 2493.977086 535.496804 0.000000 0.000000 1.000000 2493.977086 0.000000 802.115139 0.000000 2493.977086 535.496804 0.000000 0.000000 1.000000 0.997560 -0.058363 0.038311 0.558543 0.058753 0.998231 -0.009131 7.784244 -0.037710 0.011359 0.999224 -7.968062 0.000000 0.000000 0.000000 1.000000
datasets/GS/road/images/aerial_h/H_009_00281.JPG datasets/GS/road/images/aerial_h/H_009_00283.JPG 0 0 2493.977086 0.000000 802.115139 0.000000 2493.977086 535.496804 0.000000 0.000000 1.000000 2493.977086 0.000000 802.115139 0.000000 2493.977086 535.496804 0.000000 0.000000 1.000000 0.998142 -0.045513 0.040512 -0.311834 0.046021 0.998872 -0.011701 8.690217 -0.039934 0.013544 0.999111 -8.770126 0.000000 0.000000 0.000000 1.000000
datasets/GS/road/images/aerial_h/H_009_00282.JPG datasets/GS/road/images/aerial_h/H_009_00284.JPG 0 0 2493.977086 0.000000 802.115139 0.000000 2493.977086 535.496804 0.000000 0.000000 1.000000 2493.977086 0.000000 802.115139 0.000000 2493.977086 535.496804 0.000000 0.000000 1.000000 0.999247 -0.028477 0.026372 -0.201917 0.028736 0.999542 -0.009490 7.844433 -0.026089 0.010240 0.999607 -10.302272 0.000000 0.000000 0.000000 1.000000
datasets/GS/road/images/aerial_h/H_009_00283.JPG datasets/GS/road/images/aerial_h/H_009_00285.JPG 0 0 2493.977086 0.000000 802.115139 0.000000 2493.977086 535.496804 0.000000 0.000000 1.000000 2493.977086 0.000000 802.115139 0.000000 2493.977086 535.496804 0.000000 0.000000 1.000000 0.999993 -0.002985 0.002240 -0.477012 0.003003 0.999965 -0.007770 6.459501 -0.002217 0.007776 0.999967 -11.971391 0.000000 0.000000 0.000000 1.000000
datasets/GS/road/images/aerial_h/H_009_00284.JPG datasets/GS/road/images/aerial_h/H_009_00286.JPG 0 0 2493.977086 0.000000 802.115139 0.000000 2493.977086 535.496804 0.000000 0.000000 1.000000 2493.977086 0.000000 802.115139 0.000000 2493.977086 535.496804 0.000000 0.000000 1.000000 0.999996 0.002311 -0.001286 -0.355995 -0.002322 0.999963 -0.008232 5.746575 0.001267 0.008235 0.999965 -11.920973 0.000000 0.000000 0.000000 1.000000
datasets/GS/road/images/aerial_h/H_009_00285.JPG datasets/GS/road/images/aerial_h/H_009_00287.JPG 0 0 2493.977086 0.000000 802.115139 0.000000 2493.977086 535.496804 0.000000 0.000000 1.000000 2493.977086 0.000000 802.115139 0.000000 2493.977086 535.496804 0.000000 0.000000 1.000000 0.999999 -0.000667 0.000937 0.184421 0.000672 0.999984 -0.005645 5.188262 -0.000934 0.005646 0.999984 -10.983962 0.000000 0.000000 0.000000 1.000000
datasets/GS/road/images/aerial_h/H_009_00286.JPG datasets/GS/road/images/aerial_h/H_009_00288.JPG 0 0 2493.977086 0.000000 802.115139 0.000000 2493.977086 535.496804 0.000000 0.000000 1.000000 2493.977086 0.000000 802.115139 0.000000 2493.977086 535.496804 0.000000 0.000000 1.000000 0.999413 0.021608 -0.026586 0.827133 -0.021593 0.999766 0.000861 5.085678 0.026598 -0.000287 0.999646 -10.574073 0.000000 0.000000 0.000000 1.000000
datasets/GS/road/images/aerial_h/H_009_00287.JPG datasets/GS/road/images/aerial_h/H_009_00289.JPG 0 0 2493.977086 0.000000 802.115139 0.000000 2493.977086 535.496804 0.000000 0.000000 1.000000 2493.977086 0.000000 802.115139 0.000000 2493.977086 535.496804 0.000000 0.000000 1.000000 0.999695 0.016220 -0.018615 0.345653 -0.016147 0.999861 0.004101 5.303479 0.018679 -0.003800 0.999818 -11.785085 0.000000 0.000000 0.000000 1.000000
datasets/GS/road/images/aerial_h/H_009_00288.JPG datasets/GS/road/images/aerial_h/H_009_00290.JPG 0 0 2493.977086 0.000000 802.115139 0.000000 2493.977086 535.496804 0.000000 0.000000 1.000000 2493.977086 0.000000 802.115139 0.000000 2493.977086 535.496804 0.000000 0.000000 1.000000 0.999554 -0.020330 0.021865 0.180876 0.020241 0.999786 0.004294 8.175422 -0.021947 -0.003850 0.999752 -11.069552 0.000000 0.000000 0.000000 1.000000
datasets/GS/road/images/aerial_h/H_009_00289.JPG datasets/GS/road/images/aerial_h/H_009_00291.JPG 0 0 2493.977086 0.000000 802.115139 0.000000 2493.977086 535.496804 0.000000 0.000000 1.000000 2493.977086 0.000000 802.115139 0.000000 2493.977086 535.496804 0.000000 0.000000 1.000000 0.999637 -0.020055 0.017999 0.231153 0.019941 0.999780 0.006437 13.375035 -0.018124 -0.006076 0.999817 -9.230623 0.000000 0.000000 0.000000 1.000000
datasets/GS/road/images/aerial_h/H_009_00290.JPG datasets/GS/road/images/aerial_h/H_009_00292.JPG 0 0 2493.977086 0.000000 802.115139 0.000000 2493.977086 535.496804 0.000000 0.000000 1.000000 2493.977086 0.000000 802.115139 0.000000 2493.977086 535.496804 0.000000 0.000000 1.000000 0.999716 0.016475 -0.017237 0.516368 -0.016462 0.999864 0.000908 16.289899 0.017250 -0.000624 0.999851 -9.263844 0.000000 0.000000 0.000000 1.000000
datasets/GS/road/images/aerial_h/H_009_00291.JPG datasets/GS/road/images/aerial_h/H_009_00293.JPG 0 0 2493.977086 0.000000 802.115139 0.000000 2493.977086 535.496804 0.000000 0.000000 1.000000 2493.977086 0.000000 802.115139 0.000000 2493.977086 535.496804 0.000000 0.000000 1.000000 0.999987 0.004444 -0.002684 0.616579 -0.004462 0.999968 -0.006591 16.599193 0.002654 0.006603 0.999975 -9.129149 0.000000 0.000000 0.000000 1.000000
datasets/GS/road/images/aerial_h/H_009_00292.JPG datasets/GS/road/images/aerial_h/H_009_00294.JPG 0 0 2493.977086 0.000000 802.115139 0.000000 2493.977086 535.496804 0.000000 0.000000 1.000000 2493.977086 0.000000 802.115139 0.000000 2493.977086 535.496804 0.000000 0.000000 1.000000 0.999414 -0.023419 0.024971 0.754367 0.023671 0.999671 -0.009879 15.111429 -0.024731 0.010465 0.999639 -7.273862 0.000000 0.000000 0.000000 1.000000
datasets/GS/road/images/aerial_h/H_009_00293.JPG datasets/GS/road/images/aerial_h/H_009_00295.JPG 0 0 2493.977086 0.000000 802.115139 0.000000 2493.977086 535.496804 0.000000 0.000000 1.000000 2493.977086 0.000000 802.115139 0.000000 2493.977086 535.496804 0.000000 0.000000 1.000000 0.999990 -0.003625 0.002703 0.495678 0.003649 0.999954 -0.008895 12.847245 -0.002671 0.008905 0.999957 -4.401988 0.000000 0.000000 0.000000 1.000000
datasets/GS/road/images/aerial_h/H_009_00294.JPG datasets/GS/road/images/aerial_h/H_009_00296.JPG 0 0 2493.977086 0.000000 802.115139 0.000000 2493.977086 535.496804 0.000000 0.000000 1.000000 2493.977086 0.000000 802.115139 0.000000 2493.977086 535.496804 0.000000 0.000000 1.000000 0.999991 0.001204 -0.004180 -0.186000 -0.001223 0.999989 -0.004453 10.592798 0.004175 0.004458 0.999981 -1.814760 0.000000 0.000000 0.000000 1.000000
datasets/GS/road/images/aerial_h/H_009_00295.JPG datasets/GS/road/images/aerial_h/H_009_00297.JPG 0 0 2493.977086 0.000000 802.115139 0.000000 2493.977086 535.496804 0.000000 0.000000 1.000000 2493.977086 0.000000 802.115139 0.000000 2493.977086 535.496804 0.000000 0.000000 1.000000 0.999954 0.006014 -0.007483 -0.592432 -0.005995 0.999979 0.002548 9.187839 0.007498 -0.002503 0.999969 -0.303804 0.000000 0.000000 0.000000 1.000000
datasets/GS/road/images/aerial_h/H_009_00296.JPG datasets/GS/road/images/aerial_h/H_009_00298.JPG 0 0 2493.977086 0.000000 802.115139 0.000000 2493.977086 535.496804 0.000000 0.000000 1.000000 2493.977086 0.000000 802.115139 0.000000 2493.977086 535.496804 0.000000 0.000000 1.000000 0.999765 0.016103 -0.014527 -0.289855 -0.016082 0.999869 0.001617 7.272752 0.014551 -0.001383 0.999893 -0.886248 0.000000 0.000000 0.000000 1.000000
datasets/GS/road/images/aerial_h/H_009_00297.JPG datasets/GS/road/images/aerial_h/H_009_00299.JPG 0 0 2493.977086 0.000000 802.115139 0.000000 2493.977086 535.496804 0.000000 0.000000 1.000000 2493.977086 0.000000 802.115139 0.000000 2493.977086 535.496804 0.000000 0.000000 1.000000 0.566915 0.581757 -0.583238 1.705650 -0.582718 0.783650 0.215250 2.046744 0.582278 0.217835 0.783263 -0.168106 0.000000 0.000000 0.000000 1.000000
datasets/GS/road/images/aerial_h/H_009_00298.JPG datasets/GS/road/images/aerial_h/H_009_00300.JPG 0 0 2493.977086 0.000000 802.115139 0.000000 2493.977086 535.496804 0.000000 0.000000 1.000000 2493.977086 0.000000 802.115139 0.000000 2493.977086 535.496804 0.000000 0.000000 1.000000 -0.110930 0.705507 -0.699968 -0.396901 -0.703132 0.442036 0.556964 0.174900 0.702353 0.553954 0.447030 -0.271308 0.000000 0.000000 0.000000 1.000000
datasets/GS/road/images/aerial_h/H_009_00299.JPG datasets/GS/road/images/aerial_h/H_009_00301.JPG 0 0 2493.977086 0.000000 802.115139 0.000000 2493.977086 535.496804 0.000000 0.000000 1.000000 2493.977086 0.000000 802.115139 0.000000 2493.977086 535.496804 0.000000 0.000000 1.000000 0.214151 0.691929 -0.689474 -0.049347 -0.692711 0.605233 0.392231 -0.135207 0.688688 0.393609 0.608918 -1.223086 0.000000 0.000000 0.000000 1.000000
datasets/GS/road/images/aerial_h/H_009_00300.JPG datasets/GS/road/images/aerial_h/H_009_00302.JPG 0 0 2493.977086 0.000000 802.115139 0.000000 2493.977086 535.496804 0.000000 0.000000 1.000000 2493.977086 0.000000 802.115139 0.000000 2493.977086 535.496804 0.000000 0.000000 1.000000 0.352985 0.655985 -0.667147 1.672571 -0.652844 0.683463 0.326610 2.238802 0.670222 0.320254 0.669507 -6.179372 0.000000 0.000000 0.000000 1.000000
datasets/GS/road/images/aerial_h/H_009_00301.JPG datasets/GS/road/images/aerial_h/H_009_00303.JPG 0 0 2493.977086 0.000000 802.115139 0.000000 2493.977086 535.496804 0.000000 0.000000 1.000000 2493.977086 0.000000 802.115139 0.000000 2493.977086 535.496804 0.000000 0.000000 1.000000 0.523869 0.591653 -0.612787 4.875092 -0.593853 0.769426 0.235207 4.583052 0.610655 0.240687 0.754433 -11.537260 0.000000 0.000000 0.000000 1.000000
datasets/GS/road/images/aerial_h/H_009_00302.JPG datasets/GS/road/images/aerial_h/H_009_00304.JPG 0 0 2493.977086 0.000000 802.115139 0.000000 2493.977086 535.496804 0.000000 0.000000 1.000000 2493.977086 0.000000 802.115139 0.000000 2493.977086 535.496804 0.000000 0.000000 1.000000 0.952118 0.211348 -0.220915 0.629113 -0.214905 0.976601 0.008093 5.677132 0.217456 0.039770 0.975260 -12.196950 0.000000 0.000000 0.000000 1.000000
datasets/GS/road/images/aerial_h/H_009_00303.JPG datasets/GS/road/images/aerial_h/H_009_00305.JPG 0 0 2493.977086 0.000000 802.115139 0.000000 2493.977086 535.496804 0.000000 0.000000 1.000000 2493.977086 0.000000 802.115139 0.000000 2493.977086 535.496804 0.000000 0.000000 1.000000 0.991425 -0.088705 0.095959 0.374211 0.089455 0.995985 -0.003535 4.024675 -0.095260 0.012089 0.995379 -10.297018 0.000000 0.000000 0.000000 1.000000
datasets/GS/road/images/aerial_h/H_009_00304.JPG datasets/GS/road/images/aerial_h/H_009_00306.JPG 0 0 2493.977086 0.000000 802.115139 0.000000 2493.977086 535.496804 0.000000 0.000000 1.000000 2493.977086 0.000000 802.115139 0.000000 2493.977086 535.496804 0.000000 0.000000 1.000000 0.997721 -0.044602 0.050628 -0.708608 0.044864 0.998985 -0.004050 1.694934 -0.050396 0.006312 0.998709 -11.933257 0.000000 0.000000 0.000000 1.000000
datasets/GS/road/images/aerial_h/H_009_00305.JPG datasets/GS/road/images/aerial_h/H_009_00307.JPG 0 0 2493.977086 0.000000 802.115139 0.000000 2493.977086 535.496804 0.000000 0.000000 1.000000 2493.977086 0.000000 802.115139 0.000000 2493.977086 535.496804 0.000000 0.000000 1.000000 0.998516 0.039716 -0.037259 -0.041551 -0.039939 0.999188 -0.005265 -1.439441 0.037020 0.006746 0.999292 -15.322084 0.000000 0.000000 0.000000 1.000000
datasets/GS/road/images/aerial_h/H_009_00306.JPG datasets/GS/road/images/aerial_h/H_009_00308.JPG 0 0 2493.977086 0.000000 802.115139 0.000000 2493.977086 535.496804 0.000000 0.000000 1.000000 2493.977086 0.000000 802.115139 0.000000 2493.977086 535.496804 0.000000 0.000000 1.000000 0.998652 0.036188 -0.037220 -0.356237 -0.036371 0.999329 -0.004253 -5.030439 0.037041 0.005602 0.999298 -18.307674 0.000000 0.000000 0.000000 1.000000
datasets/GS/road/images/aerial_h/H_009_00307.JPG datasets/GS/road/images/aerial_h/H_009_00309.JPG 0 0 2493.977086 0.000000 802.115139 0.000000 2493.977086 535.496804 0.000000 0.000000 1.000000 2493.977086 0.000000 802.115139 0.000000 2493.977086 535.496804 0.000000 0.000000 1.000000 0.997740 -0.046972 0.048042 -0.423531 0.047148 0.998885 -0.002531 -6.518103 -0.047870 0.004790 0.998842 -19.174242 0.000000 0.000000 0.000000 1.000000
datasets/GS/road/images/aerial_h/H_009_00308.JPG datasets/GS/road/images/aerial_h/H_009_00310.JPG 0 0 2493.977086 0.000000 802.115139 0.000000 2493.977086 535.496804 0.000000 0.000000 1.000000 2493.977086 0.000000 802.115139 0.000000 2493.977086 535.496804 0.000000 0.000000 1.000000 0.999998 0.002019 0.000651 -0.743921 -0.002023 0.999983 0.005409 -5.030457 -0.000640 -0.005410 0.999985 -18.601673 0.000000 0.000000 0.000000 1.000000
datasets/GS/road/images/aerial_h/H_009_00309.JPG datasets/GS/road/images/aerial_h/H_009_00311.JPG 0 0 2493.977086 0.000000 802.115139 0.000000 2493.977086 535.496804 0.000000 0.000000 1.000000 2493.977086 0.000000 802.115139 0.000000 2493.977086 535.496804 0.000000 0.000000 1.000000 0.999998 0.001935 0.001059 -0.528982 -0.001945 0.999953 0.009482 -1.323668 -0.001041 -0.009484 0.999955 -18.921370 0.000000 0.000000 0.000000 1.000000
datasets/GS/road/images/aerial_h/H_009_00310.JPG datasets/GS/road/images/aerial_h/H_009_00312.JPG 0 0 2493.977086 0.000000 802.115139 0.000000 2493.977086 535.496804 0.000000 0.000000 1.000000 2493.977086 0.000000 802.115139 0.000000 2493.977086 535.496804 0.000000 0.000000 1.000000 0.994574 -0.069683 0.077244 -1.846225 0.069685 0.997565 0.002672 1.442954 -0.077242 0.002725 0.997009 -19.731964 0.000000 0.000000 0.000000 1.000000
