# 3D point list with one line of data per point:
#   POINT3D_ID, X, Y, Z, R, G, B, ERROR, TRACK[] as (IMAGE_ID, POINT2D_IDX)
# Number of points: 1160, mean track length: 7.0862068965517242
2 11.078252278733544 -4.3985508517344982 22.857648575008717 205 174 180 1.5248070738260053 4 1895 36 22 3 1690 5 85 6 19
3 9.9081909626396651 -4.4604212802916079 23.252746179720866 61 53 64 0.062892820020440082 4 2853 36 26
4 6.9469070003959015 -1.4614960514767232 23.943994896771709 236 224 198 1.0353468443164164 4 2967 36 454 3 2691 2 2710 1 2517
5 7.3648808386870668 -1.5152882689150473 24.775609456266466 185 177 161 0.33361093189450441 4 2976 36 456 3 2702 2 2720 1 2527 8 270
6 7.9852245688658838 -1.5026618579833069 24.665828184458846 214 206 195 1.7739194021832716 36 459 3 2710 2 2732 1 2535 7 307 8 282 9 249 10 228 11 252 6 2260
7 6.9946782547776154 -1.5206146179606053 24.890161926028945 233 222 200 0.62928469506421891 4 2968 36 469 3 2696 5 1935 9 232 11 235 10 210 12 231 13 236
8 6.8834460819472465 -1.4972129716391775 24.929559312875487 68 68 69 1.1479912436281965 4 2973 36 481 3 2701 2 2722 1 2529 5 2980 7 288 8 265 6 2252 9 237 10 211 11 239 13 240
9 7.7841900720219037 -1.1884741827314735 24.695364525114087 155 148 165 0.74550097672389726 4 3014 36 557 3 2725 1 2553 5 3012 7 2517 8 317 6 2302
10 7.7876722891246075 -1.1874727364318884 24.707801691604104 155 148 165 0.73473157869358008 4 3015 36 558 3 2726 1 2554 8 318 9 283
11 7.9041345121760269 -1.1284001590954491 24.611882310345084 167 162 173 0.54262319990982799 4 3021 36 575 3 2735 2 2752 1 2558 5 3021 7 2529 8 2328 6 2318 9 2698 10 2998 11 3136 12 303 13 302
12 7.6770327970596748 -1.0731974605663082 24.798844460166229 92 73 81 0.58481354680102371 4 3027 36 603 2 2756 1 2560 8 338 7 372 6 2330 9 2705 10 3005 13 2611
13 7.738430353537419 -1.0092969361617168 24.775026033758323 201 183 183 0.54920759423619359 4 3030 36 621 3 2745 2 2759 1 2566 5 1994 7 388 8 355 6 353 9 319 10 313 11 325 12 332 13 334
14 7.7385914530405184 -1.0070362474614944 24.788715890446667 201 183 183 0.27035585040283627 4 3031 36 622 3 2744 2 2760 1 2567 12 331 13 335
15 7.2376259608202815 -0.76994225310782027 24.850810852551461 171 158 157 1.1465150675276399 4 3754 36 673 3 3495 8 2390 7 2598 6 2373 9 2757
16 7.2369849109293813 -0.77015150874011651 24.851106492939067 171 158 157 0.95837474732888261 4 3755 36 674 3 3496 5 3050 7 2599 8 2391 6 2372 9 2758 10 3054
17 7.7846390903116749 -0.5411343190860648 24.797990738684451 235 225 223 0.39872252485772192 4 3088 36 743 5 3092 1 2613 2 2797 7 2639 8 2423 6 2405 2 3403 9 402 10 409 11 430 12 2947 13 408
18 7.7954917062864819 -0.16839635562243346 24.858231092160512 226 204 196 0.31136490752881157 4 3131 36 838 3 2827 2 2022 1 1870 5 478 8 489 7 525 6 461 9 449
19 7.8811406265542097 -0.1437168977600102 24.747062567243876 197 174 171 0.27533155608253612 4 3133 36 852 2 2832 3 3569 1 2640 1 3204 5 2102 7 530 8 2471 6 2459 9 455 12 3001 13 468
20 7.2953173746874969 -0.1534129219696877 25.094516373371807 97 69 69 0.29576631226528821 4 3129 36 857 3 2829 2 2829 1 2639 5 3130 7 2703 8 485 9 447 10 475 12 460 13 463
21 7.8428942630533358 -0.10436261464691794 24.849814374398807 113 79 75 0.23391589593266682 4 3142 36 865 12 484
22 7.3647921642832967 -0.057515198597148549 24.904420799093295 88 60 48 0.42182065359594517 4 3153 36 888 3 2843 2 2839 1 2650 5 3154 7 546 8 2484 6 473 9 467 10 505 11 523 12 488 13 484
23 6.9590707367096654 0.076080574539316437 25.089972274411341 92 73 71 0.94709554723728617 4 3173 36 927 3 2854 5 3170 9 496 8 531 10 539 12 3031 13 505
24 7.7338896100622261 0.16469086993875284 24.90458518742491 107 93 89 0.34167508271089381 4 3191 36 943 5 3184
25 7.6178055717111874 0.20062403299115153 24.940359909278005 90 78 76 0.29797343338462573 4 3196 36 955 3 2007 2 2053 1 1909 12 533
26 7.7674844694056802 0.20639322181317318 24.925856606445297 210 183 181 0.24485567135307079 4 2230 36 956 3 2867 2 2862 1 2672 5 2150 7 597 8 563
27 7.6799497105372465 0.25361558697703201 24.931323712870025 108 91 77 0.30570839269448152 4 3876 36 976 3 3607 2 3471 1 3241 5 3201 9 2922 10 3218 11 583 12 3061 13 2789
28 7.8511103868029899 0.32519112684872303 24.855308628561371 143 131 151 0.32346260493575196 4 3219 36 993 3 2889 2 2876 1 2682 7 2817
29 7.3476318545447219 0.48575038473999638 24.973825418209142 186 168 164 0.52274873356548723 4 3919 36 1050 3 3638 2 3486 1 3265 12 3115 10 3261 11 3400 9 4483 13 2848
30 11.038371998576874 0.5792599609111081 23.914417156982658 82 80 101 0.77316645844801712 4 3278 36 1072 5 2213
31 10.796378349791638 0.56797745074175698 22.822522670196872 196 194 213 1.1645147456104008 4 2306 36 1080
32 7.4163856738096268 0.67410857905748467 25.041673747330425 196 173 170 0.31652099023978958 4 3288 36 1114 3 2957 2 2918 1 2720 5 3278
33 7.4163856738096268 0.67410857905748467 25.041673747330425 196 173 170 0.31652099023978958 4 3287 36 1115 3 2956 2 2917 1 2719 5 3277
34 6.5886341853216868 1.249083784551789 24.183591723628528 245 237 224 0.56101870795107756 4 3379 36 1430 2 2198 3 3060
35 8.3758132735856012 1.3125145612936755 23.498528578300835 255 237 227 0.56441043469821872 4 3383 36 1470 3 3070
36 8.2605963840201646 1.3211094167354585 23.572556626715901 254 250 234 0.93388410601055227 4 3387 36 1478 3 3073 2 3006 1 2812 8 876 6 828 7 937 9 3202 10 3529 11 1018 12 888 13 845
37 8.0557945938453059 1.4278825119579308 23.456463938057205 148 127 117 0.78775577277020992 4 3442 36 1555 5 2459
38 8.353348948594876 1.4345617463181661 23.630213798642874 141 116 106 0.67660724137177974 4 3432 36 1556 3 3132 5 2449 7 3168 8 2836 6 2940 9 3244 11 3700 12 3399
39 8.3422640554176262 1.4288916518892321 23.572261229215588 141 116 106 0.52393612995054339 4 3431 36 1557 3 3131 2 3023 1 2845 10 3573
40 8.137305918656244 1.4400161421478648 23.488511406397325 231 203 189 0.64143179460968525 4 2523 36 1568 5 1111 1 1134
41 8.2745248931239281 1.4548041879133657 23.619232740302543 147 122 111 1.3512929708749151 4 2511 36 1569 5 2462 3 3146 7 3178 8 2850 6 2950 2 3646 3 3839 4 4106 10 5062 8 4219 11 3709 13 3169
42 8.416384510464491 1.4544656073616715 23.587004296834472 116 100 95 1.0482228353194143 4 3443 36 1573 3 3151 2 3032 1 2851 7 1023 6 2954 9 929 11 1098 10 1054 13 907
43 9.1949548015223286 1.5935542110222813 21.852390591679978 202 178 170 0.33873981831517075 4 3521 36 1705 8 1062 9 1093
44 7.4727027690172925 -1.6405894494105733 24.769379778539165 249 250 252 0.25729698240092458 4 3696 36 3102 2 3846 1 3590 5 2976 6 2244
46 7.0069737414435957 -1.1951873962631356 24.982672021185692 132 131 136 0.65494396930272458 4 4265 36 3172 3 3472 2 3342 1 3127 5 3797 7 4366 8 3851 6 4041 9 4348 10 4714 11 4942 12 4570 13 2592
47 7.548965436281744 -1.0882373041912983 24.783398349798897 84 75 87 0.60932352592779204 4 3025 36 3191 3 3488 2 3358 8 328 7 365 6 2322 9 2699 10 278 11 298 12 2872 13 2607
48 7.6156999162070314 -1.0844285575508621 24.818106453743052 91 78 89 0.55619918221771181 4 3733 36 3192 3 3489 2 3359 1 3616 5 3807 7 4376 8 2333 6 2327 9 2701 10 3003 11 3139 13 2610 12 2875
49 7.782448822457094 -1.0348012313412951 24.74342061687997 90 76 76 0.62509527921491137 4 3738 36 3204 3 4052 2 3360 1 3618 5 3813 7 4383 8 3867 6 4067 9 4363 10 4727 11 4954 12 4579 13 4353
50 7.6659466231625757 -1.0249470830356315 24.800930495076646 222 196 192 0.49237320635324244 4 3739 36 3214 3 3490 2 3361 1 3142 5 3814 7 4382 8 2350 6 4066 9 2717 12 2883
51 7.4954205904151099 -1.0127304503076129 24.918204273993872 79 68 89 0.46439863134318315 4 4272 36 3220 6 4068
52 7.517422280866275 -0.95756038761882689 24.92839541888517 207 185 193 0.43083446029866673 4 3034 36 3233 3 2748 2 2761 1 2569 5 3035 7 2567 6 2347 11 332 9 325 12 338 13 340
54 7.3632001828876579 -0.87096404266703209 24.934155515626887 221 195 193 0.49430023073376883 4 3747 36 3245 3 3494 2 3366 1 3150 5 3822 6 4079 11 3179 12 2897
55 7.3632001828876579 -0.87096404266703209 24.934155515626887 221 195 193 0.49430023073376883 4 3748 36 3246 3 3493 2 3365 1 3149 5 3821 6 4078 11 3180 12 2896
56 7.446496789886683 -0.86578267372730533 24.925979170272406 219 194 185 0.23151848101103137 4 3750 36 3247
57 7.4497444308303926 -0.86787276909838151 24.924125535295129 219 194 185 0.39595071733140286 4 3749 36 3248 2 3368 3 2752 4 3038 5 3042 7 2583 8 2370 6 2359 9 2740 10 328 12 2900 13 352
58 7.2793961666674116 -0.72614572512807218 24.968436179449657 95 71 70 0.15318809801299757 4 3053 36 3277 5 3060
59 7.2793961666674116 -0.72614572512807218 24.968436179449657 95 71 70 0.15318809801299757 4 3054 36 3278 5 3059
60 7.3834544958937887 -0.68745899146941791 24.954230631882474 209 182 174 0.2939432244587839 4 3768 36 3286 3 3511 5 3835 6 4094 10 4749 9 4382 11 4977 12 4602 13 4366
61 7.6653490583222696 -0.6561740620040335 24.82679584721193 210 188 191 0.41161815639964189 4 3771 36 3288 3 3516 2 3390 1 3169 5 3838 7 4408 8 3892 6 4099 9 2778 10 3072 11 3212 12 2930 13 2670
62 7.354986461082123 -0.64436037452828243 24.960357991256885 95 66 60 0.8907467852709573 4 3067 36 3295 3 2777 2 2785 1 2596 6 407 8 2412 9 384 10 383 11 405 12 2929 13 2669
63 7.8097306698097206 -0.57933150368558983 24.723471032224321 88 80 84 0.58271645903307634 4 3777 36 3299 2 3393 6 4110
64 7.838389578831281 -0.51948432095303743 24.728308262204148 213 197 203 0.47360313830956174 4 3791 36 3313 3 3536 2 3406 5 3097 10 3096 8 2425 9 2796 7 2640 11 3229 12 2951 13 417
65 7.839448142765379 -0.51893817136695186 24.731902399619969 213 197 203 0.46885483567863678 4 3790 36 3314 3 3535 2 3407 7 2641 9 2797 8 2426 10 3097 11 3230 12 2952 13 418
66 7.6803890159615191 -0.46442784324702213 24.857418077899347 167 157 156 0.49278831738560636 4 3804 36 3327 3 2800 2 2810 1 2618 11 3241 7 2655 9 2803 10 3110 6 4119 8 2438 12 2958 13 2696
67 7.6819714401117514 -0.46455558389509249 24.866067517035923 167 157 156 0.49093411069823845 4 3803 36 3328 3 2799 2 2809 1 2617 5 3105 7 2654 8 2437 9 2802 10 3109 11 3240 12 2957 13 2695
68 7.4977184495521545 -0.46117929024264115 24.955220796663944 75 60 69 0.56243945348423841 4 3802 36 3329 3 3546 2 3414 11 3238 10 3108 12 4619
69 7.7942508399640644 -0.26379033335765939 24.826309928228493 225 201 197 0.3097405848650488 4 3818 36 3358 3 3554 2 3420 1 3191 5 3876 9 2824 7 2674 8 2458 10 3133 11 3263 12 2982 13 439
70 7.8613134170370413 -0.2457955366752379 24.798013747125513 211 193 178 0.39984992257750224 4 3822 36 3361 3 3558 2 3421 1 3195 5 3881 9 2832 8 2464 11 3267 12 2986 13 2715
71 7.8591004365349546 -0.24596454710652138 24.791397947202565 211 193 178 0.36338072809746835 4 3821 36 3362 3 3559 2 3422 5 3880 7 2682 11 3268
72 7.7835681581964584 -0.21367336418874663 24.841226427488905 107 73 69 0.22941268808231557 4 3827 36 3372 3 3562 5 3888 7 2686 6 2444 9 2837 10 3141 11 3279 12 2988
73 7.7835681581964584 -0.21367336418874663 24.841226427488905 107 73 69 0.22941268808231557 4 3828 36 3373 3 3561 5 3887 7 2687 6 2443 9 2836 10 3140 11 3278 12 2987
74 7.2975743425222026 -0.20358427039298113 25.079325572653065 151 133 139 0.4220393643506718 4 4313 36 3375 3 4088 2 3908 1 3654 5 4464 7 4450 8 3927 6 4140 9 4405 10 4788 11 5026 12 4632 13 4413
75 7.4563280422182663 -0.069663243576631728 25.020991309136594 89 71 67 0.37573419646051287 4 3844 36 3411 3 3577 2 3442
76 7.852719640088794 -0.053723803626326776 24.78269839797014 219 192 188 0.41126961835876968 4 3855 36 3412 3 4098 2 3451 1 3219 5 3906 7 4482 8 3949 6 4165 9 2875 10 3172 11 3312 12 3012 13 2745
77 7.2267824026006249 -0.064914712218540643 25.027593499926464 86 66 66 0.36920665600318231 4 3843 36 3413 3 3576 1 3214 7 2726 8 2482 6 2466 9 2869 12 3009 10 500 11 517 13 2741
78 6.9519922600201776 0.12517361930243301 25.016109990630746 187 186 183 0.40853924980479234 4 3186 36 3440 3 2859 2 2855 5 3181 1 2663
79 7.6682757626617661 0.30475817194378463 24.906832809726261 191 183 179 0.23028699130121172 4 3886 36 3461 2 3473 3 3612 1 3244 5 3945 13 2798 12 3070
80 7.3204557440977132 0.43390354708320999 25.039057851797114 104 83 82 0.46750882402382171 4 4340 36 3487 3 4117 2 3937 1 3683 5 3973 7 4554 8 4017 9 2958 10 3247 11 3395 12 4698 13 4487
81 7.3790499611520497 0.43420372376754812 25.012404255211134 98 83 82 0.83015686108213094 4 3905 36 3488 3 3629 1 3259 5 3231 12 3104 13 2831
82 7.2906918648244883 0.57953345143351487 25.088583871431556 186 165 162 0.87496088076021516 4 3928 36 3525 3 3650 2 2904 1 2709 1 3279 5 3995 7 4576 8 4033 9 4493 10 3281 11 3427 13 2865
83 10.894955886455193 0.60618257157527944 23.724607960875286 214 212 229 0.7280283859957738 4 3284 3 2958 2 2923 1 2725 7 707 8 664 6 2667 9 636 10 684 11 707
84 7.3525962924594443 0.68048668428199344 24.987346814580068 199 176 173 0.64862688488581011 4 3950 36 3548 3 3672 2 3510 1 3297 5 3280 10 3302 11 3445 12 4727 13 2889
85 7.8428216551399865 0.7193409265042372 24.813876297987999 188 178 173 0.48058520605280441 4 3958 36 3555 3 4141 2 3520 1 3305 5 4018 7 4603 8 2635 6 4268 9 3026 10 3311 11 5127 12 3163
86 7.6166962217810923 0.72276735344978338 24.983703821374927 119 92 92 0.55121484654092534 4 4367 36 3559 3 4140 2 3950 5 4026 8 4064 13 4535
87 7.584347424944605 0.8356909891132962 25.02152055461822 131 96 82 0.71195697435400362 4 3310 36 3590 3 2983 2 2939 1 2741 5 3308 7 2947 6 2704 10 725
88 7.8655837992830397 0.90863181006981708 24.880850732255677 100 84 81 0.57773682223315381 4 3990 36 3626 3 3705 7 4633 8 4088 6 2724 10 4929 11 3490 9 3066
89 7.5596733754956187 0.92929908672070549 25.045791877972825 122 97 82 0.52984860043823423 4 3995 36 3630 2 3550 1 3332 5 4068 7 4637 6 4307 9 4539
90 7.5596733754956187 0.92929908672070549 25.045791877972825 122 97 82 0.52984860043823423 4 3996 36 3631 2 3551 1 3333 5 4069 7 4638 6 4308 9 4540
91 7.630985136937821 1.0417846254729988 24.97665599195458 125 100 89 0.68954845331484571 4 4395 36 3680 3 3727 1 3726 7 4661 8 4103 6 4336 9 3107 11 3533
92 7.6629296547778338 1.0937515525055403 24.920079488288508 233 208 195 0.83460442410753732 4 4404 36 3692 3 4184 2 3989 1 3358 5 4557 8 4111 7 4668 6 4341 9 4561 10 4957 11 5184 12 4786
93 8.8730886242175231 1.1332739452257503 23.418299455231907 254 232 211 0.87115324201385735 4 4032 36 3723 2 2987 1 2784 5 3363 10 3465 8 2736 9 3146 7 3041 11 3591 12 800 13 3048
94 7.8617222293058697 1.2102803953206132 24.855783418652269 201 180 163 0.53790082380208593 4 4040 36 3736 2 3593 1 3374 10 3467
95 8.9163652435806089 1.1795062165272063 23.41198945037533 103 97 95 0.63542322582077071 4 4041 36 3738 3 3764 12 3306
96 7.02819009985528 1.2774200559179318 25.061149877796289 211 201 198 0.31863610087556038 4 4433 36 3777 3 4201 2 4002 1 3744
97 8.4924870229401446 1.2750333753582235 23.549308513756198 127 109 90 0.51168022501018051 4 4056 36 3786 3 3786 2 3601 1 3392 5 3399 9 3187 12 3340 13 3101
98 8.491464678312818 1.2736410846656894 23.545355631399769 127 109 90 0.44823731263876593 4 4055 36 3787 3 3787 2 3602 1 3393 9 3186 12 3341 13 3102
99 8.5707568831985554 1.2776711877351008 23.500752595177875 134 112 92 0.81836380842266754 4 4057 36 3788 3 3788 2 3603 1 3394 5 3400 7 3101 8 2775 6 2876 10 3514 12 3342 13 3103
100 8.7313128119267311 1.2779652721828618 23.464362972868084 122 99 79 0.43775653445649687 4 4058 36 3791 2 3604 3 3790 1 3396 5 4147 9 3190 11 3650 12 3343
101 8.3317274157740719 1.3021656580541252 23.575080170244043 254 246 220 0.67570941716640742 4 4064 36 3796 3 4211 2 3606 1 3399 5 4154 8 2786 7 3114 6 2890 9 3194 10 3521 11 3654 12 3349 13 3114
102 8.7042389804112972 1.3160746043598546 23.522632728145378 254 240 226 0.55600100647251771 4 4068 36 3804 2 4017 1 3759 5 4160 7 4748 6 2892 8 2793 9 3205 10 3530 11 3659 12 4845 13 3122
103 8.7759060036331284 1.3163351637064711 23.457118386879536 255 237 220 0.58554513477831449 4 4070 36 3805 3 4218 2 3617 1 3409 5 4166 8 2796 7 3125 6 2899 9 3208 10 3532 11 3661 12 3360 13 3124
104 8.7776068163841821 1.3165280330007185 23.463465184915492 255 237 220 0.58226789795182277 4 4071 36 3806 2 3618 1 3408 5 4167 7 3126 8 2797 6 2898 9 3207 10 3533 11 3662 12 3359 13 3125
105 8.403656236911246 1.362842179415259 23.558652675752406 138 104 101 0.7220047049867262 4 4084 36 3823 3 3807 2 3623 1 3410 5 4175 7 3134 8 2809 6 4438 9 3220 10 3544 12 3371 13 3130
106 8.648845827117567 1.3645049886421305 23.480771686822791 131 105 88 0.6376536280807672 4 4087 36 3824 3 3813 2 3627 1 3413 5 4178 6 2910 7 3142 8 2812 9 3221 10 3547 11 3678 12 3375 13 3136
107 8.4897609373946743 1.3651089233485667 23.546775186983997 130 102 95 0.65961659368903469 4 4085 36 3826 3 3808 2 3624 1 3411 5 4176 7 3140 8 2810 6 2908 9 4633 10 3545 11 3674 12 3372 13 3131
108 8.7337927045781889 1.3661183534872237 23.469400362774763 128 100 93 0.73027433577721201 4 4089 36 3828 3 3814 2 3628 1 3414 9 3225 7 3144 8 2813 6 4443 10 3548 11 3679 12 3380 13 3137
109 8.8219877861663978 1.3700772158557537 23.463186979469974 118 85 77 0.65438929244952959 4 4090 36 3829 3 3815 2 3629 1 3415 5 4180 7 4769 8 2817 6 4450 9 4639 10 5032 11 5272 12 3381 13 4678
110 8.0586384299597906 1.3763137279702538 23.384502176269383 254 242 220 1.1191936784854333 4 3416 36 3835 2 2249 1 2074 5 2437 7 974 11 1053 10 993 12 3388 13 3145
111 11.962819666680673 1.2926150990064553 21.68751237252631 103 77 85 1.4714387782284202 4 3428 36 3849 2 3046 1 2111 3 2259 9 928
112 7.5925221787124544 1.5948339680166397 24.953073157814227 207 189 177 0.76676126651460874 4 4121 36 3907 3 4258 2 3675 1 3450 6 4523
113 7.5980550459988576 1.6033883948617134 24.976769890059192 207 189 177 1.2260880719470171 4 4122 36 3908 3 4259 2 3676 1 3451 6 4524 7 3217 8 2888 9 3279 10 3607 11 3744
114 9.4130259533666312 1.49570673600647 21.832911796631311 246 204 189 0.73879517633521519 4 4134 36 3935 3 3892 2 3690 1 3466 5 4229 7 4867 8 2915 6 3020 9 3307 10 3652 11 3803 12 3459 13 3215
115 7.4879055425725198 -0.72722433158120803 24.911117141554719 79 69 73 0.62428585426197936 4 4281 36 5205 3 4062 2 3879 1 3629 7 4403 8 3888 9 4381 11 4976
116 7.4527353528453792 -0.68387738389893482 24.946524738385435 208 178 175 0.37167952219103179 4 3770 36 5208 3 3512 2 3386 1 3167 5 3836 7 4405 8 3889 6 4095 9 4383 10 4752 11 4981 12 2926 13 2667
117 7.6754427954727129 -0.18452326427925445 24.899868208506167 194 175 173 0.30767084008606599 4 4315 36 5266 3 4091 2 3910 1 3657 5 3891 7 4453 8 3928 6 4142 9 4409 10 4797 11 5033 12 4640 13 4421
118 7.6139338889329293 -0.18258869041966752 25.005123150700513 71 71 68 0.63178346072450398 4 4640 36 5270 3 4432 12 5826 10 5930 11 6219 7 5721 9 5453 8 5689 6 5913 13 6137
119 7.6744993222623279 0.19976233997179474 24.93545426289943 224 207 191 0.22655916085892952 4 4328 36 5296 3 4108 2 3926 1 3672 5 3932 9 2919 10 4838 11 3355 12 4681 13 4456
120 7.106131026395647 0.32389922667010052 25.027711877115077 90 85 85 0.48765632988728702 4 4333 36 5307 3 4112 2 3930 1 3678 5 4498 10 4850 12 5861
121 11.702501963000984 0.60433999980517705 24.754209247987141 178 175 198 0.84778313790116455 4 3946 36 5334 3 4132 2 3516 1 3300 5 4011 6 4259
122 7.6725680113037376 0.68930760733125696 24.920035589534677 237 212 206 0.37122992632455792 4 4362 36 5358 3 4135 2 3947 1 3696 5 4521 7 5771 8 4060 6 5356 9 4513 13 4531
123 7.9133008147650274 0.7234629999707417 24.775132943300854 84 72 66 0.59337872044773754 4 4686 36 5364 3 4469 2 4269 1 3975 5 4866 7 6421 6 5948 9 6097 11 6886 12 5889
124 7.6768011940466634 0.89851693921781373 24.921529647230258 216 181 173 0.55811944510919276 4 4384 36 5385 3 4160 2 3966 1 3711 5 4059 7 4631 8 4087 6 4301 9 4536 10 4927 11 5156
125 7.6768011940466634 0.89851693921781373 24.921529647230258 216 181 173 0.55811944510919276 4 4385 36 5386 3 4159 2 3967 1 3712 5 4060 7 4632 8 4086 6 4302 9 4535 10 4928 11 5155
126 7.4834578458835743 0.92928988728835438 25.050231307367646 109 82 73 0.37242991104792728 4 4387 36 5395 8 4094 6 4305 2 3969 1 3714 3 4164
127 7.4840227291118611 0.92983404084903176 25.055097436951687 109 82 73 0.43071327074107679 4 4388 36 5396 3 4165 2 3970 1 3715 5 4067 6 4306 8 4093
128 7.6017033235269613 0.98643463604472614 25.037328100509264 206 185 174 0.5044184857387044 4 4392 36 5416 3 4170 2 3979 1 3723 5 4549 7 5804 6 5383
129 7.0308981175355951 1.0872364347788013 25.078168294104948 196 177 168 1.2984770921755322 4 4401 36 5447 3 4182 2 3986 1 3732 5 4098 10 4955 12 4781 13 4596
130 8.7343552773150801 1.1886519540020088 23.483878503754983 112 92 85 0.81307069314866776 4 4417 36 5459 3 4197 2 3996 1 3738 5 4132 8 4136 6 4378 10 4982 11 5207
131 8.8209170886688231 1.274220979576812 23.431075445357347 105 89 66 0.54229420980417975 4 4438 36 5482 3 4206 2 4012 1 3754 5 4151 6 4410 8 2781 10 3520 12 4830 11 5243 13 4640
132 8.8212814202350369 1.2747656570945332 23.432720274682321 105 89 66 0.5242484428337908 4 4437 36 5483 3 4205 2 4011 1 3753 5 4150 7 3105 8 2780 6 4411 9 3191 10 3519 11 5242 12 4829 13 4639
133 8.5288553114634134 1.307703685430728 23.524230073042862 253 237 214 0.64568416128318851 4 4446 36 5497 3 4213 2 4014 1 3755 5 4157 6 4420 10 3523 9 3200 7 3119 8 2792 11 3656 12 3355 13 3119
134 8.4338483503173887 1.2773083719819898 22.831325539981318 253 237 214 1.0275673258639237 4 4069 36 5498 3 4216 2 4016 1 3758 5 4159 7 4749 8 2794 9 3206 10 3531 11 3660 12 4844 13 3123
135 9.280588325445013 1.5038925314609641 21.862896258514269 253 232 196 0.6023663210278164 4 4500 36 5573 3 4269 2 4062 1 3807 5 4231 7 4866 8 4289 6 4552 9 4714 10 5136 11 5357
136 9.2920060403755418 1.5544063576514742 21.830593463137795 128 96 86 0.70465620979559196 4 4506 36 5581 3 4280 2 4077 1 3813 5 4241 7 4893 8 4314 6 4580 12 4979
137 7.3711664368723486 -0.18212799086868905 25.028263010957755 80 71 75 0.50461674413594604 4 4639 36 6404 3 4429 2 4243 1 3945 9 5452 7 5719 8 5013 10 5927 11 6218 12 5825 13 5533
138 7.7295499563739769 -0.11235002492291327 24.838139295397742 78 73 70 0.74934401439687015 4 4646 36 6410 5 4814 8 5014 7 5726 12 5828 10 5932
139 7.0216022899313666 0.42490732330295433 25.18615977430543 82 79 78 0.29082099932781935 4 4676 36 6475 3 4458 1 3682
140 11.65626420722656 1.292554084834205 21.733580559461458 251 243 240 1.4844006377382271 4 4464 36 6609 3 4240 2 4040 1 3778 5 4183 7 4795 8 4209 6 4480 9 4651 10 5053 11 5287 12 4893 13 4700
141 11.75601603323339 1.3308533189016207 21.694700564479685 254 240 218 1.6382412784748723 4 4473 36 6617 2 4046 1 3784 6 2969 7 4812 9 3267 10 5081 11 5310 12 4911 13 4710
142 7.7070512726665772 -0.56193616559869386 24.866724136686326 78 68 73 0.43822628614300796 4 4807 36 7106 3 4623 2 4392 1 4095 5 4997 7 6378 8 5672 9 6042 10 6547 11 6829 12 6434 13 6130
143 7.6715199869799848 -0.36223743463737984 24.697624862083075 79 63 74 1.0519291563084199 4 4931 36 7113 3 4625 2 4394 5 4999 6 6279 10 6554 11 6834 9 6049
144 7.2942010573224918 0.19978965200047563 24.802345666292723 78 75 76 1.1997159856841182 4 4827 36 7139 3 4641 1 4109 5 4837 9 6066 10 6579 11 6858 12 6465 13 6157
145 7.7139364335493559 0.38737720651108498 24.956428099338588 93 77 85 0.3448405011816621 4 4837 36 7151
146 7.5966472563769649 1.0781605921669772 25.037162391220566 109 97 92 0.6779883024848814 4 4858 36 7192 3 4667 2 4424 1 4132 5 5020 7 6435 8 5752
147 7.0668582004877178 1.1807879118370443 25.074837295262849 117 104 96 0.46148889948963134 4 4863 36 7201 3 4668 2 4425 1 4134 5 5026
148 7.0623900693092638 1.1837656245170942 25.06222054597929 117 104 96 0.87586515178591084 4 4864 36 7202 3 4669 2 4426 1 4133 5 5025 12 6507 11 6910
149 8.6051255635639841 1.2305770647405017 23.500900557853697 124 113 122 0.68341467004760059 4 4869 36 7206 3 4673 2 4434 1 4139 5 5030 7 6442 8 5759 6 5969 9 6124 10 6624 11 6915 12 6512 13 6217
150 7.7091543276270995 0.79445830620573354 24.770722577837329 114 103 115 0.61567944033997446 4 4941 36 7532 3 4742 1 4207 7 6771 8 6066 6 6303 9 6445 10 6947 11 7234 12 6901
151 7.1956795539281 0.9797431179940107 25.115426423055393 99 87 83 1.0272842686627779 4 4943 36 7534 3 4747 2 4495 1 4208 5 5018 13 6575
152 7.54260413704508 -0.80431102684791622 24.863276004715072 74 71 77 0.67537504629591572 4 4982 36 7767 3 4780 2 4537 1 4246 5 5089 7 7012 8 6299 6 6555 9 6677 10 7166 11 7478 12 7130 13 6795
153 7.5577759042742949 0.59853043189773902 25.115876358595788 96 85 83 1.3381617308600307 4 4995 36 7793 3 4789 1 4253 5 5097 1 4206
154 6.98521151302851 -1.5226578932864347 24.812338184130841 224 213 189 1.3751405864265909 4 5048 36 7923 3 4820 2 4601 1 4307 5 5180 7 7290 8 6598 6 6862 9 6952 10 7455 11 7751 12 7413 13 7085
155 6.98521151302851 -1.5226578932864347 24.812338184130841 224 213 189 1.3751405864265909 4 5047 36 7924 3 4821 2 4600 1 4306 5 5179 7 7289 8 6597 6 6863 9 6951 10 7454 11 7750 12 7412 13 7086
156 7.3279963136624184 -0.073531323023651438 24.991054852915358 98 66 57 0.66332981686395143 4 5023 36 7933 3 4833 2 4576 1 4278 5 5194 7 7180 8 6612 9 6966 10 7474 12 7297 13 6991
157 7.4812035634635379 0.15567576027727326 24.810742595781129 89 82 82 0.75982277280211086 4 5025 36 7937 3 4835 2 4546 1 4281 5 5145
158 7.6995672437381222 0.51837825694253292 24.936047235371003 89 79 79 0.74714000776436773 4 5027 36 7940 3 4837 2 4580 1 4284 5 5196
159 7.4846450236012103 -1.5860840450457605 24.826346203795254 254 254 251 0.5950756258754446 4 5046 36 8034 3 4857 2 4599 1 4305 5 5178 7 7292 8 6596 6 6861 9 6950 10 7453 11 7749 12 7410 13 7083
160 7.4635895382925366 -0.25569030250168384 24.816212205025082 81 75 87 0.91422137252667912 4 5019 36 8047 5 5190 1 4276 8 6608 7 7306 9 6962 10 7470 11 7761 12 7421 13 7097
161 7.1787675391451096 0.14804301351973287 24.946510482776379 83 77 80 1.0399035339049421 4 5057 36 8051 3 4864 2 4606 1 4317 5 5222 8 6614 9 6967 10 7476 11 7763 12 7425 13 7098
169 9.9296892829549925 -4.3326270638769904 23.106056713547243 248 217 157 1.8885475798948999 1 6 4 1889 5 77
170 9.9179575455490134 -4.298594447426626 23.083064715993466 154 116 61 1.1374583731776904 1 8 4 1896 5 86 3 1692
171 9.7770261030992458 -3.5704280230981662 22.695818125156212 35 50 124 0.66629995054883462 1 1692 5 111 2 1822
172 10.555538014098829 -3.0500405543956255 22.5495723021833 142 179 240 0.79313728563101993 1 1704 3 92 5 135 2 81
174 14.329482632456827 -0.83469949495738427 21.555245019412979 105 106 109 0.18581046292858477 1 1823 3 1879 4 580 5 349 2 1961
175 14.609132435502621 -0.80484062261837774 21.546211461831383 195 193 186 0.14740430806266258 4 602 5 365 2 486 3 538 1 476
176 14.689704268391861 -0.80896055679826173 21.465240691448457 181 193 226 0.27455528975514887 1 1829 3 1890 4 608 5 366 2 1972
177 14.38489426441844 -0.78883104407195659 21.370613679482435 194 193 175 0.10790880480942536 1 1828 5 368 2 1971 3 1889
178 14.576784763234135 -0.80017238678331226 21.408184256813399 194 198 209 0.26442757146635865 3 539 4 2117 5 369 2 482 1 477
179 14.761995280105069 -0.58262175839374408 21.392823269473034 129 147 174 0.28147384773840012 3 1927 4 2144 5 417 2 2001
180 14.684987365345989 -0.53307950640929858 21.507984247746812 157 170 184 0.38660462118580979 4 2161 5 425 3 1934
182 14.750821211355525 -0.47484341973362931 21.91952581761316 171 168 156 0.77296454168402251 4 2173 5 456 2 2018
183 14.513668421662693 -0.38851901832250924 21.582013108063361 244 229 196 0.26505631566931614 4 2182 5 480 2 2835 3 2833 1 2644 7 540 8 500 6 476
184 14.454058710889887 -0.37605982043352049 21.587833167283137 232 229 215 0.28565291444823399 1 1875 3 1952 4 2184 5 484 2 2025
185 14.459248049928204 -0.36630236033821229 21.467522871375333 86 71 59 0.25367420198708246 3 724 5 490 1 634 2 661
186 14.240865852616977 -0.34010753941894112 21.631653212978108 137 143 149 0.29798849062921146 1 643 3 730 4 801 5 492 2 667
187 14.154216838029862 -0.27717038762465496 21.701450021443012 65 74 79 0.27303935715636879 3 1969 5 503 4 3164 8 521 9 488 10 532 11 548
216 1.8998194404026465 0.4042789114121399 6.8605121039514234 0 0 0 0.0064704835695996825 1 2942 4 2590
235 10.746214128935343 -4.4909444503171798 22.745286359937417 214 198 161 0.72038386623895356 4 1863 5 1827 6 7
236 10.129372231850915 -4.3636422460780873 23.339142318879862 212 196 179 2.1187723666421427 3 1693 5 1844 4 1897
237 10.607583687597149 -4.1531909266647693 22.350616842959884 136 142 174 0.61604176470693506 3 2614 5 1847 2 2640
238 10.22950884310125 -4.3101008645967696 23.445119848622404 15 45 79 1.5522627956232617 1 2452 3 2617 5 1849 2 2641
239 11.142982024405518 -4.3516323489572279 22.928327340537088 61 46 35 1.1324961276829122 3 2615 7 4241 8 2133 12 19 11 2957 10 2837 13 16
240 11.015803843779601 -3.9953741440339763 22.639419417232631 147 172 207 0.98241438519964419 3 2624 5 1864 2 2647 4 3657 8 2146 7 4245 6 2082 9 2519 12 2705
241 10.84779484724791 -3.6238336038257004 22.739464916018431 202 205 234 0.94520090084293751 1 2466 3 2631 4 2884 5 1874 2 2654 6 2095 8 2155 9 35
242 10.855708927049863 -3.626525251121314 22.752844601969347 202 205 234 0.82036483987829245 1 2465 3 2630 4 2883 5 1875 2 2653 6 2094 8 2154 9 34 10 41 11 2987
243 10.991527342245584 -3.2530701143669853 22.374602192301694 95 123 161 0.30720768386514169 4 1943 5 1895 3 1735 1 1695 2 63
244 10.809327703725796 -3.1991743943662265 22.495406721379929 61 73 129 0.48808413675301043 3 2641 5 1896 2 1832 4 2900 1 1700
245 10.716420042103859 -3.1735907446681928 22.407233357043488 148 156 195 0.86382445855617573 1 1698 5 1898 2 64
246 10.760244765441589 -3.2239465361624524 22.797944290549477 239 245 255 1.0627440585505121 3 2643 5 1899 2 2665 6 2124
247 10.813015411127838 -3.2391180159070614 22.885451755586121 239 245 255 0.9717344154239469 1 3089 3 2642 4 2903 5 1900 2 2664 8 2166 7 2335 6 2123 9 2535 10 2863 11 2997 12 2728 13 59
248 10.837722612706854 -3.1517251171882341 22.917949913557916 209 219 255 0.91060260057932574 1 2474 3 1742 4 2913 5 1905 2 2670 8 74 7 2350 6 78 9 66 10 72 11 68 12 71 13 71
250 14.351439026725965 -0.89660219842380129 21.311605677868847 130 138 156 0.38541364119142135 1 1810 3 1866 4 2095 5 2027 2 1948
251 14.830572247168931 -0.92859269798997901 21.413428184191901 47 87 173 0.49572083222839453 3 2772 4 2096 5 2028
252 14.427367598711077 -0.88573911100753555 21.342924434491497 109 111 140 0.22142118378582912 1 2595 5 2031 2 2784
253 14.097872561019162 -0.85267647985201667 21.446638110423386 117 123 126 0.31219764541578571 3 1869 4 2099 5 2033 2 1953
254 14.27651615387536 -0.82234622667049018 21.607297203867795 84 89 80 0.38710105101023595 1 2600 3 1881 4 2109 5 2042 2 2790
255 14.254296311418511 -0.77234450503433505 21.677497219806767 102 110 97 0.42331159791089901 3 1893 4 2118 5 2047 12 412
256 13.976028411817076 -0.59383839444759923 21.496164491818575 70 81 96 0.52607843548224009 3 1917 4 3107 5 2065 2 1991
259 14.324172678413216 -0.37576410440194102 21.679733368463737 42 49 54 0.37735788630310413 1 2643 3 2832 4 3134 5 2096 2 2024 7 543 8 501 6 2469 9 463 10 501 11 519 12 3007 13 479
260 14.292088369520799 -0.37066888471678233 21.746675837471876 46 53 59 0.42077437054011535 4 3135 5 2098 3 2834 6 479
261 14.348045378661453 -0.36631288192074396 21.653668042227373 161 166 163 0.39637123220376658 1 1876 3 1954 4 2186 5 2099 2 2029
262 14.348045378661453 -0.36631288192074396 21.653668042227373 161 166 163 0.39637123220376652 1 1877 4 2185 5 2100 2 2030 3 1953
263 14.558077278227987 -0.35754944901294639 21.667625308006127 84 78 65 0.43346485190420997 1 2645 3 1957 4 3145 5 2105 2 2031
266 14.862099130081813 -0.1891510575872391 21.448164857584892 163 172 178 0.1804979641448177 3 1983 4 3180 5 2126
267 15.160756672323133 0.26177635838841734 21.691026989905858 135 141 145 0.3082109684285928 3 2053 5 2201 4 2290
271 14.848595415076916 0.37471181012398269 21.657034527681464 201 210 213 0.55892319325733131 3 2078 4 3282 5 2220 1 2730 2 923
275 14.727348198536395 0.43134300358459415 21.969793776229803 54 61 65 0.79226541260888095 3 2969 5 2232 2 2929
313 10.006024821184964 -4.301564498591584 23.216375502707287 225 200 151 0.75088006593090662 1 2449 3 2613 4 2862 5 2911 7 15 8 12 6 2070 9 11 10 13 11 17 12 17 13 17
314 10.046541523503175 -4.2261350605817523 23.228499071047274 36 49 68 1.1669102239002502 1 2454 5 2914 2 2642 10 18 11 19
315 10.92036363142995 -4.2117216308280954 22.755904544578556 70 101 141 1.9859441436191285 1 3066 3 3401 5 2915 2 3817 6 5186 10 4623 11 4853 13 20 11 2959 12 2693
316 10.694186742905615 -4.1034421387132332 22.565981995084559 53 61 111 1.181674304769216 4 3651 5 2917 2 3292 1 3074
318 10.753343662264495 -3.2303155363033516 22.946515036022607 211 240 255 1.0851038641532991 1 3092 5 2935 2 3305 3 3425 13 2462
319 10.744098005797813 -3.2210774157798778 22.920335577400213 211 240 255 0.83481478031095135 1 3091 3 3424 4 3664 5 2936 2 3304 7 4262 8 3775 6 3934 9 2538 10 2865 11 2998 12 4496 13 2461
320 10.624304055247055 -3.1842632125346353 22.931072263406325 122 166 255 0.84960688166092835 1 3094 3 3427 4 3666 5 2937 2 3306 8 2172 6 2133 9 2541
322 10.76087632383592 -2.9811715782322334 22.958156980098074 29 83 190 0.87828035409272209 1 3103 3 3435 4 3669 5 2941 2 3312 7 2358 10 2880 11 3014 12 2752 13 4297
323 10.763409211221294 -2.9294036417607607 23.010281593245551 152 213 255 0.87343797300840254 1 2479 3 2651 4 2920 5 2942 2 2680 7 2362 6 101 10 88 11 88 12 87 13 101
327 14.537663335447302 -0.8776223291727776 21.39592327622222 109 114 159 0.88446377638324924 3 3517 5 3067 7 2630 6 2402
329 14.35678068760077 -0.87270560634198047 21.585368077876531 229 233 240 0.55845888432388358 3 2778 5 3070 13 2677
330 14.784724767598837 -0.87896215802797384 21.462364448696881 54 87 166 0.89566237384964531 4 3772 5 3071 2 3883 3 4065 6 2406 7 2632 8 423 9 2786 10 3086 11 423 12 2942 13 2681
333 14.392069767596555 -0.80103613139153818 21.580124155991992 232 233 231 0.44558917723176583 1 3175 3 3525 4 3781 5 3080 2 3396 6 2415 12 2953 13 2686
334 14.176968693163012 -0.78571792152758535 21.641512052053031 213 219 212 0.31314264995048879 3 3527 4 3782 5 3081 2 3398 7 472 6 2417 8 436 9 410 11 448
335 14.226643222094909 -0.79035838108956014 21.594077111209245 216 223 214 0.30910667223573929 1 2603 4 3081 5 3082
337 14.446634450076608 -0.80326803178392636 21.542082664483008 233 231 228 0.4798420829703004 1 3176 3 3526 4 3778 5 3084 2 3397 7 2648 8 2432 6 4115 9 2794 10 3101 11 3233 12 2954 13 2687
338 14.778170318090231 -0.80415865162550315 21.431489254510161 225 250 255 0.53584492232608794 3 2784 4 3083 5 3085 7 2651 8 2433 6 4117 9 4393 10 4768 11 5001 12 4616 13 4380
339 14.290239217396346 -0.76154950170946223 21.503105875119072 82 84 81 0.39667454634952276 1 2608 5 3090 2 2800 3 1895 4 2125
341 14.786580312397922 -0.52332769923948186 21.439536661693683 153 167 188 0.28482798481891253 4 3117 5 3114 2 2821
342 14.206485035241641 -0.44109267101852273 21.67212503031687 65 76 83 0.45634896877179842 1 3197 5 3122 2 3425 7 2707
344 14.357502137468416 -0.30691329789256427 21.702883037019053 191 197 202 0.24880264192989504 1 2653 3 2845 4 3154 5 3145 2 2847 7 561 6 2474 8 2495 9 482 10 523 11 3318 12 3018 13 2751
345 14.214582786499308 -0.27052394554115367 21.721762581960629 217 223 228 0.31078998567764515 1 3221 3 3589 4 3857 5 3157 2 3457 6 2486 7 2747 9 2893 10 3181 11 3330 12 3029 13 2763
346 14.213116257794855 -0.27057518440636136 21.71995271318643 217 223 228 0.33076007290152243 1 3220 3 3588 4 3858 5 3158 2 3458 7 2748 8 2502 9 2892 10 3182 11 3331 12 3028 13 2762
347 14.522143166968236 -0.19477405616225524 21.613198283841392 55 61 68 0.54890165539090474 3 2855 4 2211 5 3165 2 2853
349 14.822241277249379 -0.012156017125977258 21.535535680145042 251 254 254 0.13239761875069803 3 2880 4 3209 5 3199
353 14.603604173947774 0.3321788598483873 21.752342828477229 65 71 75 0.6160846884866209 3 2943 4 3934 5 3261 2 3505
357 14.857908194498682 0.3485930028475685 21.737846857829595 50 60 63 0.57444898516331089 1 3301 4 3279 5 3270 2 3517
386 9.931873526994524 -4.4064128805980562 23.200900059523782 216 186 122 0.38459689428218824 4 3642 5 3743 12 2689 11 2954
387 11.065207592758895 -4.2344162261708727 22.723416667490678 45 43 47 1.8865231129852751 3 3402 5 3745 7 2296 9 2505 10 22 11 2958 13 21
388 10.027415263405549 -4.1515997102833593 22.989863307483063 62 88 127 1.3562699178863691 1 3070 3 3404 5 3747 7 2298 8 2134 9 2508 12 2694
389 10.561983123868629 -3.8624162451010653 22.171124432369002 105 134 190 1.5477947026027323 3 3998 5 3751 1 3562 2 3819
390 10.646473602187465 -2.9037357791030547 22.063122241826392 146 169 243 1.0413571033902635 1 3574 4 4227 5 3765
391 10.897542483337281 -2.9752116304381921 22.804896258504595 237 242 255 0.92254190528008073 1 3102 3 3437 4 3671 5 3768 2 3314 7 2360 8 2192 6 3954 9 2560
392 10.919247592493534 -2.9804893353438611 22.84162887834157 237 242 255 0.81274472604053594 1 3101 3 3436 4 3670 5 3769 2 3313 7 2359 8 2191 6 3955 9 2559 10 2882 11 3015 12 82 13 2487
394 14.551894482502545 -0.93682042002971044 21.44437169394795 167 174 193 0.45175185068162899 1 3630 3 4064 4 4283 5 3830 2 3882 7 4413 6 4104 8 3895
395 14.721767359449519 -0.93349096758999961 21.395477385816168 230 252 250 0.57131037603248558 3 3508 4 3766 5 3834 7 4414 8 3896 6 4106 9 4387 10 5911 9 5440 11 4986 13 4368
396 14.514347832163944 -0.8740106135055743 21.678236929688062 75 78 90 1.1184828851425663 1 3631 3 4067 4 4285 5 3840 2 3884 6 5905 4 4619 10 6546 11 4993 12 6431
397 14.507327842580025 -0.82131611268536497 21.518442992874725 206 200 186 0.11013177046720317 1 3635 5 3844 2 3888
398 14.575467717208255 -0.81673360378372484 21.418979748400382 192 189 178 0.49322624297520667 1 3633 3 4070 4 4287 5 3845 2 3890 7 4422 8 3908 9 2795 10 3098 11 3231 12 2950
399 14.237658646661242 -0.6974929437906694 21.646925373472452 174 184 184 0.41603642351261017 1 3187 3 3544 4 3800 5 3857 2 3415 7 2661 8 2442 6 2431 9 2806 10 443 11 3247 12 2967 13 2703
400 13.973356009006801 -0.63208920830949378 21.499533123406749 241 246 251 0.2451127174415979 3 3548 4 3810 5 3863 2 3416 1 3189
401 13.9765953851793 -0.63338322365476563 21.502395183192192 241 246 251 0.092765635133211066 3 3549 5 3864 1 3188 2 3417
402 14.200675369515865 -0.56350563104806162 21.590704650545714 93 125 125 0.38854747502388648 1 3650 3 4083 4 3814 5 3869 2 3903 7 4444 8 3922 6 4134
403 14.571508475591607 -0.49856750557206186 21.70050649507473 60 74 71 0.97169145933962786 3 3556 4 3819 5 3875 2 3424 7 2691 8 2467 13 4419
404 14.318479512115399 -0.47715392986787392 21.544339582216836 70 80 83 0.51819172874916786 3 3560 4 3823 5 3877 7 4454 8 2466 6 4145
407 14.286786673529733 -0.41358643618737473 21.690868552719429 160 168 174 0.38708530563662041 3 3566 4 3829 5 3889 2 3431 1 2638 7 2711 8 2473 6 2464 9 2855
408 14.35461784088063 -0.42184010324162846 21.673577007182807 152 156 154 0.70915306817021928 1 3198 3 4092 4 4317 5 3890 7 4468 9 2851 11 3302
413 14.658004801636697 -0.15621164659360312 21.786003580298594 246 251 253 0.28714798408083098 4 3867 5 3922 3 3596 2 3464
414 14.658004801636682 -0.15621164659360259 21.78600358029858 246 251 253 0.28714798408076919 3 3597 4 3868 5 3923 2 3465
415 14.394377741665512 -0.1388930368485532 21.702728636798337 186 195 201 0.23470863752621873 4 4327 5 3925 3 4107 1 3667
416 14.286688723855596 0.047628363523006111 21.742961462758757 189 201 209 0.22273974375284136 3 3614 4 3888 5 3941 2 3475
419 14.394054600256297 0.19724306248592222 21.843211562561926 189 197 202 0.43952408719950642 3 3634 4 3912 5 3972 2 3492
423 14.52470464010071 0.33164077019817823 21.746570995469707 194 200 204 0.35721281631950697 3 4129 4 4353 5 3994 2 3945 7 4585 8 4051 6 4249 9 4504 10 3297 11 5121 12 3147
429 14.566296817361991 0.4806270524772292 21.78622910342029 180 186 189 0.50443404040768325 1 3317 3 3688 4 3965 5 4021 2 3532 7 4612 8 2649 6 4274 9 3045
432 14.413642201344606 0.51246482906991819 21.799267205588293 204 210 213 0.52905607807574162 1 3319 4 3972 5 4037 7 4615 8 4078 6 4285 9 3052 10 3343 11 3477
433 14.516891763377455 0.51321758809983931 21.928584467839332 204 210 213 0.6987079906310365 1 3320 4 3973 5 4038
436 14.647265431694047 0.80050942239990341 21.819113114441592 185 191 194 0.58246869052667849 1 3361 3 3742 4 4017 5 4085 2 3583 7 3012 9 3123 10 3424
440 14.706329295593314 0.96577599194491348 21.850162589069139 182 188 191 0.70709206638682165 3 4200 4 4418 5 4129 1 3386 2 4005 6 2850 7 4718 8 2755 11 3621 12 4814
443 15.814149829621604 1.1155893102593373 22.799678113546218 241 246 250 1.5438789165009448 3 4223 4 4073 5 4152 2 4027 6 4431 7 4756 8 4179 9 4627 10 5025 11 5261 12 4859 13 4665
444 15.814149829621604 1.1155893102593373 22.799678113546218 241 246 250 1.5438789165009448 3 4222 4 4074 5 4153 2 4026 6 4432 7 4757 8 4178 9 4626 10 5024 11 5260 12 4858 13 4664
468 11.045950252528659 -4.1348324728425592 22.741126834921115 247 216 156 1.3752520254968805 1 3077 3 3409 5 4364 2 3818 6 3911 9 5358 10 6470 11 6098 12 2700 8 24
469 10.806577122860427 -3.677093241160732 22.640608350136453 47 63 105 0.92446579963544839 4 4219 5 4369 2 4173 3 4358 7 5583 8 4902 6 5188 12 2712
470 10.693767599931286 -3.6314873569346084 22.442029303795731 47 63 105 1.109416726046264 3 4359 4 4220 5 4370 2 4174
471 10.806481025582492 -3.6238847857710437 22.7432433760411 209 222 251 1.0621953036213723 1 3876 5 4372 6 5189
472 10.690464415566 -3.1504631187525995 22.888263626703925 38 84 179 1.0597898956360472 1 3572 4 4578 5 4378 2 3825 6 5198 10 5822 11 6111 12 5724 13 5437
473 10.987993107096768 -3.0840440264119255 22.696033280035763 118 163 235 1.0900411951770554 4 4226 5 4379 7 4268 8 4915 6 5200
474 10.836257378029774 -2.9638335516600463 22.949653097781596 207 215 243 0.86681168376856943 1 3883 3 4011 4 4581 5 4380 2 4182 7 5607 6 5206 9 5371 10 6486 11 6118 12 5736 13 5448
475 10.83777815626717 -2.9658257479637706 22.956477943701508 207 215 243 0.98352865795567823 1 3884 3 4012 4 4582 5 4381 2 4183 2 3827 7 5608 6 5207 9 5370 10 6487 11 6119 12 5737 13 5449
476 9.7967239544307247 -2.6100269371154821 21.653876601577743 131 146 229 0.90751864813113947 3 4015 5 4384 2 4186
477 10.839541812589031 -2.7506268074008267 23.030535960691598 165 202 253 0.94118536028417077 1 3577 4 4233 5 4385 2 3830 3 4019 7 4294 6 5213 10 4661 9 4290 11 4892 12 4524 13 4307
478 10.841748000010313 -2.751695973551191 23.035181243818585 165 202 253 0.99053252906435452 1 3576 4 4232 5 4386 2 3829 3 4018 12 4525 10 4662 11 4893 7 4293 6 5214 13 4308
479 11.153174279449203 -2.3751941027116761 22.478395183772822 57 105 167 1.2202286274294751 1 3895 3 4368 4 4584 5 4392 2 4190 6 5226
480 10.798586417873132 -2.0150118449988197 22.789779278418635 105 149 235 0.89882409454582246 1 3581 5 4396 2 3838 3 4030 4 4588 6 5243
483 14.902240193875624 -0.76170673100965514 21.350315518121114 115 140 169 1.0381289194368142 3 4411 4 4292 5 4442 11 6210 10 5918
484 14.29785152268386 -0.73421742498532583 21.623779945760585 71 75 82 0.7612006654456599 1 3641 3 4074 4 4291 5 4444 7 4430 8 3915 6 4122 2 3895 3 4075 10 4771 11 5006 11 6209 12 5813 13 4386
486 14.173244144538888 -0.7024458804877578 21.664774246780834 66 72 72 0.35254551758691854 1 3940 3 4412 4 4625 5 4447 2 4230 6 5302 8 3916 9 5444 10 5919
487 14.187019483143883 -0.70007952599880718 21.682384540780738 66 72 72 0.44524308451801281 3 4413 4 4624 5 4448 2 4231 6 5303 10 5920 9 5445 11 6211 12 5816 13 5517
488 14.259955779513113 -0.63099396364000271 21.605261551701709 40 68 68 0.57117770875922336 3 4081 4 4299 5 4452 11 5012 13 5522
492 14.19756864477233 -0.35268143774868221 21.673670475057868 72 78 84 0.4383069025042986 1 3949 3 4434 4 4643 5 4470 2 4245 7 5733 8 5019 6 5314 9 5461 10 5937 11 6228 12 5834 13 5540
494 14.152171847069692 -0.31545636126164278 21.75143951935345 200 205 211 0.41292933617311905 1 3660 3 4096 5 4473 2 3914 6 4170 7 2736 8 513 12 505
495 14.297805942635598 -0.28774822174958686 21.719053452514551 73 80 86 0.54785554702191985 1 3662 3 4099 4 4320 5 4474 8 5021 6 5321 9 5467 10 5939 12 5838 11 6230 13 5543
496 14.254910251563206 -0.19064646898543702 21.740707441138294 44 57 68 0.41049210940400199 1 3954 3 4436 4 4657 5 4482 2 4248 7 5739 8 5024 9 5470 10 5943 11 6238 12 5847 13 5546
497 14.246174711487544 -0.029524742262077252 21.681765925760605 39 55 66 0.38017256316815179 3 4447 5 4486 2 4255
498 14.246174711487544 -0.029524742262077252 21.681765925760605 39 55 66 0.38017256316815179 3 4446 5 4487 2 4254
499 14.456654812547253 0.013371630421515042 21.739010059200883 185 194 199 0.35016017667197918 1 3676 3 4110 4 4329 5 4490 2 3928
500 14.456654812547253 0.013371630421515042 21.739010059200883 185 194 199 0.35016017667197918 1 3677 3 4109 4 4330 5 4491 2 3929
503 14.774551109458274 0.37115308550059734 21.746643093077076 106 112 116 0.54853073868065927 1 3697 3 4133 4 4357 5 4516 2 3948 7 4599 8 5067 6 2668 9 4514
507 14.668018723593475 0.55692575263795718 21.864828353174577 52 59 63 0.76129141447866688 1 3980 3 4474 4 4689 5 4531 2 4275 7 5794 8 5083 6 5374
508 14.59768519166127 0.81939460457451785 21.854739228279598 70 76 80 0.80934298208863964 1 3985 3 4481 5 4551 13 5609
509 14.517106453086472 0.90890515403251182 21.863257990069172 53 59 64 0.54490819137200253 1 3988 3 4484 4 4696 5 4561 2 4285 7 5829 8 5101 9 5528 10 6003 11 6299 12 5923 13 5612
541 10.80682734897492 -4.4225129941432728 22.804896307888836 72 58 86 0.65788447404636918 4 4568 5 4732 7 6295 8 5593 6 5845 9 5962 10 6469 11 6096 12 6372
542 10.473812624681095 -4.3451251178939705 22.688987429220365 39 82 137 0.92191801596335432 4 4775 5 4733 7 5580 8 5594 6 5846
544 10.010558314427415 -4.3295748154713785 23.336466345424366 213 189 124 0.8550947903378211 3 4588 4 4569 5 4737 1 4180 2 4168 7 6684 8 5975 10 6868 11 7151 12 6374 13 6480
546 10.802416551945591 -3.2957449543084718 22.572883193531407 62 85 154 0.56875923245910254 4 4576 5 4750 7 6303
547 10.785298707707259 -3.3107387800203947 22.941280750349797 34 72 166 0.98488983128597618 3 4364 5 4751 4 4577 7 5592 8 4910 6 5194 11 6106 12 5722
548 9.1937387078669932 -2.9546370037329979 21.119888647201915 33 151 233 2.0756535234009066 1 4065 3 4595 2 4366 4 4779 7 6304
549 10.878151689945982 -3.056442636961465 22.690381271903842 23 55 115 0.88787543556712034 1 4068 3 4598 4 4785 5 4754 2 4369 7 6311 8 5608 6 6226
550 10.886519380242808 -2.865561994168766 22.633154233666755 42 62 146 0.76747190636161877 1 3887 3 4600 5 4756 2 4184 6 5861
551 10.645238679170999 -2.780889656384486 22.197337096562936 42 62 146 0.47990554596955398 1 3888 3 4601 5 4757 2 4185
552 10.79106782689664 -2.7141077234766726 22.251546687941786 125 160 247 1.0441231568148956 1 3889 3 4604 5 4759 2 4372
554 14.06308213708212 -0.83281011770724434 21.563093403874188 51 57 64 0.32973923815569389 1 3936 3 4621 5 4793 2 4225 7 5709 8 5005
555 14.609501247567994 -0.82769745939509221 21.550718704554949 197 193 172 0.30983525653495125 3 4069 5 4797 1 3636 2 3889
557 14.61866912608483 -0.42430545912618178 21.509950814210764 46 56 61 0.66779521411942466 3 4630 4 4816 5 4806 2 4396 1 4103
558 14.584792541559695 -0.4186520592572251 21.273048996662414 48 58 68 0.59182662647805673 4 4817 5 4808 3 4730
559 14.905245471586628 -0.27436132962716697 21.445771833497663 45 54 67 0.81944664045561477 3 4636 4 4821 5 4817
564 15.031721472954901 -0.10808164745670139 21.529486299526059 45 54 62 0.33442837455381297 3 4643 4 4826 5 4833
565 13.918535773275789 0.031883143478225601 21.419983591182962 45 62 75 0.75029766921999475 3 4646 4 4666 5 4839
570 14.884264598135672 0.19017147164760159 21.304808347310541 54 61 65 0.86173122546567182 4 4840 5 4850 3 4653
571 15.083086572274253 0.20587273922187435 21.692491875480904 40 46 51 0.26285777773195945 3 4652 4 4839 5 4851
573 14.562641565012392 0.25475107417794945 21.767829240276861 26 33 38 0.94584267371032016 1 3968 3 4462 4 4679 5 4856 2 3944 7 6417 8 5721
575 14.337554763760085 0.43911198419073955 21.751776770914077 41 48 52 0.63470553359199944 3 4468 4 4684 5 4865 2 4272 1 3977 6 5360 7 5777 8 5732 9 6099
576 14.322391518540741 0.59822155766126062 21.75882460272312 43 50 54 1.1244030292152691 1 4127 3 4660 5 4870
592 14.378009359007061 -0.81889720100612717 21.606864269883854 162 164 157 0.24561131208295905 3 4722 4 4929 5 4995 2 4479 10 6924 12 6866 13 6541
593 14.375638535225834 -0.81906433066898354 21.604044476824427 162 164 157 0.28033102708161117 3 4723 4 4928 5 4996 2 4480 10 6923
594 14.25365819435819 -0.76798171624670353 21.669923320510605 129 137 125 0.3445789116851003 3 4725 4 4930 5 4998 2 4481 7 6744 8 6038 6 6274 9 6419 10 6925 11 7205 12 6868 13 6544
595 14.139095568683157 -0.55442586842331842 21.649950174265534 52 70 78 0.42338207837085912 1 4195 3 4627 5 5000 2 4484 7 6753 8 6044 6 5911 9 6428 10 6931 11 7215 13 6551
597 14.253831906416686 -0.045558789151334211 21.615033396910679 41 54 64 0.21512341526025147 3 4644 4 4828 5 5007 2 4488
599 14.495645935348321 0.10453493190219872 21.883502128599375 44 54 60 0.57992377384428351 3 4650 4 4835 5 5010 2 4410 1 4119
600 14.987339662989765 0.23682063584034174 21.93078704483294 40 47 51 1.2964066997197934 3 4740 4 4843 5 5011 2 4492 1 4205
601 14.64551123815434 0.71106906450597807 21.763028331092819 40 47 51 0.87877443004924971 3 4662 4 4854 5 5016 1 4129 2 4422 7 6431 8 5750 6 5387 9 5516 9 6110 10 6610 11 6902 13 6200
602 14.570465680856977 0.74428004781723578 21.832915546144058 54 61 65 0.90959794034889785 1 4209 5 5019 3 4666 4 4857 2 4496 7 6434 11 6905 13 6206
604 14.689725215773949 0.87541307926236722 21.721056892491813 37 44 48 0.96036404794677854 4 4945 5 5022 3 4749 1 4212 2 4498 7 6782 6 5966
610 14.835015464202538 -0.3157145591084714 22.11722144296585 68 74 83 1.2858683784295768 3 4736 4 4991 5 5096 2 4486 1 4201
612 9.5427750075594062 -3.7035631463147727 21.792317934861117 53 87 159 1.9864831615675163 1 4062 4 4914 2 4466 8 6458
613 10.80303828661639 -3.093360305254035 23.152188106013025 4 77 180 1.5860337721980153 1 4237 5 5126 2 4528 6 6720 9 6833 10 7130 11 7445 12 7092
614 10.725028478779862 -2.6068035715757816 22.42074022129853 23 67 145 1.1414445026996416 3 4818 4 5011 5 5129 2 4565 7 7161 6 6725
615 14.114460554200768 -0.71379080553506058 21.755520228726699 148 153 155 0.96562367209551536 1 4249 3 4784 4 4986 5 5140 2 4541 7 7175 6 6566 9 6420 8 6039 11 7206
620 9.917365141547096 -3.0973504911720826 21.98447231446178 9 90 197 1.9473679568904725 1 4271 3 4852 4 5009 5 5175 2 4563 7 7282 8 6588 9 6939
621 14.916486438962242 -0.88034176453150836 21.681420699180414 169 199 233 1.1014938347555547 3 4828 7 7018 8 6305 9 6851 11 7635 12 7294 13 6988
622 14.916486438962242 -0.88034176453150836 21.681420699180414 169 199 233 1.1014938347555547 3 4829 7 7019 8 6306 9 6852 11 7636 12 7295 13 6989
626 10.815560288188308 -2.3283433474328978 22.202086112126572 80 119 200 1.9783543413105937 3 4853 4 5044 5 5217 6 6855
629 9.5294594620682709 -3.4130225550946358 21.790307258431824 159 152 224 1.2708793472489632 3 4890 1 4347 7 7379 6 6993 12 7489
630 10.553436553035635 -3.4024552314805399 22.969775143358113 39 98 205 1.6484716466615961 1 4348 3 4891 5 5239 9 7114 11 7912
632 10.853610316048819 -3.0856536213959393 22.633501363956682 95 118 175 1.5657588983006443 1 4349 3 4892 4 5081 5 5250 2 4625 6 7027 10 7597 11 7880 12 7549
640 14.040479910007196 -0.46922398118589004 21.794579721428761 51 61 68 1.6789552364066791 3 4830 4 5020 5 5191 1 4277 5 5142 2 4574 7 7022 8 6310 9 6687
641 9.9276557999175754 -4.201043207098123 23.219300252324853 122 123 120 0.87959652409504197 4 59 5 90 2 8
644 6.9642118746617836 -1.4259377608813388 25.10606751292708 185 184 160 0.69321835450812241 3 1813 4 2032 5 241 7 314 8 290 6 303 10 236 11 3110 12 253
649 6.9182053797574055 -1.4873774648727507 24.887942465129004 235 224 186 1.2239644647892216 3 2704 5 1936 1 2533 2 2726 4 2977 36 485 7 293 9 2653 10 220 11 242 12 233 13 247
651 7.0481396442805213 -1.4544193343527383 25.202118141962654 198 197 161 0.7492580048715235 1 1763 3 1812 4 2987 5 1949 2 2734 8 286 7 308 6 295 9 256 10 231 11 256 12 248
657 10.898970064973513 -3.1621732201492851 22.787084145108306 202 211 242 0.67509106499896077 4 3667 5 3762 3 3432 7 4267 6 3939
674 14.888276467015242 0.3055833831539535 21.73378982986188 225 230 234 0.40688566340964333 3 2937 4 3268 5 3256 2 2097
679 4.9368780508055758 1.583579549222059 21.763235124535949 215 206 197 2.4315698105619998 5 4659 8 4358
680 4.9368780508055758 1.583579549222059 21.763235124535949 215 206 197 2.4315698105619998 5 4660 8 4357
682 14.838386925302776 0.47098062177693695 21.659091617751244 62 63 66 1.0822774149726972 3 4741 4 4940 5 5098 7 6772 8 5734 6 6576 9 5509 11 7235 10 6948
684 7.5172158972135019 -1.5948158203037177 24.929189833913547 253 255 255 0.50272585094409661 1 4304 3 4856 4 5045 5 5177 2 4598 7 7291 8 6595 6 6860 9 6949 10 7452 11 7748 12 7409 13 7082
686 10.917071369637974 -0.42813688298689484 21.355297148743055 49 54 68 2.23547779721715 5 5253 7 7444 4 5098 8 6738 6 7031 3 4905 9 7120
687 10.648921528189152 -4.7380025626166633 22.775449667317176 255 231 186 0.57134689286411855 5 1819 7 2 11 1 12 1
688 10.395865680508942 -4.4191102167530785 22.699943599530243 150 102 61 0.95508631663662014 5 1828 7 7 6 9
690 7.6665215013602106 -1.5485879898359207 24.83456269216542 237 227 223 0.79252348741655221 3 2700 7 289 2 2718 8 267 6 2257 10 214
691 7.8981061416452087 -1.5732184545386612 24.742726261025254 211 203 191 1.7367422994901753 3 3453 7 291 1 2523 2 2714 6 2250 9 235 10 205 11 231
692 7.5460925488680024 -1.5052003510742769 24.710549821512625 157 148 135 0.81794404872048898 3 2707 7 298 1 2534 2 2727 5 2986
693 6.9642452969300299 -1.42611587111659 25.111683008679424 191 190 187 0.70472931167596986 3 1814 7 315 8 291 6 304 12 254
694 7.9063996197455868 -1.4416075799303738 24.586967100584769 214 197 178 1.0035617289502716 5 1955 7 327 11 266 10 240 12 263
695 7.9866612341223524 -1.0983061072139562 24.683313447800558 138 132 134 0.67514435480821922 3 2739 7 367 2 2754 4 3026 5 3023 8 333 6 341 9 299 10 281 11 3140 12 311
696 7.9910507502013903 -1.098362327561653 24.690588253857225 138 132 134 0.65355704108607493 3 2740 7 368 2 2755 8 334 6 342 9 300 10 282 11 3141 12 312
697 7.4565648733140533 -0.91721511201825012 24.994858394512214 94 74 117 0.68787192000936193 3 2749 5 2000 7 404 1 2572 4 3035 2 2763 9 337 10 323 11 338 13 2625 9 2730 12 2894 8 2365 7 2574 6 4073
698 7.4266072027771362 -0.6411209346300607 24.951881574538749 107 76 76 0.45102917771569795 3 2779 7 449 1 2597 2 2786 4 3069 5 2034 8 412 6 2390 9 386 10 384 11 407
699 7.7438482321015849 -0.64348570769852242 24.818497290661554 199 146 157 0.51834394936563155 5 2035 7 450 3 1873 4 3072 1 1821 2 1955 6 410
700 7.0120868340470333 -0.59294248840292896 25.128780593092753 95 88 83 0.53324916097841901 3 2781 5 3077 7 452 4 3074 8 415 6 414 9 389 10 392 11 412 12 383
701 7.0445909226250469 -0.59847632752055291 25.217185248318756 95 88 83 0.1776496881306755 3 2780 7 453 4 3075
702 6.9820965732012636 -0.51181616046314116 24.902622005886098 78 70 67 0.46362486726983027 5 2052 7 467 8 2424 6 2403 11 3228 12 2949
703 14.225173403828848 -0.82718067733072864 21.654385760294922 106 103 108 0.85129919626616191 3 3520 7 468 11 435
704 7.3586301138014489 -0.44303531437968902 24.823850817111204 89 70 86 0.6340045090175519 5 2059 7 479 1 2619 2 1983
705 7.5767597964760904 -0.44396712357240586 24.888697171490172 92 71 80 0.6842534649346137 3 2801 7 481 1 2620 2 2813 4 3808 5 3860 8 446 6 2422 9 422 10 440 11 459 12 2965 13 2700
706 7.0046327743408643 -0.084878014502349039 25.054813542695289 196 178 176 0.69792114718451337 3 1958 7 538 1 1879 2 2027 4 3139 8 495 6 470 9 462 10 492 12 480 13 477
707 7.0008171961780841 -0.085388270549329001 25.042374096189157 196 178 176 0.69229710042603088 3 1959 7 539 2 2026 4 3140 1 1878 5 2108 8 496 6 471 9 461 10 491 12 481 13 476
708 7.7262592461009865 0.20721325724898826 24.800645089568661 201 181 188 0.25392150582519812 3 2866 5 2149 7 598 1 2673 4 2231 2 2863 6 530
710 15.687777117768503 0.21602611518856007 21.159542183134217 152 161 213 0.79642118996749656 5 3242 7 670 8 637 9 601 10 657
711 15.753794787025216 0.2130343597660054 21.238055187842832 152 161 213 0.64574162270919955 5 3243 7 671 8 636
713 10.902412150513198 0.60748198888814875 23.738406302920957 179 182 192 0.67828066302202716 3 2959 7 708 1 2724 2 2922 4 3285 8 665 6 2666 9 637 13 614
714 10.852640161086638 0.61738485252608633 23.743187267711477 180 183 193 0.51636737320470205 3 2076 7 710 2 2114 8 669 6 629 10 688
720 10.741731359122408 1.2133952780878179 23.76456829827762 203 202 205 0.73977606611052593 3 3047 7 888 1 2022 2 2190 5 934 9 827
722 6.8364992279788508 1.4877394844681096 28.645623090893334 236 231 215 2.3080810185916651 3 3792 7 897 6 797
723 10.992998523632904 1.2532598158011132 23.882812222212429 174 175 180 0.74793843910718905 5 2368 7 898 1 2034 3 2176 4 2447 2 2199 8 851 6 798
725 6.7229747939855988 1.5087800060935086 28.329673348462894 244 224 202 2.5399150850401231 7 929 3 3803 4 3393 2 3004 1 2810 6 819
731 7.7147483829620711 1.7252227717142767 29.072498549030026 196 198 198 2.0082227381244082 3 3136 7 1007 8 919
732 11.363887352504658 1.2911811100324262 21.902056399928128 86 88 86 0.74756860700619077 5 2431 7 1011 3 2250
734 11.627210478309308 1.3098205321364813 21.585500106962176 127 113 112 1.2613401366644841 5 3438 7 1033 6 920 9 947 10 1063 1 2865 2 3665 3 3155 11 1105 12 970 13 927
735 11.641242011144183 1.3102995103847095 21.611741151078498 127 113 112 1.2380037781109561 3 3156 5 3439 7 1034 2 3666 6 921 9 948 11 1106 13 928
736 11.529131697113053 1.3132028089074892 21.584351443220896 110 106 105 1.1304393944291589 5 3444 7 1040 8 940 6 919 9 3261 12 3421 13 4709
738 9.5071668973750842 1.4727904118245276 22.056420061737434 134 103 78 0.68702856950213986 3 3188 7 1085 2 3070 4 3476 8 975 6 2995 9 1001 1 1221 12 1036
740 11.126147424415008 1.6220082727083613 23.758564385006725 190 191 194 0.78151951960828292 3 3202 7 1114 8 989
741 11.124313461779034 1.625938358886216 23.75948401007242 190 191 194 0.86470348905679451 3 3203 7 1115 2 2323 4 2593 1 2157 8 990 9 1015
743 9.4154922495802538 1.5659643639698062 21.936013966527028 240 196 181 0.81310716293481999 3 3897 5 3516 7 1172 1 2918 2 3104 4 4139 6 3047 12 1095
746 16.083356619606747 1.7286908470420708 23.082913835665142 175 176 165 1.6075701023590829 3 3318 7 1292 2 2472 8 1155 6 1177 9 1183 11 1380 12 1209 13 1157
747 9.4294390329326436 1.8842436019998057 22.556441301533891 184 160 145 0.83639631057465458 3 3330 7 1329 2 3179 4 2778 8 1179 6 3147 9 1205 10 1324
749 10.98534019274031 -4.2544021828326315 23.004265280525264 121 126 181 1.8682365514220851 3 3405 7 2302 1 3071 2 3289 4 3650 11 18 9 13 12 2696
750 10.813619658051927 -1.9938681198480503 23.107337786069948 113 164 243 0.4550901606209613 3 3447 5 2964 7 2450 4 3693 6 2221
751 7.9895090448020563 -1.2880366240923582 24.665205954484094 73 68 65 0.58455068509652985 3 2718 5 3002 7 2496 1 2548 8 2303 9 2672 10 2978 11 3116 12 4569 13 285
752 7.6527207965153909 -1.1864324471884806 24.885758363358264 83 67 73 0.55282123707086672 3 3477 5 3801 7 2516 1 3133 4 3719 8 2319 9 4351 10 4717 11 4945 12 4573 13 2597
753 7.6901370623267873 -1.165310697758468 24.733960576059275 82 71 80 0.61214574499240415 3 3478 7 2520 2 3351 4 3725 5 3015 6 2303 9 2691 10 2992 11 3126 12 2867 13 2601
754 7.8442369037603106 -1.1495179760091812 24.873587587214626 85 75 80 0.43688174301766225 3 3482 7 2526 1 3136 2 3352 8 2325 9 2696 10 2997 11 3134 12 4575
755 7.6341333994711169 -1.1135688160266219 24.692527357328153 114 100 104 0.82606276045090465 3 3483 7 2527 1 3138 2 3353 4 3728 6 2317
756 7.8525770428539756 -1.0663663643621113 24.763295753863964 222 197 196 0.46643971276714447 3 2741 7 2552 1 2562 2 1921 4 3028 8 342 6 2333 9 309 10 294 11 309 12 321 13 318
757 7.6396200789298172 -1.0492644772785484 25.010971552894322 181 162 164 0.38566971233833564 3 2743 7 2553 1 2564 2 2758 8 2343
758 7.5753528670862469 -1.0073718658428303 24.932027829201374 95 71 77 0.31664803278922499 3 3491 5 3032 7 2559 1 3143 4 3740 2 3362 8 2353 9 2719 10 3020 11 3161 12 2887 13 2616
759 7.6312899898586863 -1.0006957430347203 24.881448618398377 94 74 74 0.5450943319420406 5 3033 7 2561 8 2354 4 3742 2 3363 1 3144 9 2722 10 3021 11 3162 12 4582 13 4355
760 7.4580772485586921 -0.95329830571498586 24.729275601080843 201 178 183 0.33260803867677424 5 3036 7 2566 6 2348 9 326 11 333 12 339 13 341
761 7.4686386041069808 -0.87117000202864125 24.984763114291567 199 179 176 0.33667968846595531 3 2753 7 2582 2 3367 4 3039 8 2371 6 2358 9 2739 10 329 11 3182 12 2899 13 353
762 7.4566907304998002 -0.77560989797666091 24.95038395612583 197 175 164 0.38365944531392998 3 3500 5 3053 7 2600 1 2580 2 2771 3 2764 8 2393 6 2376 12 2917 13 2648
763 7.453713165291834 -0.77480730191184322 24.940585788014801 197 175 164 0.35488915828518663 3 3499 5 3054 7 2601 1 2581 4 3758 2 2772 3 2765 8 2392 9 2759 10 3056 11 3197 12 2918 13 2649
764 7.4298511213225256 -0.73973062444327653 25.023440669258253 111 76 61 0.53050812360698185 3 3505 5 3057 7 2607 1 2587 2 3381 2 2774 8 398 9 376 10 362 11 385 12 367 13 376
765 7.4295119945880144 -0.73961630717982507 25.022192054945791 111 76 61 0.57109694025686697 3 3504 5 3058 7 2608 1 2588 2 3382 2 2775 8 399 9 377 10 363 11 386 12 368
766 7.2534637790000094 -0.57857955612292655 24.883327582815213 114 94 94 0.84658442778326093 5 3842 7 2625 3 3523 4 3776 8 2415 6 2391 10 3077 11 3216 12 2936
767 15.629937135586593 -0.85367276711564299 21.367830355614561 162 179 215 0.34463343291302051 5 2046 7 2649 6 2418
768 7.5617894258772846 -0.48887911838672182 24.909867332482936 137 115 116 0.68257664429138476 3 3540 5 3099 7 2650 4 3795 2 3412 8 3911 6 2411 10 3103 11 3234 12 2956 13 2689
769 14.384797675295802 -0.76236352711469035 21.517973075964292 99 99 109 0.6492727936415742 3 2790 7 2656 1 2609 2 2801 4 3090 8 2435 6 2424 12 415 13 2694
770 7.3330514891387253 -0.43176477603685615 25.171925622347601 68 62 67 0.99436852144441334 3 3547 5 3862 7 2659 1 3644 4 3809 2 3897 8 2441 9 2804 10 4773 6 4120 11 5005 12 2964 13 4391
771 14.199420829166254 -0.54978797410586633 21.502563868917559 66 86 100 0.54437396438593411 5 3871 7 2676 8 2459 6 4135 9 2822 10 464 11 3265
772 14.164230492480382 -0.44686290220856995 21.702460980644261 218 231 253 0.26689590687353526 5 3882 7 2705 4 3826 6 2456 8 2469 9 2849 11 3295 12 462 13 455
773 7.3372341780431762 -0.10137566329352449 24.897930407834739 168 151 151 0.26436390293120721 3 3572 7 2713 1 3210 2 3435 4 3835 8 2475 6 4158 9 2859 10 4809 11 5043 12 4648 13 2735
776 15.189944760912587 -0.35491888211011269 21.343631260528344 145 171 189 0.81748698069785142 5 3143 7 2740 4 3848 9 2883 13 2752 12 3019 8 3954
777 14.189869105114441 -0.14014712359482082 21.83472414193151 79 88 100 0.91533926651238584 5 3921 7 2758 4 4326 6 2506 10 3201 11 3345
782 7.214281754833884 0.33094505074864561 24.684777946033023 88 73 74 0.41049484003952791 3 3617 5 3949 7 2812 1 3245 4 3890 2 3931 8 2553 9 2939 10 3234 11 599 12 3076 13 2808
785 7.1808228243279659 0.37724462469776809 24.714052797877322 177 160 158 0.39089372338646217 3 3622 7 2826 1 3251 2 3479 4 3894 5 3956 8 2564 9 2948 10 4858 11 3384 12 4694 13 2823
786 7.2262897518896141 0.42411102361246361 25.066469497577664 93 72 71 0.92461074966045231 3 3623 7 2837 1 3255 4 3899 5 3969 8 2571 9 2957 10 3246 11 3394 12 3103 13 2827
789 7.0527629808897245 0.52706373821847852 25.168379520243786 88 71 70 0.56199481704618326 3 3643 7 2872 1 3272 6 2614 9 584
790 15.613453862722256 0.2604247638760131 21.19653327767417 146 157 167 0.77845469272917911 5 3262 7 2900 8 2621 9 3009 10 3296 11 693 12 3145
791 14.393710122949113 0.35525708563600999 21.809422899406577 210 221 226 0.37368759276645425 3 3664 7 2901 2 3508 6 2652
793 10.756903150010148 0.62435654033779842 23.773473872622866 182 184 195 0.58331798637117238 3 3674 7 2918 1 3302 2 3518 5 3273 8 2634 6 2671 9 3023 10 3310 12 3164
796 15.49060748776823 0.41039897839693712 21.31240676677816 145 156 165 0.80794345320009131 5 3290 7 2936 8 2651 9 658 10 715
797 15.486459700515141 0.48718779851923721 21.445457243956906 148 158 164 0.43621294421476675 5 3304 7 2953 8 2662 6 2715
798 15.512566043744096 0.48841461895217209 21.47716328463024 148 158 164 0.44031181758242915 5 3305 7 2954 6 2716
799 7.4529772128751937 0.87104500283777242 24.832658721277944 210 200 198 0.56207479185950782 3 3703 5 3314 7 2958 1 3328 4 3987 2 3545 8 727 6 2711 9 679 13 2942 12 685
801 7.4468950697837908 0.88172390911461718 25.077042728603264 183 173 167 0.73266307046170565 3 2991 5 3320 7 2962 1 2747 4 3316 2 2945 8 2665 6 2709 12 3194 13 669
807 14.506630881451965 0.82570184497693599 21.854301053883766 237 243 243 0.59601921836257166 3 3748 7 3016 1 3365 2 3585 8 2723 6 4358 9 3126 5 4091 4 4018 10 3433 11 5192
811 11.716436903297256 1.1453393034684238 22.853268828521134 120 121 125 0.96161349468727786 3 3050 5 3376 7 3082 6 2857 9 830 10 923 11 3629
812 11.691706526038701 1.1448299995132933 22.802448402433708 120 121 125 1.0846569578778784 3 3051 7 3083 6 2858 10 924 11 3630
814 6.459903368287546 1.5318840712854858 29.194740265603045 225 212 195 2.6977780159058922 3 3802 7 3110 4 3399 2 3002 1 2811
816 11.358055629414604 1.2300976592383221 22.054353408822454 248 249 248 1.4111098947792902 3 4503 5 2381 7 3131 4 4072 2 3626 1 2820 6 5431
818 16.026466537535285 1.1064906022700995 22.449035089761615 252 253 253 1.2849744947865207 5 3407 7 3135 8 2814 4 4079 6 4444 9 3226 10 3555 11 3681 12 3384 13 3143
821 11.375414010659641 1.2765378648491188 22.027290952430082 86 88 84 1.3456252994195448 3 3824 7 3161 2 3020 4 4092 5 2410 1 1096 4 2476 6 2932
824 11.621446394169052 1.4702336661563666 23.339838325414263 99 100 105 1.0006893867948852 3 4250 5 3456 7 3203 1 3448 4 4111 2 3672 8 2873 6 2976
825 7.4925677228910939 1.6205414443369563 25.558639567414026 186 172 159 1.1834739253295354 3 3864 7 3206 1 3445 2 3669 4 4119 8 2876 6 4507 9 3269 10 3599
828 9.4351979039862428 1.5901662422700809 21.891287642249093 138 106 93 0.92231621173242673 3 3247 5 3524 7 3281 1 3474 4 4147 2 3699 8 2946 6 3057 10 3678 12 3489 13 3250
835 11.469831781243521 1.9265710810225232 23.426265429982301 170 165 172 0.67558471904500383 5 3594 7 3379 4 4181 8 3029 9 3419 10 3773 11 3923
836 11.464792925963707 2.0456388463923436 23.443345325202809 224 214 214 0.59665304497006322 5 3631 7 3394 8 3045 6 3158 4 3626 9 4822
838 14.373078169009492 2.2874302664741801 25.370341482685852 151 161 138 1.5049309466187359 5 4312 7 3415 9 3461
840 14.829943000516982 2.4785903005107741 25.868049310026304 100 113 87 2.0881105808341487 5 3697 9 3519 10 3866 11 4029 8 3099 7 3462 6 3235
841 9.9689937679503835 -4.2089511554292516 23.144436986538295 66 70 98 0.6227336740516175 3 4354 7 4242 1 3871 2 4170 8 3760 6 3909 9 4243 10 5810 6 5185 8 4900 12 5711 13 5425
842 10.867066132422224 -3.0237350460761783 22.858019911950592 54 106 171 0.95993334297038235 3 3434 7 4274 1 3100 2 3311 8 2190 6 2145 9 4270 10 4649 11 4880 12 4507 13 2482
843 7.1889819134849509 -1.659783029038244 25.040925811645867 237 234 220 0.24031795309526358 3 3450 7 4344 9 2640 10 2961 11 3094 12 4554
844 7.8810369530219857 -1.1177649717852238 24.731143118317096 87 69 68 0.5289320055685286 3 4048 5 3806 7 4372 1 3613 4 4270 2 3865 6 4055 9 4359 10 4721 11 4949 12 4577 13 4351
845 7.6519770052308198 -0.84317860414324008 24.794723827266647 100 104 173 0.31507351696441327 3 4058 5 4423 7 4395 1 3624 4 4275 2 3876 6 4085 10 4740
846 7.0944311685478336 -0.53774320784695473 25.114145363795707 74 64 62 0.60785671635496541 3 4072 7 4417 1 3639 2 3894 4 4289 8 3903 9 4389 10 3083 11 3224 12 4611 13 4376
847 7.2652138197499632 -0.48293252980004625 24.973986383137174 146 127 127 0.55262902059400953 3 4077 5 3851 7 4425 1 3642 4 4295 2 3896 8 3909 6 4114 9 4394 10 4767 11 4999 12 4615 13 4383
848 7.0747998028023833 -0.42617761406614008 24.964378012426341 69 68 71 0.6135412451232567 5 3861 7 4428 6 2420 9 4397 13 4389 12 4620
849 14.227346106133947 -0.55983980278528067 21.630627595215049 116 129 142 0.18583133714523128 5 3870 7 4445 8 3923
850 7.1021224191175181 -0.1543268691465042 24.893874765261124 79 67 73 0.49229210938226076 3 4094 5 3894 7 4456 1 3201 4 3831 2 3427 9 4413 10 4799 11 5035 13 4424 12 4641
851 7.1021224191175181 -0.1543268691465042 24.893874765261124 79 67 73 0.49229210938226087 3 4093 7 4457 1 3200 2 3426 4 3830 5 3893 9 4414 10 4800 11 5034 12 4642 13 4423
852 7.0206215992012755 -0.14252175691283764 24.878596827142204 82 70 79 0.60144292676444 3 3567 7 4458 1 3202 2 3429 9 4412 10 3153 11 3291 13 2724
853 7.2626294142152821 -0.10446177380167926 24.981955010328445 170 155 156 0.28715258591806342 5 3897 7 4470 1 3208 2 3433 8 3942 6 4156 10 4808 12 4646 13 2733
854 7.2590917105257748 -0.10374612756928416 24.969488973566005 170 155 156 0.31468352008298967 5 3898 7 4471 1 3209 2 3434 8 3943 6 4157 10 4807 11 5042 12 4647 13 2734
855 7.5266138986873177 -0.074480269784406278 25.034578584701926 89 63 66 0.47625556306422784 5 3904 7 4477 1 3215 4 3845 2 3439 8 3946 9 2870 10 3169 11 3311 12 3010 13 2742
856 7.3026700794356865 -0.057953125699909368 24.939116344740992 87 67 66 0.4180209296475943 3 3581 5 3905 7 4479 4 3849 2 3440 8 3948 6 4163 9 4428 10 4813 11 5047 12 4652 13 2743
857 7.264723345671336 -0.0035372433885486271 24.993849132586373 136 122 123 0.30247397324422798 5 3912 7 4485 8 3959 6 4168
858 15.482543021191375 -0.18681261004762514 21.323040577257544 152 173 192 0.27480272061105476 5 3927 7 4511 8 3985
859 7.0398794589249256 0.42053235931690813 24.74158486759428 83 63 66 0.25487185688712627 3 3626 7 4549 1 3253 2 3936 4 3897 8 4012 6 4216
860 15.68985772514506 0.033186914676755622 21.135504185527477 80 92 136 0.90156149159760934 5 3952 7 4552 8 4013 6 4218 11 5097 10 4860
863 10.976097012169973 0.52628327931048913 23.252188153348079 87 91 99 0.39680824380980129 5 3997 7 4586 8 4050 9 4503 10 4889 11 5120
864 15.823462566699691 0.26708468622856774 21.364073130656962 97 107 136 0.89132799502008586 5 3996 7 4587 8 4056 6 2653
865 11.239242291674708 0.5479785830173477 23.440635926391426 177 180 189 0.77455916016551385 3 3662 5 4002 7 4592 1 3289 4 3941 2 3504 8 4054 6 4254 9 4506 10 4891 11 5122 12 4725
866 11.239242291674708 0.5479785830173477 23.440635926391426 177 180 189 0.77455916016551385 3 3661 5 4003 7 4593 1 3290 4 3942 2 3503 8 4055 6 4255 9 4507 10 4892 11 5123 12 4726
867 11.064606114720128 0.58168615679393743 23.563625800225289 183 187 192 0.6538857322511854 5 4010 7 4598 1 3299 3 4131 4 3945 2 3515 8 4059 6 4260 9 3017 10 3307 11 3449 12 3155 13 2892
868 7.4183533018132763 0.72122147002200443 24.892974463756758 98 71 70 0.44280763701020243 3 4138 7 4601 4 4365 5 4025 6 4266
869 7.4183533018132763 0.72122147002200443 24.892974463756758 98 71 70 0.44280763701020243 3 4139 7 4602 4 4366 5 4024 6 4267
872 14.504958778482141 0.51960155067435343 21.81433037157025 90 103 109 0.71397978822193431 3 4148 7 4617 2 3957 8 4080 6 4286
873 15.495561665808243 0.46512656985421225 21.37930825139939 84 94 101 0.19048101660508729 5 4530 7 4619 6 2708
874 14.939689344775045 0.53459901913357144 21.730394845441896 80 87 94 0.83887484312275973 5 4042 7 4625 6 2710
875 11.636322423036882 0.75876828504223104 23.244711000789593 72 76 85 0.70420610166222353 3 4152 5 4053 7 4626 1 3708 4 4375 2 3965 6 4299
879 15.418855195803905 0.72474925333462492 21.303031001112622 166 176 179 0.91223346947384087 5 4088 7 4672 8 4113 6 4347 12 3259 13 3012
884 6.7590578052520804 1.5244261098440839 28.822698605614189 122 114 104 2.4820344010010307 3 3799 5 4174 7 4737 2 3003 4 3396
886 15.882013767328386 1.1086855950902397 22.619911237029115 244 252 253 1.4944262314468875 3 4507 7 4762 4 4450 8 4180 5 4587 6 4436 9 4630 10 5028 11 5267 12 4865 13 4667
887 15.6059700618567 1.0874949498512168 22.267858725812037 244 252 253 0.82910436999411163 5 4588 7 4763 4 4451 6 4437
891 15.857922310370963 1.1643894442573779 22.546912741023426 105 115 118 1.1377457314789958 3 4233 7 4784 4 4457 8 4199 5 4598 6 4460 9 3235 10 3566 11 3695 12 3394
893 11.606533758967407 1.2753096447145258 21.645661300418919 247 244 242 0.85056456437122607 5 4184 7 4796 8 4210 6 4481 9 4652 10 5054 11 5288 12 4894 13 4701
896 7.363960242496586 1.6504976765035539 26.001605896507957 185 176 178 1.1638929676703849 3 4255 5 4221 7 4826 1 3788 4 4484 2 4051 6 4516
897 7.363960242496586 1.6504976765035539 26.001605896507957 185 176 178 1.1638929676703849 3 4256 5 4222 7 4827 1 3789 4 4485 2 4050 6 4515
899 7.54557408881697 1.6710253268853719 26.153457775344439 198 183 179 1.4743230766177193 3 4257 5 4625 7 4834 1 3790 2 4052 8 4253 6 4517 9 4679
901 9.2579761635473208 1.4428600151792612 21.691282937072881 135 104 87 0.74997245623085984 3 4262 7 4840 1 3796 2 3686 4 4486 5 4620 7 5878 8 4269 6 4532
902 11.717281726410455 1.5494116533436588 23.069406341398285 72 75 80 1.0823973179978361 5 4224 7 4857 1 3803 2 4066 8 4285 6 4547
904 9.3042537766186353 1.6083789845378342 21.988316428696887 229 194 179 0.64679847918138567 5 4248 7 4912 4 4512 2 4081 1 3815 8 4330 10 3684 9 3338 11 3838 12 5004
906 11.828208663695831 1.7231942728659952 23.415200269246753 152 153 158 0.55857215096474822 5 3527 7 4928 4 4151 9 3358 13 3268 12 3505
907 11.834755966337806 1.7274007755545391 23.429232792098833 152 153 158 0.70294178175398769 5 3528 7 4929 4 4150 3 3914 9 3359 13 3267 12 3506
910 11.765885661801017 1.8033925479865922 23.575167376755289 129 130 135 0.80530506664432477 5 4650 7 4954 3 4298 4 4529 2 4096 1 3496 6 4641 9 5629 13 5711 12 6009
911 15.587211924528505 2.0252809952912103 23.560698936218831 180 187 187 1.9722974240455056 5 4310 7 4999 9 4829 11 5493 6 4683 12 5101
912 14.976744110441814 2.4552027358505342 25.975756079680529 173 185 154 2.2286609292638948 5 4708 9 4866 10 5298 11 5540 8 4430 12 5148 7 5044
913 10.007452139373521 -4.6601869118894754 23.280468773372633 212 194 171 0.2635882379759934 5 4730 7 5578 8 4897 6 5182
914 10.874660719951107 -2.0333043847666912 22.928341663235738 108 147 234 1.0045603723615888 3 4029 7 5649 2 3839 4 4587 1 3582 8 4948 6 5244 12 5764
915 7.8344394669485649 -0.61160138084266724 24.907142388109737 83 70 75 1.3450342990832669 3 4068 5 4795 7 5704 1 3634 2 3887 4 4286 8 3900 6 4109 6 5289 2 4226 9 5441 13 5510 12 5805
916 7.2939181243686031 -0.54037150453609284 24.738528534887635 89 64 63 1.2356861489851207 5 4438 7 5706 1 3637 4 4288 2 3893 8 3904 10 3087 9 2789 11 3226
917 15.645416466167429 0.17957924985120546 21.349550386621189 77 92 107 0.49967699234650459 5 4508 7 5764 8 5057
919 11.420621471065528 0.66815680262358856 24.456935159377462 76 80 89 0.79111270636301256 3 4470 5 4524 7 5780 2 4271 9 5507 8 4068
920 15.596965220206357 0.47710751006895219 21.366428970010958 81 91 98 0.70832293122080836 5 4869 7 5795 6 5377
922 14.514529538511418 0.90605677108804938 21.858232830652629 103 109 110 0.37213978965222011 3 4485 5 4562 7 5830 4 4697 8 5100 9 5529 10 6002 11 6298 12 5924
923 10.91220175385839 1.2400309049423892 24.026158287600474 193 194 197 1.0186489790647204 3 4491 7 5836 1 3992 2 4288 4 4426 5 4888 8 5118
924 10.930382396758361 1.2249914473947989 23.80551805667913 163 164 169 1.0939160119714613 3 4492 7 5837 1 3993 2 4290 4 4700 8 5119 6 5418 9 5538 13 5619
925 15.512595628823387 1.0108295897630435 22.039251698868227 101 114 116 1.152916640850886 5 4576 7 5845 4 4702 6 5428
929 11.872143430793811 1.3111661398594763 21.59231931347189 255 243 209 1.3411144696478106 5 4188 7 5866 4 4470 2 4047 1 3443 8 4229 6 4499 9 4669 10 5076 11 5304 12 4907 13 4712
930 11.934708949411148 1.3120620279050337 21.708325692550797 255 243 209 0.96320545048518302 5 4189 7 5867 4 4471 8 4230 6 4500 9 4670 10 5077 11 5305 12 4908 13 4713
931 11.310433540320775 1.3892082395642842 21.840453909506625 96 98 95 1.1668931858259179 5 4615 7 5871 4 4721 2 4311 1 4006 6 5454
933 11.644538358661141 1.5273679810871086 23.314436559478484 198 199 202 0.99263507266196593 3 4524 5 4916 7 5879 1 4008 4 4725 2 4312 8 5171 6 5460 9 5588 10 6071 11 6363 12 5972 13 5661
936 11.407342986601167 1.5106563945149269 21.991067018162951 90 92 89 0.96518959876862354 3 4535 5 4629 7 5896 4 4501 1 3810 2 4073 8 5193 6 5472
938 9.4803582017533987 1.8165485809929347 22.196931504558346 255 242 192 0.52854068150732925 3 4695 5 4672 7 5938 1 4030 4 4756 2 4334 8 5241 6 5523 9 5642 10 6672 11 6958 12 6577
939 9.4588280391921593 1.8123532708184182 22.151904390421663 255 242 192 0.57442652960602658 3 4696 5 4673 7 5939 1 4031 4 4757 2 4335 8 5242 6 5524 9 5643 10 6673 11 6959 12 6578 13 6269
940 9.5213313117637455 1.905304895916333 22.392005109006163 161 131 98 0.67443119298380139 3 4572 5 4682 7 5947 1 4037 2 4341 4 4766 6 5528
941 10.876018760943824 -3.0562111259938685 22.687911047388035 65 90 144 0.81909857785183882 3 4597 7 6312 1 4067 2 4368 4 4784 8 5607 6 6227 5 4982
942 10.808662874150816 -2.8555155632394031 22.988082901116456 5 106 174 1.4249730629642361 3 4602 5 4758 7 6321 1 4070 2 4370 4 4787 6 5863 11 6777 10 6491
943 8.057818794435029 -1.3718036037630508 24.794475081326279 194 183 166 1.31749105154869 3 4612 5 4773 7 6357 1 4187 4 4599 2 4471 8 5656 6 6257 9 6022 13 5487
944 8.108524005982332 -1.3883717647110574 24.951757537949067 194 183 166 1.5671137399656088 3 4613 5 4774 7 6358 1 4186 4 4600 2 4472 8 5657 6 6258 9 6023 9 6671 8 6289 11 7472 13 5488
945 7.7615289595136767 -0.79112212683672389 24.611473247059177 73 67 76 0.56630269577904901 3 4619 7 6371 2 4390 8 5665 6 6268 9 6038 11 6821 12 6426
946 7.0532799282559049 -0.27155062021877496 24.808207670388629 65 64 69 0.67408568831700555 3 4425 5 4803 7 6384 4 4636 2 4239 13 5526
947 15.040540879141712 -0.42293715328878217 21.424053987455526 86 116 145 0.5107086686225305 5 5003 7 6392 4 4819
949 15.21178384391045 -0.11729482540705195 21.403529503837198 72 87 102 0.76912057873456585 5 4831 7 6405 4 4661 8 5707 6 5936 9 6069 10 6581 11 6863 12 6469 13 6162
950 15.266350407659841 -0.11907912687005356 21.281112053203657 78 97 114 0.59002410700167585 5 4832 7 6406 8 5708 9 5474 10 5950 11 6865 12 6471 13 6163
951 14.953448084820907 0.039848827177046256 21.444562456675484 78 91 104 0.61089858753643822 5 4842 7 6410 4 4669 8 5715 6 5334
952 15.042226912060821 0.042622549535242207 21.549762676575554 78 91 104 0.866324984882195 5 4843 7 6411 4 4670 8 5714 9 6077 10 6586 11 6870 12 6476 13 6168
953 15.17329336826633 0.041150019007381605 21.483269751424103 73 86 99 0.81740563946190214 5 4846 7 6412 4 4834 8 5716 6 5940 9 6081 12 6477 13 6169
956 14.650898839147402 0.7123616942893658 21.774340864551018 77 88 91 0.71674607111589861 3 4663 7 6430 1 4130 2 4423 4 4855 8 5749 6 5386 9 5515 9 6111 10 6611 11 6903 13 6199
957 14.56816067451188 0.90274924740833529 21.789406833970801 97 103 107 1.2512323465024084 5 4882 7 6438 8 6076 6 5964 9 6459 10 6952 1 4213 11 7245
958 14.512457855570274 0.8957730298310308 21.701760421958738 97 103 107 0.78868010730188465 5 4881 7 6439 11 7246 10 6953 9 6460
964 14.207932510208884 2.1470958188293991 25.237727442649501 96 103 95 1.0241219775976476 5 4953 7 6489 6 6023
965 14.207932510208913 2.147095818829404 25.237727442649547 96 103 95 1.0241219775977162 5 4954 7 6490 6 6022
966 10.874438723121564 -4.5660051641764721 22.888668347609556 249 210 170 0.65487994763016344 5 4977 7 6683 8 5973 6 6218 9 6345 10 6866 11 6764 12 6371 13 6479
967 14.66213140016295 0.53427545726611547 21.77621283501454 88 97 107 0.51628669283040474 3 4744 7 6774 2 4494 4 4942 8 6067 6 6307 9 6448 10 6949 11 7236 12 6903 13 6574
969 6.983436375131344 1.540317998428526 28.698210108758982 103 108 106 2.2884941003588772 3 4753 7 6796 1 4215 2 4499 4 4948
972 9.1233425651513045 1.7579643020817137 21.994740063286095 143 121 116 0.74012518649975789 3 4693 5 4944 7 6822 1 4169 4 4903 2 4456 8 6112 6 6355 9 6498 10 6984 11 7291
973 15.800966006628324 1.8077617126728429 23.14308688902435 109 116 110 1.3668439754241632 3 4767 7 6824 8 6114
974 10.961581130225627 -4.3665099422713594 22.78979472281263 251 215 168 0.42891647059938531 5 5123 7 6967 8 6250 9 6625 10 7123 11 7435 12 7078 13 6759
975 10.948538403493053 -2.4805486988047489 22.799875306481123 1 82 160 1.5508658456158853 3 4708 7 6992 4 4918 8 5999 6 6542
976 7.2153545982479095 -0.59868897568119994 25.20089923921174 90 71 71 0.67641525351736764 3 4783 7 7016 2 4540 9 6680 13 6801 12 7133
977 11.181960302551063 1.0286877968131836 23.795851762289761 81 84 95 1.0434125926051583 5 5149 7 7037 8 6330 9 6702 10 7189 2 4552 11 7495
979 10.673217904817674 -3.337988131014392 22.499889058110597 30 94 160 0.82159749040570973 3 4815 7 7157 1 4269 2 4562 4 5008 8 6460 6 6716 9 6830 11 7438 12 7082
980 7.3212126312093329 -0.07336370765701572 24.968794957882938 107 88 86 0.7064304294142949 3 4832 5 5193 7 7179 1 4279 4 5022 2 4575 8 6611 9 6965 10 7473 12 7298 13 6992
981 11.935014065305191 0.75942568513314102 25.076625952881866 76 80 89 0.86627499511265282 3 4791 7 7189 1 4255 2 4550 8 6500 9 6864 10 7360
982 11.935014065305191 0.75942568513314102 25.076625952881866 76 80 89 0.86627499511265282 3 4790 7 7190 1 4254 2 4549 8 6501 9 6865 10 7361
985 11.500777183425917 1.281173734084329 21.777503784502294 86 88 88 0.86551708788204407 3 4840 7 7202 1 4291 8 6513 6 6761
986 11.463957627581367 1.275109561589254 21.714216314075227 86 88 88 0.59105972367677495 5 5154 7 7203 1 4292 8 6514 6 6760 9 6877 10 7370 11 7658 12 7322 13 7008
987 7.7842217118670227 -0.15506782604490987 24.681980287366319 194 167 156 1.4094007977689764 3 4831 7 7308 4 5021 5 5192 8 6610 6 6879 9 6964
988 11.726606818700528 1.2995825366548406 23.521418070299724 76 77 83 0.72154100675639032 5 5204 7 7320 8 6624 6 6896
989 15.20619168814912 -0.83723781647290485 21.034112891069292 248 254 253 0.51138628747406256 5 5189 7 7394 6 6957 9 7035 10 7553 11 7832 12 7498 13 7182
990 10.637333565144059 -4.7049375470994566 22.893759028415566 233 207 162 0.89421759636964682 5 5235 7 7435 8 6728 6 6990 9 7077 10 7594 11 7876 12 7545 13 7227
991 10.173337333130901 -4.5466735633391302 23.254867031425817 255 239 196 0.43190148277901363 5 5236 7 7436 8 6729 6 6991 9 7078 10 7595 11 7877 12 7546 13 7228
992 10.339513342948599 -4.2097490658186754 22.619880208998683 0 104 170 1.1408737807875506 5 5237 7 7437 8 6730 6 6992 9 7079 10 7596 11 7878 12 7547
993 10.192631150069719 -4.1958838727563705 24.30481753423739 51 56 70 2.45503455070076 5 5270 7 7491 8 6795 6 7048 9 7140 10 7626 11 7910 11 7942 12 7609
995 10.336390642913717 -2.0896418455720602 24.780641534798598 61 69 89 2.4712083684296746 3 4917 9 7159 11 7967
996 11.141946548509003 -4.4189436349704065 22.962304151367185 39 28 34 1.4519106718835733 3 1694 7 14 1 1678 8 10 6 16 9 2500 11 12 12 11 13 11
998 11.136231519375414 0.1273545944572062 22.897323226968723 9 103 189 0.41829901765037675 5 3933 7 2786 8 2538
999 11.140928919873366 -1.045584021152534 22.836105959192949 75 138 188 0.46227665189356554 5 3818 7 4390 8 3876 6 4080 9 2735 10 3033 11 3176
1000 11.460706143533445 -0.83165116983348009 22.779627410139703 187 120 191 1.6442121984526565 5 4994 7 6737 6 6269
1001 10.140556616740131 -0.41565031912519834 22.465379422654845 0 95 186 1.4713587517774322 5 4802 7 6750 1 3942 4 4809 2 4234 8 5685 6 5910 9 5448
1002 11.14847401101602 0.14689565882790492 22.695153386216237 166 181 221 1.3196669287316753 3 4448 5 5008 7 6762 4 4830 1 3674 2 4256 4 4664 5 4838 8 6058 9 6694
1003 10.652831756044378 -0.68677193686718774 22.042487127011054 5 107 192 1.5300365655398058 3 4878 5 5220 7 7389 1 4335 4 5069 2 4618 8 6690 6 7001
1004 10.596307336313396 -0.56859843163303103 22.465612561494968 5 108 207 2.3677668307049577 5 5260 7 7469 8 6775 6 7057 9 7119 11 7915 12 7586 10 7634
1005 10.818997213489707 1.219725402298264 24.035260551876398 203 202 205 0.41381001641848963 5 3378 7 890 8 840 6 2849 10 916 11 973
1006 9.3670173913304442 1.4800534154055003 22.084072173656732 143 113 105 0.42494936283405177 3 3190 7 1089 4 3479 8 974 6 983
1007 6.6888742886703367 2.1546537550165845 24.437251220695053 120 117 118 1.4846305770442321 5 4322 6 3174
1009 9.3561476627196907 1.6167091179714468 22.109855128883982 229 194 179 0.53293198797417696 3 4284 5 4247 7 4911 4 4513 6 5486 11 3837 9 3337 10 3685 12 5003
1011 10.608811012490371 -3.1859640261326949 22.78322450303283 3 101 178 0.46869879576791273 4 1948 8 69 3 1740 6 60 7 67
1012 7.6354909343165662 -1.5485279078761409 24.829961997423329 237 227 221 1.5317562110795815 4 2020 7 290 8 266 2 223 3 248 5 219 1 216 6 282 10 215 2 2719
1013 7.1214850762236752 -1.5140434784658381 25.278732850627044 139 130 99 0.52562077546886787 4 2982 8 273 2 1898 1 1756
1014 8.152533887023214 -1.4804473609050515 25.023805684403904 198 191 188 1.5670298308446275 4 2034 8 293 2 257 5 245 1 250 13 255
1015 7.7918722384782306 -1.0938929900682404 24.805973383834047 239 222 222 0.50212791786945299 4 2063 7 366 8 329 2 1917 3 1831 5 284 1 341 6 339 9 297 10 279 13 307
1016 7.8917330844155122 -0.58797805098963385 25.072308910360064 92 73 73 0.62549814925537184 4 2116 8 421 2 1970 3 1887 1 480 10 397
1018 10.821959384652121 0.6218856604268338 23.788967601585416 80 84 95 0.70046434118864742 4 3290 8 668 3 2962 1 2728 2 2925 5 2231 10 685
1019 7.460127811796367 0.76327605781472074 24.863261728030103 211 183 183 0.76136384812588576 4 3299 8 696 2 2124 3 2972 5 2246 1 1967 6 648 11 725 12 638 13 627
1021 11.362646729053601 1.2648110813466646 21.851993132680533 239 239 239 1.3775653655289575 4 2482 8 894 2 1197 3 2236 5 1031 1 1115 9 904 10 1008 11 1065 12 927
1022 11.331569274041101 1.2629884947843071 21.802458082229293 239 239 239 1.5139202558447904 4 2481 8 895 2 1196 5 1032 1 1114 12 928
1023 15.996697860995447 1.1487021078474282 22.324374007470283 217 222 226 0.87152691212389977 4 2502 8 909 5 2419 6 889 9 907 10 1024
1024 9.3835766878455225 1.5153171138487891 21.926262655707866 162 118 95 0.90399629766576872 4 3493 7 1123 8 1003 9 3314 1 2907
1025 8.5287390111432941 1.6129298070429268 21.183510363216609 184 141 100 1.0653538499546755 4 3543 7 1240 8 1101 5 3542 2 3135 1 2236
1026 15.291048018622778 1.7206545950737748 23.104884784369222 170 175 174 0.84623504035492625 4 3567 7 3360 8 1132 5 2629 6 1164 9 1170
1027 9.931711522483381 -4.1270346805597313 22.988351752682515 99 106 131 0.69160475956531065 4 3649 7 2300 8 2136 3 3406 1 3073 9 2511
1028 7.5971472727524993 -1.0401507950218303 24.8699351618016 176 160 163 0.56449160005152121 4 3029 7 2554 8 2344 2 2757 3 2742 5 1991 1 2563 6 348 9 311 10 297 12 324
1029 7.3392880544958761 -0.73377974109661981 25.000335696204441 99 70 67 0.3273243839276832 4 3761 7 2613 8 2396 2 3380 1 3162
1030 7.3303967315651724 -0.73335688790871245 24.97207672023772 99 70 67 0.37055293853689453 4 3760 7 2614 8 2397 2 3379 1 3161 6 2383 12 2921 13 2651
1031 7.7892414513636625 -0.5415448195220901 24.811725246489477 224 211 208 0.43477384935828095 4 3089 7 2638 8 2422 6 2404 9 403 1 2614 2 2798 10 410 11 431 12 2948 13 409
1032 14.129934319796575 -0.76134386023960099 21.679730257845822 218 213 214 0.24737038093943856 4 4290 7 474 8 2434 2 3405 3 3530 1 3179 6 2421 9 415 11 451
1033 14.13534449544386 -0.44592789153935969 21.664140538596648 248 253 255 0.27446707895500827 4 3825 8 2468 5 3883
1034 7.3238923315477304 -0.10033337681339029 24.864774825001312 163 149 149 0.23730498321274526 4 3836 7 2714 8 2476
1035 7.5415068235149265 -0.098897667252090066 24.883282795593157 155 138 140 0.50312690283787465 4 3141 7 2715 8 2477 3 3573 5 3139 1 3212 6 4159 9 2862 10 495 11 3303
1036 7.0724015208246787 0.12267597678795562 25.442488423834071 226 223 228 0.5401828668829145 4 3187 7 2755 8 2514 2 2856 3 2860 6 2496
1038 15.327188175757682 0.11615670014796153 21.371195534275142 164 175 186 0.64251585499360675 4 3907 7 4568 8 2585 5 3965 6 4226 9 4481 10 4871 11 3411 12 3120 13 2846
1040 14.561663934788882 0.47910734334817556 21.779771927087555 182 191 197 0.45664079203814617 4 3966 8 2650 2 3533 3 3689 5 4022 9 3044
1044 15.32680082734325 0.91381935360546807 21.754559753682443 153 166 168 0.59723942146082964 4 4044 8 2745 5 3366 6 2840 7 4712
1046 11.757560751232667 1.3358046674592925 23.354007241405352 122 123 128 0.67754218572773894 4 4082 8 2822 3 3102 5 4171 1 2828 2 3015 9 3231 10 3559 11 3686 12 3390
1048 11.106074624766741 1.6017722701602821 23.586994673606259 181 181 186 0.87218086631090885 4 3486 7 3245 8 2910 2 3083 3 3197 5 2524 1 2903 9 1016 10 1127 11 1196 12 1059 13 994
1049 15.853641649750807 1.3838574196067219 22.347583308393634 132 141 142 1.0789105327106518 4 4502 8 2917 6 4560
1050 15.304604898644296 1.684739750292207 23.060205594265064 114 117 123 0.50954326921722881 4 4166 7 3336 8 2986
1051 8.8967006150630823 1.7652990081103348 22.017078443559686 195 123 101 0.87769259103773856 4 3579 7 3367 8 3023 3 2458 5 2661 6 3132 9 3409
1053 7.5788691717671206 -1.1924579784838414 24.889924048932958 82 67 72 1.1327873204041388 4 3717 8 3854 2 3346 5 3800 1 3131
1054 7.3828932543390016 -0.48612148617564654 24.862724650914348 167 144 145 0.82470063402234928 4 3794 8 3910 3 3539 5 3856 1 3185 2 3410 6 5296 9 4395 10 4769 11 5000 13 4381
1060 9.1801041766280065 1.6263699625715249 21.932336758541968 119 111 118 0.67854301755886237 4 4518 8 4344 9 4758
1061 8.8643453594370971 1.6512585559185737 21.7012442961483 255 235 220 1.1284322895406673 4 4528 7 4947 8 4360 5 4651 2 4092 3 4548 1 3827 6 4633 9 4772
1062 8.7589151914344416 1.6588773483984192 21.590441463066711 253 232 173 1.2960290902539628 4 4535 7 5927 8 4365 2 4095 5 4266 1 3495 6 4640 6 5502 9 4779
1063 8.928089402163522 1.7173114066751987 21.844931565744417 200 141 67 0.99547562363111253 4 4169 7 3352 8 4373 3 3934 5 4271 2 3727 1 3502 6 4646 9 4791 10 5219
1064 8.9376405417572951 1.7203683787673998 21.867925414698178 200 141 67 0.98899976351145791 4 4170 8 4374 5 4272 1 3503 6 4647 9 4792 10 5220
1065 15.220108043759883 1.7746646307951244 23.075669549782596 118 124 117 0.8332457419514977 4 4548 7 4970 8 4379 9 4802
1066 15.521178403568019 1.7751978801302224 23.12196479449841 114 123 121 0.92725433652705458 4 4549 7 4978 8 4380 3 4320 5 4282 9 4809 10 5230 11 5466
1067 10.798959327754876 -3.5242604827053645 22.626900404047902 53 81 118 0.90734309018073489 4 4574 7 6299 8 4903 2 4177 3 4361 1 3877 6 6222 9 5362 10 5814 11 6101
1068 11.016731293928103 -1.9720675966676973 23.195917677532599 13 90 162 0.20192029399323244 4 4589 7 5651 8 4957
1069 7.5110796521198342 -0.88726125094262931 24.888045606757522 71 71 70 0.66974722835877953 4 4610 8 4984 2 3874 3 4394 5 4418 1 3926 6 5274 9 5425 10 4735 11 4959 11 6192
1071 14.555591149946956 0.40774330007237802 21.761976842920305 102 112 119 0.41137334493437583 4 4361 8 5073 6 4270 9 5504 11 6273
1072 10.921419533541471 0.66573786929245238 23.686413480128078 84 87 100 0.40006732553659458 4 4368 8 5078 2 3952 3 4143
1073 11.226182140118778 1.0572000066016529 23.542383273386637 121 124 137 0.62278108104684393 4 4694 8 5095 6 5403 7 5821 9 5524 10 5998 11 6295
1074 15.291004624027723 0.90163364185591166 21.609919370654502 96 109 111 1.2135732669236083 4 4699 8 5106 5 4567 6 5415 12 5927 11 6300
1075 10.907430992627555 1.2363586172915078 24.017676907398641 174 174 177 0.98695260506402105 4 4425 7 5835 8 5117 2 4287 3 4490 5 4887 1 3991 9 5537 10 4993 11 6309 13 4627
1076 15.921309888568198 1.6963731250795011 22.75717333033964 157 158 144 0.97200242617704191 4 4750 7 6485 8 5236 3 4567 5 4661 6 5517 10 6124 9 5636 11 6410
1077 9.131608536515083 1.8136189537850242 22.276222360024743 255 246 184 0.86321369940902626 4 4752 7 5937 8 5238 3 4566 5 4671 2 4333 1 4029 6 5519 9 4807
1078 15.910423140583898 1.8672294888660046 23.271029991777546 112 119 113 1.8906278313277269 4 4767 8 5247 3 4577 5 4951 6 5527 9 5646 10 5242 11 5478 13 5733
1079 15.148634457556801 0.83527567058558272 21.594563659657663 94 107 109 1.2152148989576246 4 4861 8 5755 5 5021 9 6117 11 6911 10 6005 12 6508 13 6212
1080 15.410082550245304 1.6575753047412245 23.298251408523672 118 121 125 1.5074326640116926 4 4896 7 6480 8 5787 3 4689 5 5055 6 6007 9 6152 10 6663
1081 9.4293235185525184 1.7275950818154742 22.251932957050379 148 121 112 0.75733637904057849 4 4900 8 5791 2 4451 3 4690 5 4938 1 4165 6 6010 9 6156 10 6665 11 6952 12 6572
1082 9.4349408660451672 1.8255482966642915 22.359783160703326 255 245 157 0.65865669613908162 4 4905 7 6487 8 5795 5 4946 2 4459 1 4172 6 6014 9 6157 10 6670 11 6956 12 6575
1083 10.599354316133628 -4.2026125755924006 22.547098494098318 164 170 246 1.8920157686551047 4 4776 7 6685 8 5976 9 6348 10 6870 11 7153
1085 15.120762194109988 1.4271817037640788 22.991759823306527 121 125 124 0.78135159909631391 4 4956 7 6809 8 6100 5 5045 6 6344 9 6484
1087 9.6386497267845765 1.7108195802799637 22.455344776090868 138 120 119 0.48453082071812731 4 5005 8 6351 2 4559 3 4806 1 4264 6 6614
1088 7.8072653736235198 -1.3584469547513198 25.107694911837029 74 75 81 0.80486719841382781 4 5017 7 7294 8 6599 9 6954 10 7456 11 7752 12 7414 13 7088
1089 7.139195677785545 0.14896244265474021 24.816374268702543 72 71 76 1.0860958706104153 4 5058 8 6615 3 4865 5 5223 1 4318 9 6968 10 7477 11 7764 12 7426 13 7099
1090 15.570338742226721 1.3706133907081011 23.105949496821502 113 121 124 1.5888912490505758 4 5063 8 6627 3 4869 9 6978
1092 16.026466537535285 1.1064906022700995 22.449035089761615 126 126 126 1.2849744947865207 4 4080 8 2815 5 3408 7 3136 6 4445 9 3227 10 3556 11 3682 12 3383 13 3142
1094 10.731565403443474 -2.9253109555308785 22.957429907577975 138 214 253 0.7159283545455366 2 2681 4 2921 6 102 3 2650 1 2480
1095 7.3328474903548457 -1.5307182725894279 24.872587649163929 148 141 136 0.60944587671451611 4 2975 5 2982 6 281 3 2699
1096 7.7669329592024603 -1.5154554768600235 24.967935054546725 127 114 105 0.09477310119236404 5 1942 6 291
1097 7.6915661682250844 -1.4689706308528787 24.834885733118579 218 208 203 0.39885061809002248 5 1950 7 316 6 300
1098 7.9525852599512259 -1.4650545204278274 24.598523816962974 122 110 86 0.59837016773691698 5 1952 6 307 9 259 10 234 11 261 12 258
1099 7.0659087357005737 -1.4147638597149781 25.306833870291808 76 70 66 0.87896009813500586 5 2989 6 308 3 3461 4 3705 2 3330 10 238 11 3111
1101 14.271449815144978 -0.79181418350334054 21.64857391383077 236 221 218 0.29445658537593716 2 3400 6 424 10 419 11 443 12 404 13 412
1102 14.283053118217842 -0.79340535727980133 21.666981723596077 236 221 218 0.30936213638298499 4 3082 5 3083 6 425 13 413
1103 14.002726361517214 -0.67887569282172056 21.749598256654036 206 202 211 0.44473021918916888 5 3102 8 454 6 434
1104 14.091110252917485 -0.67801197075727049 21.725028316909338 104 96 107 0.24509811002299342 4 3101 5 3103 6 435
1105 7.7846821133180892 -0.16786976437448398 24.825877576845482 216 186 182 0.32975435868761038 2 2021 4 3130 7 526 6 462 8 488 3 2828 1 1869 5 477 9 448
1107 14.862300065890013 0.32334557221651544 21.548621038653831 97 115 122 0.5713832139512266 4 3275 7 683 6 616 8 2625 3 2947 5 3266 2 2106 9 3013 10 674 11 700 13 2881
1108 11.218794208422185 0.83689827606792011 23.998608917809886 87 93 129 0.84462851535460859 4 2353 6 693 2 2950 3 2994 5 2268 1 1981
1110 10.8399777552298 1.226619594749045 24.311440879715267 99 98 101 0.98675872250949404 2 2184 8 831 6 786 1 2019
1111 16.01146916255535 1.1430355512003658 22.389708832565706 122 127 131 1.381469861933917 4 2488 8 906 6 883 5 1025 9 905 10 1013 11 1074 12 938 13 897
1112 11.55369097686394 1.4339460364955945 22.200734321796666 93 94 93 0.5245271236165413 5 2495 6 963 3 3178
1113 9.4230740955530639 1.5192418847667797 22.007957416053639 172 124 100 0.74760516899758489 2 3090 5 2538 6 1009 3 3214 9 3313
1114 9.4357804327463999 1.5229602779086986 22.051283314013958 172 124 100 0.65944497256570334 4 3494 5 2539 7 1122 6 1010 3 3213
1115 9.4655161147580547 1.5438950175169692 21.941340216094854 162 113 94 0.79877122224210162 2 2341 4 2616 6 1023 3 1385 1 2171 12 1083
1117 15.80337283205583 1.7403626434300965 22.751521166099323 140 142 135 1.327718734292467 4 3596 6 1188 3 3332 5 2664
1119 11.998708997107109 2.1756273572205322 24.354224060405055 86 80 79 0.51329747409030546 5 4308 6 1219 4 3633
1121 -0.73090845615173916 0.014140756753695067 -0.54754757698154199 187 194 200 0.18966316297960129 8 5801 6 1642
1124 7.0203887144369537 -1.6112142357004786 25.210699632531473 203 205 200 1.2591964579711046 4 3697 6 2243 2 3325 3 3452 12 2832 11 3097 13 2560
1125 7.6146683500623311 -1.5067847114513555 24.502168572072787 215 203 194 1.0695231688392266 2 2723 6 2259 1 2531 3 2705 4 2980 5 1939
1126 7.1001837470895861 -1.4688075503200082 25.143572201648752 226 215 195 0.68147861827508494 4 2986 6 2268 2 2731 5 1944
1127 8.3526884879884147 -1.5394065768900278 25.505448770194644 67 64 70 1.3182840862039065 4 352 6 2271
1128 7.4624567146101395 -1.1894372807768454 24.802154983354516 72 63 69 0.72343509949673701 4 3716 5 3010 8 2315 6 2298 2 3345 3 3475 1 3129 9 2685 10 2990 11 3124 12 2863 13 2595
1129 7.5273191658355829 -1.1054133410393598 24.92523168398494 78 68 73 0.57880471400803069 2 3356 5 3805 6 2319 1 3140 3 3486
1130 7.6839850530623801 -0.75179111557631229 24.868100988919121 178 109 118 0.59641851162209758 2 3375 8 2398 6 2384 3 3502 4 3050 9 2762 7 2609 10 365 11 3203 12 2919 13 2653
1131 7.7107618524135297 -0.70615841583616212 24.841601773251682 129 72 87 0.60355914706345315 2 3384 4 3765 5 3831 6 2388 1 3165 3 3509 9 2772 10 3066 11 3207 12 2925 13 2665
1132 7.188989755725089 -0.54252961920699649 25.153397594347375 74 60 59 0.71745597442337505 2 3892 7 2635 6 2399 1 3640 3 4073 9 2788
1133 14.323896344781842 -0.79393393597311501 21.603753834394837 233 218 217 0.5470966433870067 2 3395 4 3780 7 2647 6 2414 8 2429 3 3524 1 3174 10 3100 11 3232 12 2955 13 2688
1134 10.655096202884149 -0.32039878170674863 23.162313246614833 1 93 185 0.23816730233436934 5 3878 7 2689 6 2447
1137 15.634040759824266 -0.0029082716764113272 21.213306836467435 89 107 134 0.83190159665048802 5 3946 6 2585 10 3242 8 2566 9 2951 7 2831 11 5090
1139 10.769739280168848 0.62492834885027859 23.801900940418804 193 194 202 0.60032350059680328 2 3519 7 2919 8 2633 6 2670 1 3303 9 3024 12 3165
1142 11.547925901676729 0.75307788998413872 23.214968556394229 106 110 118 1.0463667301443094 4 3981 7 2966 6 2725 8 2664 2 3962 1 3707 9 3057
1144 11.690567027141679 0.84409885619201286 23.221529705905549 103 107 115 1.2372710332638051 2 2962 7 2991 6 2762 9 3097 10 3390 11 3522
1148 14.558182613205378 0.97772719349626147 21.872955940692279 214 220 219 0.44863491850677617 5 4130 7 3076 6 2853
1149 6.6197010251137645 1.4659922764914615 27.668636069526809 128 113 92 2.1731489302156284 2 3608 6 2879 1 3402 3 3079 4 3389 4 4075
1150 6.6023696623940387 1.4700479181874875 27.632906071178411 128 113 92 1.9283008906249588 4 3390 6 2880 3 3080
1151 15.367904834579626 1.149173449728087 22.46357739577309 120 125 129 0.403452721575494 4 4088 7 3143 6 2917
1155 11.453149282116486 1.5016237562072634 22.206557434685905 249 250 247 0.8032516962112447 5 4228 7 1116 8 2912 6 3021 4 4493 2 4318 3 4532
1156 15.758583609552913 1.4265783444291322 22.687640146101511 173 180 184 1.0734451897479269 5 3498 7 3251 6 3028 11 1220
1158 8.6739424773484046 1.7513891667335915 21.641161145603345 150 109 99 1.543168289364246 2 3168 5 3592 7 3374 6 3135 4 3594 1 2986 3 2473
1159 11.621065562370534 2.069632735098391 23.733667740957209 214 205 203 0.88496331672353201 4 3625 5 3630 7 3393 6 3157 8 3044 9 4821 10 6142 11 6435 12 6587 13 6277
1160 15.706196570270979 2.0421934168564531 23.69695039208219 121 125 117 1.6136827775263549 2 3780 7 1344 6 3164 9 1228
1162 10.704914796867357 -4.8941245417629426 22.989533825957263 244 225 211 0.86154636072851987 5 3742 6 3904 10 4619 11 4851 13 4260
1163 10.894345884719108 -4.0791892546167672 22.891204397637345 83 80 130 0.3912892228798045 5 4365 7 4244 8 3762 6 3913
1164 10.82624036464766 -3.9604140641127952 22.733475477443434 74 71 117 0.54961099159884719 5 3752 7 4246 6 3914
1165 9.5491902636679242 -3.591939036889614 21.601963762278352 23 148 225 1.9045268203822951 2 4171 6 3918 3 4356
1166 7.7730963894952652 -1.0823239741627428 24.937670212327788 91 76 80 0.43031322517193094 4 3735 7 4378 6 4060 10 4725
1167 7.6038679404549177 -0.8387270899423217 24.647269071348287 106 98 153 0.33384242754941518 5 4422 7 4394 8 3880 6 4084 9 2747
1168 14.288644564206779 -0.85270156079516457 21.596880863918994 93 96 107 0.67846538369240861 4 4284 5 4435 6 4111 13 5511 12 5808 11 4991
1169 7.5116533247271349 -0.37692062595224168 24.7236647497894 117 99 109 0.59836450211032399 2 3900 7 4435 8 3918 6 4127 1 3646 9 2811 10 3120 11 3250 13 2706
1170 10.589623090167622 -0.3506229590747369 24.03227084358036 192 202 254 0.25642056211332687 5 3874 7 4447 8 3926 6 4136
1171 13.928933913526402 -0.45832468021841027 19.437093218696823 120 146 173 2.6789281526974182 5 3885 7 2702 6 4148
1172 7.0407127727541692 -0.051748999588177545 25.042089022182623 73 53 53 0.43615809588093812 5 4475 6 4162 9 4426
1174 15.279519626553945 0.11735432753102615 21.300926719682945 161 172 182 0.42567651816922264 5 3966 6 4225 13 2847 11 3412 10 4872 8 2586
1175 14.912712074528077 0.28976597333352561 21.661411071687535 83 102 110 0.50065507778040219 5 4513 6 4244 4 4352 2 4267
1178 7.3411773085770093 0.91994144975459791 25.017796493617649 107 93 97 0.78204624649025301 2 3968 4 4386 5 4065 7 4636 6 4304 1 3713 3 3706 12 4759 13 4565
1179 14.638989908330629 0.60581151248516507 21.91346973572697 87 97 100 0.67039946102354264 2 3975 4 4377 6 4309 3 4161
1181 7.3690072764917414 0.97990415337668435 25.110479848174766 166 148 157 0.48621517521047319 4 4002 6 4326 2 3555 3 3719 1 3339
1188 7.5905815935212102 1.4723659722846323 25.45154060152667 96 86 94 0.61183024246336426 4 4458 6 4449 2 4025 3 4230
1189 11.379946831775481 1.2919042075802141 22.215798196056518 81 82 86 0.87142836613138963 4 4456 5 4597 7 4783 6 4459 3 4232
1192 11.755643137802217 1.5298777454583439 23.296573933879795 75 76 82 1.2256157542198103 2 4055 5 4213 8 4261 6 4534 1 3798 3 4264 9 4694 10 5111 11 5341 12 3444
1193 7.7260794293185873 1.6952905907140576 25.733850628029167 105 91 86 1.0886202428536322 5 4230 6 4535 4 4130 2 3685
1194 11.764582888719007 1.5523591960457637 23.148144540060233 75 78 83 1.0167857318785161 4 4492 5 4223 7 4856 8 4284 6 4546 1 3802 3 4268 2 4065 9 4712 10 5134 11 5354 12 4948 13 4750
1197 7.7719305276005821 1.8828670794043236 25.861351792488509 242 242 242 1.1475638971233686 4 4520 7 4923 8 4339 6 4604 9 4752
1198 7.7629856877102146 1.8722073789285616 25.833036955577558 242 242 242 0.95614932908210026 5 4259 6 4605 4 4521
1200 12.068619437355517 1.8870436734000116 23.877284872535828 93 94 97 0.48479545484589615 4 3560 6 4651 5 3559
1201 11.998710723366637 2.1296062599716508 24.276819238692873 225 218 216 1.1309813509102324 5 4686 6 4675 4 4563
1202 5.4087037450881255 2.2010234976037393 26.447263888364922 148 143 129 2.5344015567465634 5 4318 6 4679
1204 10.739546620668154 -2.653778156705394 22.814189267136427 5 92 154 0.76214678803692382 4 4235 6 5218 2 4188 3 4020 1 3893 11 4896
1205 7.0451805606444946 -1.0323132215174378 25.146385603534384 53 58 64 0.73357766250687284 2 4213 4 4604 7 5680 6 5271 8 4982 3 4385 1 3917 9 5418 12 5793
1206 7.0556117959181774 -1.0345533982511232 25.180393733158859 53 58 64 0.63619499042198058 2 4212 7 5681 6 5272 1 3916 3 4384 4 4603 5 4414 9 5419
1208 10.631154369321882 -0.35185543723472834 23.240834963145215 190 220 255 0.63410967398961304 5 4461 7 5718 6 5306 8 5011 1 3653 3 4087 4 4308 2 3905
1209 14.258371311109929 -0.46500283537746889 21.713172278358471 79 93 109 0.34281987988050949 4 4311 6 5308 3 4428
1210 14.292644218466478 -0.29080446287576117 21.712424540162747 79 92 108 0.19269884985554839 4 4321 6 5322 3 4100 1 3661 11 6231
1211 15.155946165596941 -0.27168895665847831 21.369945244883372 74 97 116 0.6881380070695885 5 4821 7 6399 8 5702 6 5326 4 4650 9 6064 10 6571 11 6851 12 6458 13 6147
1213 15.456808507280847 0.039724914115413748 21.143050275235733 69 88 108 1.1033953339640707 5 4501 8 5045 6 5341 9 5486 10 5958 11 6253 12 5871 13 5568
1214 15.442817342625883 0.17869845061694012 21.256939908818321 69 87 101 1.0065196498628552 5 4853 8 5054 6 5351 9 5492 10 5965 11 6258 12 6488 13 5574
1215 10.908338685057382 0.79284794255319258 23.601101582845448 84 88 98 0.82632927898179187 4 4690 7 5798 6 5378
1216 10.889395243832055 1.2923009387751805 23.832706157230842 90 89 93 0.98018333848632166 2 4013 4 4439 6 5425 3 4499 5 4145 1 3398 10 5011 11 5249 11 6323
1217 15.643819158986551 1.1711511234480267 22.47348869980889 113 121 124 0.51112730249608584 4 4880 7 5856 8 5138 6 5443
1218 7.5608009823806768 1.5538212587189777 26.146935713118335 184 171 165 1.1942854241774459 2 4028 8 5146 6 5444 1 3772 3 4234 5 4613
1219 7.3198953891899734 1.6588152526283635 26.100222952915654 171 163 171 1.2505438582275017 2 4048 4 4487 6 5452 3 4253 5 4226 1 3791
1220 15.891182744057614 1.4166359204685621 22.619311797584864 161 165 162 0.99670666205640901 4 4732 7 5895 8 5189 6 5473 3 4536 5 4628 9 5603 10 6091
1221 12.134973932390547 1.8347418932175403 24.036861520307571 76 77 83 0.21158284700419205 4 4523 5 4937 6 5503
1222 15.8713950637417 1.6318493578690394 23.05214019651547 128 130 135 1.3582037065114081 5 4649 6 5504 4 4530 3 4306
1224 15.769369759364301 1.9350165495157041 23.122048625227706 198 203 198 1.5604548657894588 5 4688 7 5948 8 5251 6 5533 9 5651 10 6147 11 6438 3 4584 4 4772
1225 6.2570916373339953 2.1467027944515413 24.041539121920088 253 253 254 1.743764786744689 5 4969 6 5553
1226 10.419575608126117 -4.3227540455335474 22.58703107892822 62 86 135 1.2397328209121801 5 4734 8 5595 6 5847 7 5579 12 6373
1227 11.217506562827644 -3.0192606774286821 23.042303694467282 74 134 239 0.76771299306466656 4 4917 6 5859 3 4704
1228 11.022594512863233 -2.7924251591427929 22.659553811693375 97 143 241 1.1384621585025101 2 4373 6 5864 3 4603 1 3890
1229 11.254276105843108 -0.34961512155418306 22.665991400598539 151 161 229 0.4713735444883107 5 4804 6 5914 4 4638 2 4240 3 4426
1230 15.362311039112999 -0.12608770730180149 21.583272731104049 72 87 102 0.69536200008407112 4 4660 5 4830 6 5937
1232 15.24790893838736 0.1858686379018582 21.54022558803808 79 92 101 0.39244982782420273 5 4855 6 5945 4 4841
1233 5.8651376779311617 1.4793091684066706 27.445179511885343 90 79 86 1.5494168489159514 5 4898 7 6449 6 5977
1234 15.478077849417838 0.99257214859926912 21.860885369014511 97 110 112 0.90960905714816875 4 4873 5 4893 7 6794 6 5978
1236 5.9851786631847839 1.8049345887020452 26.22129135293115 113 102 114 2.0362066749312242 5 5056 6 6000 4 4894
1237 15.438499505567091 1.5728821122560426 22.684254374444897 114 118 124 0.76464071469612716 4 4744 7 6478 6 6006
1239 10.994169314252577 -4.5628878061675398 22.846859063512031 62 59 69 0.70558323161585901 5 4978 7 6966 8 5974 6 6219 9 6346 9 6624 10 6867 11 7150
1240 11.326813509817814 0.23493395195763811 22.891675319388593 147 60 107 1.0466729960285033 2 4407 7 6764 6 6293 1 4115 3 4647 5 4844
1242 6.3785471997982954 1.5695863841885578 28.812617132141334 205 188 166 2.8016035890682596 2 4501 4 4950 7 6797 6 6331 1 4216 3 4756
1244 10.691306085472242 -3.9085052731973131 22.673642569224583 195 146 205 1.6516513136372435 4 4915 7 7154 8 6459 6 6510 3 4703 9 6828 10 7444 11 7742 1 4063 12 7399
1245 10.557463207297506 -0.1907767811823039 23.825546551589266 214 209 246 1.2577875800976626 4 4990 5 5095 6 6568 1 4198 3 4733
1246 6.6197904315584548 1.5555110615302221 28.03809034093868 231 209 177 2.9548046940435841 2 4504 4 4952 5 5105 6 6596
1248 16.554173198653647 1.8841673089179949 22.840684403568073 128 129 124 0.65922158560860056 5 5114 7 7059 8 6355 6 6618 9 6727 10 7221 11 7522
1253 10.187016631919196 -0.78842773393080001 22.02138174544017 9 119 206 1.6636494516383113 5 5219 7 7301 8 6604 6 6875 9 6959 12 7292
1255 9.6533049255348313 -3.4137876404132204 22.043649092882024 92 198 246 2.0548236312675559 4 5079 5 5238 9 7080 8 6731
1258 11.092300762416301 -1.2142774653632227 23.752489859874125 234 121 236 1.4129377435934016 2 4651 6 7081 4 5111
1264 4.8852270598482566 1.5267589030457633 22.137770073175766 105 99 110 2.3307229441449424 5 5109 8 6108
1266 10.475297908856406 -4.4294759535820747 23.006695569211523 186 193 184 0.2469158389180186 8 8 9 5 6 14 11 8
1267 7.0482757909129496 -1.5671585775770702 25.296706841961242 114 116 95 0.6682930876371832 1 2516 8 258 9 226 2 2713
1268 7.3482339308907187 -1.5773408728224068 25.001943581852455 244 236 219 0.50824835174881899 1 2514 5 1933 9 227 3 2693 4 2966 2 2712 10 202 11 228 12 226
1269 7.3482339308907187 -1.5773408728224068 25.001943581852455 244 236 219 0.50824835174881899 1 2515 5 1932 9 228 3 2692 4 2965 2 2711 10 203 11 229 12 227
1270 7.1045988117446175 -1.5072055357773451 25.33948295014071 133 128 91 0.63160131262445329 5 1940 9 245 1 1757 2 1899
1271 7.9897477887429043 -1.4720773959328886 24.716974658077373 113 101 72 0.52966916120154717 5 1951 9 260 10 235 11 262 12 259
1272 7.5861464167625199 -1.0591481833356651 24.998958585953623 167 157 160 0.21324227873564222 1 1787 9 306 2 1923 3 1834 4 2069 10 289 11 308
1274 7.6951872180010614 -0.70526305072623841 24.922687495662878 116 68 76 0.28807337986726261 1 2593 5 2025 9 380 3 2771 4 3060 2 2782 10 375 11 395 12 372 13 381
1275 14.459914965845169 -0.76630361927261958 21.508366237751609 101 98 105 0.479577825318309 1 2610 9 417 2 2802 3 2791 4 3787 11 3242
1276 7.2822015036669185 -0.44991865707947726 24.803902046413242 79 63 72 0.22120194810575314 1 2616 8 444 9 419 6 2419 7 2653 2 2808 3 2798 4 3100 10 436 11 452
1277 15.502924250343277 -0.17287045901972015 21.183167853281468 119 137 156 0.73068171935739445 5 3180 9 524 10 564 6 2530 11 577
1279 8.8609624443887629 1.3923354865341504 23.317292570679367 249 220 215 0.36075903002689735 1 2087 7 992 9 900 3 2240 6 882 2 2261 4 2499 10 1005 11 1063
1280 15.962866504139503 1.1342460114118296 21.351593625844821 101 105 132 0.8908862979071166 5 2451 8 935 9 949 10 1073
1281 11.110480398473465 1.6244390257929562 23.733975597350632 181 182 183 0.85588903231695779 1 2156 5 2528 9 1014 4 2592 2 2322
1283 8.9284641416863053 1.6472172493148827 21.724997027109932 144 123 113 0.90882606884892014 1 2228 9 1127 5 2610
1287 9.9538475368164789 -4.1203485074851134 22.820670026096312 91 104 131 1.850477148423481 5 3746 7 2299 9 2509 11 2965
1288 10.042279797836372 -4.1830854071875088 23.298983250411126 97 101 126 1.1453020862174406 1 3075 7 2301 8 2135 9 2510 2 3291 10 2840 11 2966
1289 7.8762451619141141 -1.6605803909276988 24.925048450710314 78 76 70 0.78274801042282416 1 2509 9 2643
1291 7.7023181070837827 -1.1657602236689617 24.766007903135907 76 69 76 0.76385798411410721 1 3135 7 2519 8 2321 9 2690 6 2304 2 3350 3 3479 5 3014 4 3724
1292 7.7151721451975872 -0.79563633519083765 24.845316800742228 106 61 121 0.75386821658413994 1 3155 7 2597 9 2753 6 4088 2 3373 13 2644 12 2914
1293 7.3892734604250823 -0.78057142707621163 25.004874861363838 198 181 173 0.30361980455030846 1 3156 5 3051 9 2754 3 3497 4 3756 2 3371 10 3055 11 3195 12 2913 13 2642
1294 14.616390724886701 -0.93172118364992251 21.435697113819334 163 170 218 0.67372454159856532 1 3163 8 2413 9 2780 10 387 11 3214 12 2933 13 2672
1296 7.8017647622820565 -0.26345051143205112 24.8530580560701 226 202 200 0.23402545075307857 1 3192 9 2825 2 3419 3 3553 10 3132 11 3264 12 2981 13 438
1297 7.7030919515256899 -0.2372425445931424 24.943824555001655 114 55 67 0.36035302816879028 1 3194 8 2462 9 2831 6 449 7 507 2 3423 3 3557 4 3820 10 3136 11 3274 13 2716
1298 10.709566163446466 0.38336410755145234 23.728100529938022 119 134 144 0.67364587133790776 5 3232 9 2971 3 2043 4 3240 10 631 11 644
1299 10.725101552752344 0.38881121063714053 23.759311959200559 119 134 144 0.73231769274985503 5 3233 8 2593 9 2972 3 2042 4 3241 1 1932 2 2080 10 630
1301 11.188454129851689 0.51817354755620082 23.473351855857089 82 85 96 1.1378362167067078 1 3286 8 4047 9 3002 3 3655 5 3264 10 4885 11 5117
1302 11.75168749595673 0.62399143473334473 23.104308268151755 73 77 86 0.72046171523504765 5 4017 9 3040 1 3310 3 3680 2 3526 10 4910 11 5138 12 4741 13 2915
1303 14.59754454323742 0.64148123903734211 21.789295570603358 195 205 207 0.44586656169695887 1 3337 7 4645 8 2681 9 3086 6 4321 2 3557 3 3714 4 3994 10 3378 11 3507 12 3222 13 2970
1304 15.236960348192992 0.91019797232333421 21.641162320178228 152 164 166 0.19688119777297622 5 3367 8 2746 9 3162
1305 10.63407794064153 1.2470832782013264 23.868515025014485 203 204 207 1.1123072129496523 1 3749 7 3084 8 4151 9 3179 6 4398 2 4003 3 4203 5 4571 4 4428 10 5002 11 5226
1307 8.8922358726474098 1.3502427484620794 23.314080185030406 134 117 111 0.37772976102496592 1 2819 9 3222 3 3809 10 3549 11 1045 13 4673
1309 11.690745001235719 1.3226272124010583 21.588733323042813 255 241 221 1.3556548910764934 1 3785 7 4813 9 3268 2 4045 4 4474 3 4518 10 5082 11 5311 12 4912 13 4711
1311 10.955962042710777 -4.0690545940479117 22.654353515302439 68 72 101 0.31553317582236856 1 3082 8 3761 9 4246
1312 7.036190300064801 -0.058183296176475309 24.691806431980773 84 68 73 0.92433713333680423 1 3213 5 3902 7 2728 9 4427 8 2487 2 3437 3 3574 4 3842 5 3146 10 3170 11 520
1313 11.669379575880129 0.62605771447219849 23.102419817133359 99 103 111 0.68716474995839927 1 3979 9 4525 2 4273 3 4471 5 4529 4 4685 10 4909 11 3464 12 4744 13 4541
1314 15.714736052817599 0.49586200335444158 21.193370464894372 79 85 102 1.3552392188187521 5 4536 7 4629 8 5084 9 4534 6 2727 10 4932 11 6283 12 3213
1318 15.676687314788753 1.8848323686317832 23.124196675789698 109 116 112 1.3686811348573531 5 4298 9 4819 4 4560 12 5087 10 6139 9 5647 8 5248
1320 15.430138825622899 -0.11435255917170328 21.160744336748518 69 89 106 0.87148771345709997 5 4835 7 5751 8 5037 9 5476 10 5952 6 5331 11 6243 12 5858 13 5561
1321 15.432998856804479 0.047348805705385445 21.273281879435054 68 86 100 1.1744008287580558 5 4847 8 5046 9 5487 6 5339 7 5758 10 5962 12 5867
1322 15.665885636778473 0.34397248213143894 21.105961937449802 142 145 204 0.99812126298183368 5 4864 8 5077 9 5506 7 5778 6 5361 10 5979 11 6276 12 5888
1323 10.939769369141667 1.2325141017193944 23.825084692860912 143 144 149 0.6193176603357875 1 3994 9 5539 2 4291 3 4493 4 4701
1324 16.029941489706864 1.339072690538029 22.638102068541031 95 104 105 1.1431055215070205 5 4919 9 5591 4 4886 10 6642 11 6936
1325 11.204805747940812 -3.5496281043876894 23.027894652074348 32 77 137 1.5530226769026967 5 4745 7 6300 9 5965
1326 14.331268256315148 -0.042688360293535274 21.712027417592356 77 94 121 0.57837142339355119 1 4114 8 5711 9 6070 6 5933 10 6584 11 6866 12 6472 13 6564
1327 10.803039813374713 0.33931467826938788 23.684009651730161 60 78 109 0.59654517944331542 1 4120 9 6084 2 4412 3 4651 10 6589
1328 7.344103874107736 -0.58534545254716408 24.856392265499224 94 70 69 0.5983368206658578 1 4192 7 6742 8 6035 9 6417 10 6922 11 7204
1329 14.142934122099858 -0.55273376083497394 21.655008550547233 75 87 103 0.410568670277423 1 4194 9 6429 2 4483 3 4626 10 6930 11 7214 12 6877 13 6550
1330 14.5481501683382 -0.61845658307711571 21.804547783103139 71 88 111 0.84788458976934733 1 4313 9 6961 10 7468 11 7759 12 7419 13 7096
1331 11.913227288339007 0.36752972991998945 24.178325936893348 81 71 90 1.7133044496015113 1 4338 7 7402 8 6695 9 7039 6 6965 2 4619 3 4881 10 7557 11 7838 12 7501
1332 11.181907656609598 -3.0862006142926428 22.435234506912007 51 55 80 1.7062954742446352 1 4350 7 7438 8 6732 9 7081 6 6994 10 7598 12 7550
1333 10.623336670287912 -1.3506444655237702 22.967694374408058 241 143 228 0.31575132060531985 1 4376 9 7162
1334 10.623336670287912 -1.3506444655237702 22.967694374408058 241 143 228 0.31575132060531985 1 4377 9 7163
1337 7.8807982229695437 -1.5240459382286233 24.691003678309453 112 99 87 0.25927022577557302 5 2987 13 2574 11 3106
1343 11.033190009703214 -4.1358352946546884 22.640414544860953 66 54 42 0.73901108365714052 2 1807 8 23 6 25 7 2309 1 1681 3 2622 11 26 12 28 13 25
1344 14.843936908058227 -0.91604766514422264 21.378343312897425 241 255 255 0.2906474799735505 6 418 9 388 10 395 11 417
1345 16.485140003362382 -0.49710938859946707 19.285960524844633 127 130 165 0.64921969236436994 6 489 9 468 10 509 11 525 12 492 13 485
1346 14.963416710646705 -0.055294605547281876 21.161680018900483 69 82 97 0.25364515591190379 6 550 8 578 9 536 10 583 7 613 11 593
1347 11.258853565052256 0.50982286939448274 23.495685601393095 78 81 93 0.8054938674659825 2 2907 10 661 1 2715 3 2931 4 3267 5 2208 12 3141
1348 12.975607527432423 0.60890871256717638 26.80892259263064 140 141 151 1.3538104251311192 2 908 9 618 10 667 8 647 3 975 11 689
1349 11.007022095393129 0.55132517962550076 23.547394440838307 83 86 101 0.83608261135062856 2 2915 10 673 1 2717 3 2944 4 3273 5 3269 12 618 13 2880
1351 10.692726056787162 0.60324917343852746 23.747835087916627 75 78 91 0.69107398769649342 2 2920 10 681 1 2722 3 2951 4 3281 5 2224 11 706
1352 10.936327757001672 0.60212069350040343 23.64710429138216 191 193 204 0.65138174923505587 2 2110 10 682 1 1959 4 2311 5 722
1353 16.446859650933551 0.72915248031512669 20.368624019259894 89 90 150 0.33501847404562762 6 778 10 882 7 860
1354 16.247240448544833 0.76359581509998475 20.329573364184789 242 249 253 0.11184709606267791 6 2838 9 3161 10 894 11 952 12 826 13 3060
1355 16.537280313564992 0.8090882844230638 20.131338240692916 245 245 252 0.25457209747449572 6 809 8 853 10 935 11 994
1356 16.301627579134038 0.90711740213260272 20.421427458469438 239 244 255 0.11824169636853438 6 840 10 963 11 1035
1357 16.286919181300085 0.90563377301301939 20.403069250385162 239 244 255 0.090195696942649436 6 839 10 964
1358 8.8576739171227725 1.4374297724406528 23.37079702869638 144 120 121 0.70723447768742176 2 3033 6 2955 10 1030 4 3437 7 1017 1 2852 3 3141 11 1080 12 949 13 904
1359 11.752686407621688 1.462403693220395 23.321189923866569 116 117 121 1.4535771750998947 2 3052 10 1080 1 2867 3 3849 4 3452 5 3455 11 1118 12 986 8 2879 7 3208 10 3609 13 942
1360 16.602535742131575 1.0655665038099416 20.112388122235981 253 253 255 0.18012448253664345 6 961 10 1106 11 1148
1362 16.958211975158353 1.1535452110201574 19.878401225376486 246 246 255 0.51441299087631387 6 1032 8 1025 9 1065 10 1185 7 1152 11 1251
1363 16.958211975158353 1.1535452110201574 19.878401225376486 246 246 255 0.51441299087631387 6 1033 8 1026 9 1066 10 1186 7 1153 11 1252
1366 16.916288487513835 1.3569091179260824 20.002079650427163 249 250 255 0.25439666855376841 6 1166 10 1304 11 1378
1367 16.931420695801883 1.3565909573341512 20.020336275417431 249 250 255 0.31914857933854696 6 1167 10 1305 11 1379 12 1206
1376 7.1079252221983849 -1.1935874047143933 25.088322680075862 50 49 56 0.92821000563660572 2 3343 8 3852 9 2682 10 2986 7 2509 6 4042 1 3610 4 3713 5 3009 5 3798 11 3121 13 4345
1378 7.5264800844665638 -0.5301750922180124 24.763619490708447 91 61 61 0.16213723910353606 2 3402 10 3093 1 3180 3 3531 4 3785 5 3094 11 3227
1379 14.740046774589693 -0.77410940143181439 21.46070730725414 53 86 133 0.41462713115308897 6 2423 8 442 9 418 10 3106 11 456 12 2960
1380 7.8367145347983387 -0.19929587403917506 24.782928837371504 95 65 50 0.65892533248707741 2 2825 6 2446 8 480 9 2839 10 3144 7 516 11 3280 12 2991
1381 10.359578880957363 -0.23618564279629106 23.517472080448403 195 197 239 0.407799016425756 2 3430 10 3158 4 3832 5 3127
1382 16.454175192077781 -0.53387241997761925 19.200614777182228 241 247 255 0.6337377909108074 6 2468 8 2481 9 2861 10 3168 7 2723 11 3306 12 3006 13 2737
1383 15.237439499141448 -0.17505876387853045 20.981043917066213 145 162 182 0.34434099047575856 6 4186 9 2917 10 3213 8 3984 11 3359 12 3055
1384 15.360289279356913 0.12173682234372657 20.779285831476297 78 86 119 0.19117555633705183 6 2618 10 3268 7 2870 11 3417
1385 11.682035325796724 0.92281556421570765 22.819589061035334 107 111 117 1.2207974322411079 2 3570 10 3412 1 3356 11 3542
1386 11.789508491657873 0.94210339000338694 23.324811271528102 64 68 76 0.47051770500196299 2 3564 9 3113 10 3415 1 3347 3 3730
1387 14.63719821698945 0.80079589244186333 21.808226657897094 190 197 200 0.53357139728056813 2 3582 10 3423 1 3360 3 3741 4 4016 11 3556 12 3261 13 3016
1389 14.904725552715869 0.89339840330034603 21.156392703013754 161 173 175 0.21200662247784541 6 2841 10 3480 7 4713 11 3614
1390 8.4261649660652189 1.2936203209385391 23.25437011858719 253 230 215 0.49769766194950982 2 4015 6 4419 10 3524 1 3756 3 4212
1393 8.5164894359211196 1.3574315678374063 23.375801858519566 138 108 90 0.6194949193385354 2 3625 6 2909 9 4634 10 3546 1 3412 5 4177 7 3141 8 2811 4 4086 3 3811 11 3675 12 3374 13 3132
1394 11.693094559546445 1.2492964275856664 21.367713417316018 126 102 62 2.1917776896061412 2 3655 8 5144 10 3576 7 5857 1 3432 4 4097 11 3706 12 4887 11 6335
1395 16.117649064242766 1.0135316830895764 20.370964166990923 187 210 255 0.1597889066285422 6 2945 9 3248 10 3581 11 3714 12 3408 13 3170
1396 16.35727381879067 1.0746382109943691 20.35891243841451 252 249 255 0.34420051933001344 6 4511 9 4673 10 3613 7 4817 8 4243 11 3750 12 4922 13 4726
1398 16.644414972658954 1.1028785616975223 19.970196698531424 254 254 255 0.32036731143378361 6 3012 9 3298 10 3649 7 4851 8 4277 11 3798 12 3457 13 3210
1401 16.238372512034072 1.2283115093936825 20.382212305862534 124 122 158 0.20063059818341283 6 3044 8 4310 9 4730 10 3668 7 3262 11 5383 12 4982
1402 16.221900518961839 1.2265384843609344 20.361045201750251 124 122 158 0.22306152116176212 6 3045 9 4729 10 3669 7 3261 8 4309 11 5382 12 4981 13 4772
1403 16.847341699562435 1.2419970302832195 19.840446678067131 253 251 255 0.30840395259511427 6 4623 9 4765 10 3710 7 4932 11 3864
1404 17.066712244893885 1.4283714582937848 20.294112565287364 94 99 110 0.53930180725353227 6 3136 8 4384 9 3418 10 3772 7 1311 13 4851
1417 14.55684126565739 -0.97969294109320559 21.380385875795291 81 95 147 0.47511230238411778 6 4100 8 2409 9 2774 10 4750 7 4406 13 2666
1418 14.588634573630124 -0.87610153902418042 21.379696636800897 135 131 178 0.59227396454591696 6 2401 8 3902 9 4388 10 4761 7 2629 11 4990 12 4606 13 4370
1419 15.192087370588926 -0.49654009119503317 20.848869740526631 102 123 144 0.33129897519758944 6 4153 8 3939 9 4417 10 4802 7 4461 11 5039
1420 15.218797771631111 -0.23599340021256446 20.909562061100864 63 82 102 0.3065090879571819 6 4178 8 2516 9 4447 10 4833 7 2757 11 3342
1421 15.216229759584209 -0.14060402081935228 21.028456867261593 71 89 107 0.28792291537155484 6 4190 9 4458 10 4840 7 4520 8 3991 11 5077 12 3059 13 4458
1422 7.1808228243279686 0.37724462469776809 24.714052797877333 161 143 142 0.39089372338647355 2 3478 8 2565 9 2949 10 4859 1 3250 5 3955 7 2827 3 3621 4 3893 11 3383 12 4693 13 2822
1423 15.324486866637001 0.25874164564385832 20.688118226877236 92 99 128 0.17674966388844957 6 2654 10 4890 7 4588
1424 14.429352496775874 0.48255511373565357 21.584236282312723 209 218 224 0.55639861484037167 6 4275 10 4911 7 4613 11 5143 12 4746
1425 15.231315395138777 0.66724858430848732 20.959713697554879 74 84 89 0.35055291382482728 6 4338 8 4107 10 4953 7 4662 11 5183
1426 16.332607973737328 0.71208764851192818 20.284982334215236 240 244 255 0.27050663949660747 6 4367 8 4127 9 4578 10 4969 7 4695 11 5201 12 4800 13 4610
1427 16.332607973737328 0.71208764851192818 20.284982334215236 240 244 255 0.27050663949660747 6 4368 8 4128 9 4579 10 4970 7 4696 11 5200 12 4801 13 4611
1428 16.439174566517348 0.73586368024944937 20.228369521348547 241 247 255 0.62519851943529459 6 2828 8 5107 9 4584 10 4983 7 4701 11 5217 13 3056
1429 16.534402919163327 0.77152212790615771 20.131173181897065 248 248 255 0.20815935435959229 6 4394 8 4147 9 3173 10 4994 7 4720 11 5228 12 4822 13 4628
1430 10.636402651274656 1.2508948127381649 23.876888760923208 200 199 202 0.90002801032051916 2 4004 9 3180 10 5003 1 3750 3 4204 4 4429 5 4572 13 4632
1432 16.218481250009194 0.85981430726829733 20.330403343160032 111 117 163 0.17214048499671794 6 2883 9 4614 10 5014 7 4732 12 4841 13 4647
1433 16.221813750416345 0.85987134888893557 20.335277302011146 111 117 163 0.17746137185725397 6 2884 8 4165 9 4613 10 5015 7 4731 12 4840 13 4646
1434 16.330057954523856 0.89585044817631576 20.392679705133812 250 249 255 0.15982154435068474 6 4429 8 4171 9 4624 10 5021 7 4752 11 5259 12 4856 13 4661
1435 16.199441533086155 0.9101532940024758 20.367686537521546 244 252 255 0.13221115167645742 6 4434 8 4175 9 4628 10 5026 7 4758 11 5262 12 4857 13 4663
1436 16.217304315024201 0.91201645467284076 20.390377375038483 244 252 255 0.073055966883784851 6 4435 9 4629 10 5027 7 4759
1437 16.752694446323588 0.89455085806404411 20.293026655746122 142 138 192 0.36089705824293228 6 2902 10 5030 11 5270
1438 16.218954523677684 0.96280186114324739 20.444374364014607 107 120 147 0.24744542986527651 6 4458 8 4191 9 3233 10 5041 7 3150 11 5276 12 4877 13 3153
1439 16.272579964608248 1.0018236471012694 20.433603784084784 245 252 255 0.15888481608304669 6 4474 9 5563 10 5050 8 5145 7 4787 11 6344 12 4890 13 5641
1440 16.311756000165737 1.0381366197136295 20.391093994960482 141 143 191 0.22252568921834351 6 4490 9 4663 10 5073 7 4802 8 4220 11 5306 12 4909 13 4708
1441 11.777282944094052 1.3164679195400122 21.548037946609551 255 240 216 1.2037600646980615 2 4308 10 5075 1 3786 4 4719 11 5303
1442 16.307089790516372 1.056195607966075 20.546684116223336 107 131 168 0.24126516479378751 6 4495 9 4667 10 5078 7 4805 11 5312 12 4914 13 4714
1443 16.313715817166599 1.0568892355022343 20.556223071134585 107 131 168 0.21796869208202074 6 4496 10 5079 7 4806 11 5313 12 4913
1444 16.572348792719108 1.0267843052491015 20.071276868704636 254 254 255 0.35396521976066359 6 4506 8 5153 9 5576 10 5086 7 4814 11 5320 12 4916 13 4719
1445 16.600473611757462 1.0612003586762768 20.034448071054094 138 136 174 0.47353943904240031 6 4528 9 4685 10 5104 7 4835 11 3773 12 4931 13 4732
1447 16.747088379930499 1.0873100223837084 19.931421991989236 250 245 255 0.40223470971946018 6 4542 8 4275 9 4707 10 5131 7 4849 11 5352 12 4947 13 4748
1448 16.25808874974414 1.1757160370460826 20.355779258201441 250 251 255 0.20476657399089007 6 4553 8 4286 9 4715 10 5137 7 4862 11 5362 12 4960 13 4754
1449 16.866264773660262 1.1271540648769052 20.006662996865256 128 121 179 0.63708105970810602 6 3027 9 4718 10 5146 7 4868 11 5367 12 4965 13 4760
1450 16.41219215628616 1.1793444629533445 20.116142427867672 144 142 172 0.35747133716598406 6 4563 8 4301 9 4724 10 5148 7 4883 12 4977
1452 16.361181300255254 1.2181662331795635 20.403120283645688 135 134 188 0.12118920402007426 6 4571 9 4728 10 5151 11 5385
1453 16.351304254388591 1.2162697081338367 20.387556100633795 135 134 188 0.21906008930725368 6 4572 9 4727 10 5152 7 4884 8 4304 11 5384 12 4980 13 4770
1454 16.741819503493403 1.1704196392899135 19.902845158625148 255 255 255 0.47347994199750387 6 4578 9 4734 10 5157 7 4889 8 4312 11 5394 12 4990 13 4774
1455 16.741819503493403 1.1704196392899133 19.902845158625144 255 255 255 0.4734799419974241 6 4579 8 4313 9 4735 10 5158 7 4890 11 5395 12 4991 13 4775
1456 16.642729694714749 1.1867788786291342 19.944855464687294 250 247 255 0.41060351643191811 6 4583 9 4738 10 5164 7 4894 8 5199 11 5402 12 4994 13 4782
1457 16.845139267817245 1.1647402492487584 19.848936544873549 249 249 255 0.3854852927000042 6 4584 9 4740 10 5166 7 4891 11 5396 12 4992 13 4778
1458 16.261249690728668 1.2664726823166275 20.33354809215292 254 254 255 0.19488698302135821 6 4593 8 4325 9 5613 10 5174 7 4903 11 6388 12 5008 13 5696
1459 16.971492661177457 1.2040727200010828 19.927461638465196 125 124 186 0.61114040394002489 6 4600 9 4749 10 5179 7 4906 11 5421
1460 16.757812675723386 1.2487892997383807 20.166345523985491 135 132 177 0.26903285150072415 6 4607 9 4757 10 5183 11 5424 12 5018 13 4804
1461 16.823585945202961 1.2690486448324805 19.989277866631447 254 254 255 0.33547463741908007 6 4624 10 5203 11 5441 12 5037
1462 16.768178010697135 1.3192597986448373 19.983584886118344 114 114 162 0.48556402023073975 6 5506 8 4368 9 4786 10 5217 7 4956 11 5457 13 4828
1474 7.7025010067093147 -0.9515072633875965 24.899662827534577 72 58 60 0.42431756400052656 2 4214 10 5901 1 3921 3 4389 5 4783 4 4803 11 6818 12 6422
1475 10.324749293721693 -0.17448043720553957 23.591688879322842 73 87 110 0.71851568799109444 2 3436 10 5936 1 3659
1476 16.34001512830098 0.76789057539403693 20.363865317131374 98 99 152 0.11342072344402883 6 5412 10 6014 11 6305 12 5929 13 5617
1477 16.34001512830098 0.76789057539403693 20.363865317131374 98 99 152 0.11342072344402883 6 5411 10 6015 11 6306 12 5928 13 5616
1478 16.742743495438685 0.93893722552527792 20.630320575609314 103 106 178 1.2645841364376256 6 5435 9 5559 10 6047
1479 15.999483899611629 1.221028640709144 23.287835408124991 108 114 118 1.2651816864170164 2 4304 8 5137 9 5560 10 6048 1 4003 11 6337 12 6529 13 6229
1480 16.55972803181935 1.05911523068868 20.149378256105816 110 107 154 0.31331417126148969 6 5989 8 5164 9 5581 10 6062 7 5875 11 6928 12 5963 13 5658
1481 16.494633779949012 1.0844795200738218 20.248356241945459 126 126 168 0.30255021032308488 6 5457 9 5584 10 6067 7 5874 8 5162 11 6361
1482 16.33354207732733 1.1597603995703649 20.287652050636897 251 249 255 0.23087762768901388 6 4550 9 5596 10 6082 7 5890 8 5180 11 6374 12 5981 13 5677
1483 11.152565119605717 1.7001918371005271 23.764208994668532 76 78 78 0.81537420968328511 2 4321 10 6095 1 4013 3 4537 4 4736 5 4931
1485 17.615011876840377 1.3763146987830954 20.300939138863328 133 128 125 0.49308401085925224 6 6013 8 5231 9 5637 10 6126 7 6486 11 6415
1493 14.958083901692964 -0.4183306740373956 20.913326208143975 67 90 118 0.54245570329272297 6 5922 8 5695 9 6058 10 6565 7 6390 11 6844 12 6451 13 6140
1497 17.142208861075762 2.2300326833127353 21.170673568253225 98 101 93 0.94695173925014653 6 6081 8 5854 9 6222 10 6744 7 6044 11 7340 12 6646
1500 16.725698911338309 -0.36677321897357884 19.662612354654186 89 93 114 0.85515096314874395 6 6290 9 6439 10 6939 11 7228 12 6887 13 6560
1506 17.415640634778075 2.0828350293451896 20.898901116029407 142 142 135 0.68175099421804619 6 6637 8 6377 9 6750 10 7018 7 7075 11 7324 11 7546 13 6879
1508 16.390991922867236 -0.48576912982849063 19.277182744160861 245 250 253 0.69766499960965378 6 6569 8 6314 9 6689 10 7174 7 7025 11 7482 12 7137 13 6807
1509 14.555429927786715 0.9182571878905248 21.115796890190214 93 94 97 1.4086685207389433 6 6757 10 7196 7 7040 11 7255 12 6920 13 6589
1520 -0.93436867513128741 -0.17605741444581691 -2.1086091951645654 107 75 92 0.074633222678825648 9 6463 10 7328
1521 16.549996167465295 0.91137637048324116 21.014739106304411 77 90 104 0.41668726083053953 6 6894 8 6509 9 6871 10 7367 7 7199 11 7502 12 7146 13 6831
1524 17.352597336457947 2.1877543189246471 21.142903432921482 93 93 90 0.74582495369810564 6 6791 8 6532 9 6899 10 7397 7 7231 11 7689 12 7349 13 7037
1525 17.491601269534854 2.1648234539086717 20.810336110572127 82 87 86 0.70174502140966644 6 6798 8 6534 9 6900 10 7398 7 7232 11 7691 12 7351 13 7038
1530 16.417832392704955 0.9727677670523448 20.581583414712767 149 157 184 0.67778082168904408 6 6897 8 6626 9 6976 10 7491 7 7322 11 7776 12 7506 13 7196
1534 17.764840416671088 1.515476760279165 20.678369052865492 255 254 250 0.25698183938327074 6 6916 8 6636 9 6994 10 7507 7 7337 11 7791
1536 14.849040208229288 -0.85870114668310082 21.165564830846861 252 255 255 0.2901870408952329 6 6954 9 7032 10 7550 7 7391
1537 14.849040208229288 -0.85870114668310082 21.165564830846861 252 255 255 0.2901870408952329 6 6955 9 7033 10 7551 7 7392
1538 15.172137825494158 -0.83418498853554057 20.983135704622967 249 255 255 0.43476497489216609 6 6956 9 7034 10 7552 7 7393 11 7831 12 7497 13 7181
1546 14.315697147645194 0.70705639547633237 21.002750190033321 91 100 105 1.0582101590177415 6 7007 8 6746 9 7095 10 7609 7 7449 11 7890 12 7565 13 7242
1551 16.823067445915161 0.78074719758813216 19.606916188114038 76 85 97 1.169644268672096 6 7061 8 6778 9 7125 10 7639 7 7474 11 7921
1554 15.384673028315182 -1.6392757158406315 20.735408983897084 69 87 99 1.7364622646842809 6 7054 8 6797 9 7142 10 7658 7 7495 11 7943 12 7611
1555 17.449280683344739 1.7026361094358158 21.212588314980461 84 93 94 0.4154683282206626 6 7064 8 6804 9 7145 10 7665 7 7501 11 7951 12 7618 13 7293
1556 16.650962918646272 1.0325088226486661 20.389485039841009 245 247 255 1.6843504221539138 6 7074 8 6813 9 7155 10 7671 7 7510 11 7961 12 7628 13 7302
1557 16.904277523147201 0.18475377982867472 20.739934315501365 76 82 94 1.6954392529402209 6 7075 8 6821 9 7160 10 7678 7 7515 11 7969 12 7633
1558 17.358801763481814 2.2707371588388172 21.242045508016528 142 141 135 0.60580002725864035 6 3381 9 1598 10 1780 7 1610
1559 14.861964774895554 -0.96510223373224724 21.491166904769369 10 74 194 0.47004802445256788 6 4102 8 3891 9 4385 10 3069 7 4409 11 4982 12 4604
1560 9.5450186917918156 1.5374462936716722 21.87365864920989 145 100 74 0.49613008543897791 6 3037 9 1062 10 3661 8 1027 11 3810
1561 14.9855450016481 2.4430547368315438 26.507316602675832 0 0 0 2.1390197496793659 2 3784 6 4693
1562 16.596631268243975 2.1605404388419229 22.093238735532033 128 131 116 0.86537927460575315 6 4767 9 4920 10 3941 11 4112 12 5202 13 4967
1564 17.261001937309313 2.3346448872068617 21.782182227909825 99 101 92 0.77315165899571181 6 4841 10 5424 7 5161
1565 17.435641006028423 2.401176465910535 21.339966753508513 84 150 114 1.0991413302547561 6 4886 10 5466 7 3695 8 3313
1566 17.545590007336624 2.1109565466396378 21.199880696812802 105 105 100 0.86526631141789334 6 6074 10 6221 7 6532 12 6103 13 5796
1567 17.153770945879511 2.2508948017633585 21.914300153998632 197 179 158 0.87080405085079493 6 6411 8 5338 9 5720 10 6224 7 6536 11 6505 12 6111 13 6331
1568 17.434021632957744 1.936501046165489 20.936520097555547 84 91 87 1.107739776414177 6 6630 10 7004 7 7065 11 7312 13 6315 12 6620
1569 17.329475085233259 1.4825266372000983 21.495997337978697 97 105 119 0.81638532694563526 6 6909 9 6987 10 7501 7 7331 11 7785 12 7448 13 7118
1570 15.404358994917246 -1.0367173193980403 20.810893763925129 71 88 108 2.136018580096636 6 7000 8 6736 9 7088 10 7600 7 7442 11 7830 13 7235
1572 7.0332153261024501 -1.5828170911558159 25.404962406717875 183 188 184 0.8431786917466505 3 1802 11 223 1 206 2 213 4 310 5 218 13 232
1573 7.7148829472788432 -0.74151548575785908 24.719484007328916 133 109 124 0.55661988770725168 3 2768 9 378 10 366 11 388 6 399 4 2086 5 2018
1574 7.2614428059647 -0.68439015879103926 24.98465315223174 161 146 147 0.3705360304422804 3 1863 10 379 11 399 1 1811 2 1944 4 2094 5 2026 13 382
1575 7.8483914621796131 -0.49879580662969192 24.94277481994137 86 69 66 0.58041510394290308 3 2796 9 414 11 450 8 440 4 3096
1576 7.5405326119380591 -0.052956944329618179 24.893519285805233 93 73 73 0.74022046412451203 3 2844 9 472 10 508 11 524 2 2844 1 2652 4 3155 12 491 13 487
1578 9.4276067769500198 1.5650060687037999 21.959871236075223 253 224 199 0.63694199094884774 3 3898 11 1236 12 1096
1581 7.6703260863557414 -0.28944148764642808 24.959751864739939 156 118 132 0.34410126038642691 3 2812 11 3261 1 1858 2 2003 4 3110
1582 10.355443324349514 -0.25941947903334284 23.617861538137262 72 78 112 0.82950816087428458 3 3565 10 3154 11 3293 1 2636 4 4316 2 2019 5 2092 3 1944
1583 11.10610307345322 0.57950039306423051 23.505154832655013 70 76 80 0.4551031655257729 3 2952 10 3309 11 3450 9 3021 1 2721 2 2919 4 3280 12 3157 13 2894
1585 8.6276928957077192 1.2786430291991775 23.453627650899783 149 123 95 0.62094840499636805 3 3789 7 3102 10 3517 11 3647 5 3401 6 815 8 2776 2 3000 8 862 1 2802 3 3063 12 872 13 833 9 849
1587 7.0826584000988557 1.2046941692622004 19.580022230269744 119 101 88 1.7014956216558765 3 3833 10 3574 11 3702 2 3649 4 4101 5 4192
1589 9.5422904422054824 1.6020087711965028 25.80217301087465 186 167 159 0.72976639402228294 3 3149 9 934 10 3585 11 3719 1 2855 2 3040
1592 8.8409646957559271 1.304551038795972 23.325557706519032 253 233 212 0.49736734212737205 3 4219 7 4750 9 4620 10 5018 11 5253 6 4424 8 4168 1 3760 2 4018 4 4448 5 4161 12 4846 13 4656
1595 11.701728898699788 1.2125472664983254 22.784369408272745 69 70 75 1.2390323499267393 3 4210 9 4615 11 6318 7 4739 4 4060 5 4146 6 5426
1598 8.525297937671656 1.3996989574606411 9.6646336193861302 114 116 113 0.097634324435659781 7 6613 11 7101
1600 10.200093768386072 -0.33195361640203341 23.605735125890853 66 75 90 2.1070073195120016 3 4880 7 7443 10 7602 11 7836 1 4337 4 5070
1601 8.0101570292852102 -0.87301115770824 24.608213776321403 63 64 69 1.4726817904298735 3 4913 11 7944 1 4369 2 4645 4 5104 12 7612 13 7288
1603 11.837477001713536 -0.13506847318189139 16.52893895437683 70 89 103 1.8052207494632597 7 600 10 3214 11 579
1604 6.8976397540346746 1.9865004267049393 12.933519120339653 98 93 95 0.25978880168522384 7 2051 10 2405
1607 7.6449199898436628 -1.4862012533095967 24.988907494473704 233 231 227 0.26834634854087386 4 2030 12 250 2 245 3 266 5 1946 1 237
1609 7.7064375978771578 -1.2191384568285741 24.878937158650505 129 128 128 0.37195665657850541 4 3008 10 2985 11 3119 12 290 9 275 2 1912 3 2721 5 1976 1 1775 13 293
1610 7.705390706661043 -1.2199808318092999 24.871217515793777 129 128 128 0.47309227649454338 4 3009 10 2984 11 3120 12 291 7 2511 9 274 2 1913 3 2722 5 1977 1 1776 8 315 6 4044 13 294
1611 7.1992516956534418 -1.1497912053663777 25.125971567511744 141 142 145 0.48641147916344951 4 3017 10 2993 11 3128 12 298 7 2518 9 4353 6 4048 8 3856 3 2730 5 1983 1 2555 2 2749 13 2600
1612 7.9921539199114973 -1.0885505497159409 24.848236296743931 69 67 67 0.32708037724719347 4 2066 12 317 2 1919 3 1832 5 1987 1 1785 13 313
1613 7.5407324419831836 -0.92326570348147341 24.947763800663836 87 66 56 0.63082285821279849 4 2077 11 3172 12 344 5 1999 1 372
1614 7.0303742016491366 -0.64764103427893405 25.104984677857342 176 171 163 0.56628827760228695 4 3065 10 3068 11 403 12 377 9 2776 8 2410 3 2774 13 386
1615 7.0303742016491366 -0.64764103427893416 25.104984677857342 176 171 163 0.56628827760229206 4 3066 11 404 12 378 9 2775 10 3067 3 2775 8 2411 13 387
1616 14.979123424715951 -0.72913650922948459 21.361737507743797 166 181 200 0.75747384989575384 4 3805 12 422 3 3545
1617 11.652502697726765 -0.23065357128086567 22.81534629874179 62 83 124 0.81351514366115463 4 2187 12 486 3 1956 2 2028
1618 15.363605036951721 0.14351052517118654 21.315989150694993 70 80 90 0.90420861720867529 4 2277 12 593
1619 11.694742422714951 0.80249675728081227 22.87493038683947 100 104 112 1.1680313983469659 4 3992 12 706 5 4061 13 697
1620 8.2949299608591165 1.344404862643702 23.473865789938557 152 123 97 0.96259725044635536 4 3400 8 2806 10 3539 11 3670 12 891 3 3100 7 3132 9 3219 6 2900 2 2226 1 2062 13 3128
1627 10.927898616884377 1.7010829374506409 23.547593304655731 81 79 76 0.80372975701391258 4 2642 12 1105 5 2572
1628 15.538824860477568 1.7106847222666348 23.579097979170765 106 111 106 0.78543997311531011 4 3549 12 1173
1629 8.1493497519250475 -1.3923162769827273 24.90998684510571 64 64 47 0.52371765184426944 4 2996 12 2848 3 2716
1630 14.350482133113955 -0.86741227027701973 21.574825807708912 245 250 254 0.61414535697482175 4 3070 11 3220 12 2937 10 399 5 3069 13 2676
1631 14.583145965435024 -0.76790712402848205 21.482982071791788 100 88 99 0.72317079890664582 4 3788 8 2436 12 2959
1632 15.223705817781109 -0.18937131625478509 21.341500958360228 140 153 166 0.96277750611510859 4 3870 12 3049 5 3177 13 2778
1633 8.8774408481333893 1.2775095139817692 23.307003642515035 128 117 110 0.68505979079743284 4 4059 8 2777 10 940 11 1006 12 3348 9 852 6 2881 2 3605 5 2379 1 2806 1 3397 2 3001 13 3106
1634 1.9007858598650405 0.95627368586322603 5.2869734310753191 66 40 181 0.24459433621620769 8 1965 12 4362
1635 7.9239351124339636 -0.20536328940085496 24.850901615760389 72 65 58 0.52256333106145125 4 4314 12 4636 3 4090 5 4465
1636 11.697814504636499 0.74344867664984149 22.929507503253763 59 63 71 0.91236284313427474 4 3983 12 4756 5 4054 13 4563
1637 11.644849827987542 1.0123987352441381 23.21849855618942 66 67 74 0.77878133147924922 4 4406 12 4790 2 3991 3 4186 5 4554 1 3734
1638 15.78265058491961 1.7855983765125751 23.27731459215434 101 106 102 1.4131044658855356 4 4550 10 5232 11 5469 12 5070 13 4848
1640 0.43211900777291401 0.39105449430980155 1.3203264984106025 255 251 238 0.51765827525477714 8 3584 12 5627 13 5357
1641 15.169101027252477 -0.75221310003269115 21.16030032883566 152 170 181 1.101949154108115 4 4296 8 5008 11 5008 12 5817 9 4399 9 5446 5 4445
1642 10.672871367380248 -4.2437255503902804 22.691069628717834 175 189 245 1.1823204265139104 4 4777 10 6869 11 7152 12 6376 9 6349
1644 11.004324081383102 -3.3410776045781128 22.598498684725531 33 86 153 0.53389322980401221 4 4780 10 6872 11 7155 12 6805
1645 7.911340690995444 -1.305512316988904 24.850135539314394 59 60 63 1.0106134897504619 4 4977 10 7164 12 7129 3 4775 5 5136
1646 10.316503744714424 -0.17042054393048853 22.996058859243838 208 184 217 1.9379468572041807 4 5088 12 7557 9 7090 2 4627 3 4906 5 5254 1 4354 6 7032 8 6741
1647 11.101021184728536 -0.17565168498757167 22.56711527835078 197 227 250 1.1158271941264915 4 5099 12 7588 2 4640 3 4907 5 5255
1648 4.0463245530086045 -0.22614448402861462 21.997923131580201 60 60 60 1.8116323703095503 8 6829 11 7983 7 7528 6 7087 12 7646 10 7689
1649 7.4849526926904515 -0.91173106399931902 24.920712200697583 85 68 84 0.26533649557576261 4 3743 36 3243 12 2895 1 3147 9 333 10 3029 13 2627
1650 7.9013382005148278 -1.4580925052806353 24.666890542542898 119 117 105 2.4028219081044826 4 2990 10 239 11 265 12 262 3 2712 5 1954 1 2536 2 2735 4 2988 7 320 6 305 6 309 7 326
1652 7.7952123840848326 -0.074572714389611439 24.866728683491967 225 216 214 0.24431833664174099 4 3149 12 489 2 2836 3 2840 5 3148 1 2647 10 503 11 521
1653 7.7978619300799732 -0.07451132115228748 24.876690914140436 225 216 214 0.18934059856160945 4 3150 12 490 2 2837 3 2841 1 2648
1663 10.323477697455948 -4.285614327990837 22.191957431776792 146 206 254 0.52490972746520537 8 4898 12 5710 6 5184 7 5581 9 4241
1665 9.8708005381692647 -3.7723830044693174 22.457419536799289 46 109 175 0.85489114925562726 8 5977 12 6803 6 6221 7 6968
1667 9.4548296098790008 -2.6000090351498395 21.492762770685516 0 0 0 2.208966828729185 4 5095 8 6796 7 7493
1668 7.9073159322576423 -1.1317743655733934 24.620410648926068 153 151 150 0.16295799710422895 5 3022 12 304 13 303
1669 7.2845525369395334 -0.53451826065634156 25.092320956075874 75 65 61 0.81446633622817144 5 3089 12 395 13 405
1670 11.265579666138306 -0.18587763419188144 15.398005124502907 70 85 100 0.41910395270430972 9 522 13 520
1671 8.0111800746406026 1.384208032060682 23.145492123268841 143 118 93 1.356471284681227 5 3436 9 903 11 1071 13 895 3 3121 7 1000 10 1012 1 2836 8 912 4 3418 6 888 2 3019
1672 11.559728219869276 1.3962176387858469 23.260905522015399 112 113 116 0.7121712212233462 5 3434 12 3406 13 908 10 3579 11 3712 3 3134 2 3038 9 3250 8 2849 7 4798
1673 7.9967948965621218 1.5402008411507175 25.101871730445421 159 150 144 0.83583107912979349 5 4196 9 3253 12 3402 13 911 4 4109 8 2851 10 1036 1 3423 7 3181 3 3837 2 3644
1674 9.5255820601531926 1.7793530032014715 22.205867678553037 141 124 115 0.70203426589388818 9 3410 13 1154 7 1302 8 3020 10 5222 11 5458 6 3133
1675 15.249672470834311 2.4386673154087175 26.860844134799937 99 102 88 2.2963959770294351 5 2773 12 1299 13 1225
1676 2.5480671852482564 2.1162380076148115 13.529908600931616 151 134 112 0.18025254356534287 9 2424 13 2315
1677 10.987988740626243 -4.4246991514528844 22.769078817507179 232 213 197 0.59878053401529341 5 2909 9 6 12 2690 13 2433 10 2836 6 3906 8 3757 11 2956 7 4240
1678 7.880799143166799 -1.5253696276760274 24.697346653081521 85 79 62 0.092948212612941325 5 2988 13 2573
1679 7.4031651146339215 -0.82305700589272535 24.863815412305687 89 71 60 0.060825758756086423 5 3046 12 2905 13 2635
1680 7.4031651146339215 -0.82305700589272535 24.863815412305687 89 71 60 0.060825758756086423 5 3045 12 2906 13 2636
1682 15.38152123110695 -0.50734441909859607 21.13673329971612 107 124 144 0.70523028962851664 5 3884 12 2996 13 2723
1683 8.0643939848267081 -0.11222246317524975 24.986804519237712 101 95 94 0.62656451740101204 5 3899 13 2738 7 2718 9 2863 6 2462
1684 15.240183032980726 -0.34147867411018901 21.222462619265382 101 119 138 0.50423737743060704 5 3152 12 3021 13 2756
1685 15.36298237689145 -0.030473117237696367 21.28876629963969 101 113 123 0.58037939671341932 5 3202 12 3087 13 2810 10 4854 8 4005 9 2940 11 3381 7 2818 6 4207
1686 15.162154558702619 0.1140192755649992 21.342970409791008 155 163 173 0.32226900484455029 5 3961 12 3113 13 2839
1687 7.5332251971566899 0.82770272720164784 25.030153363519204 103 73 63 0.5691989337025134 5 4048 13 2927 3 3695 6 4281 2 3535
1688 7.5332251971566899 0.82770272720164784 25.030153363519204 103 73 63 0.5691989337025134 5 4049 13 2928 3 3696 6 4280 2 3536
1689 11.686746982381077 0.71395999676249766 23.073994272186781 55 60 68 1.0506129287931458 5 4045 12 4753 13 2938
1690 15.66133614623301 0.56000560578510583 21.181349132050748 114 114 125 0.42552130685025202 5 3324 13 2973
1691 15.503168904160445 0.72292691350437377 21.271703736939745 165 171 173 0.44447607894132818 5 3343 12 784 13 3018
1692 8.3985112856250268 1.3060279643620882 23.420646201165599 245 226 221 0.67249511864827294 5 4156 9 3198 12 3353 13 3117 10 3525 1 3404 7 3117 8 2790 3 3798 4 4066 2 3611 6 4418
1697 7.3542818122280389 -1.6190105900255471 24.928881763645048 144 138 124 0.76854298148950495 5 3786 13 4335 3 3451 2 3324
1698 15.311426413402241 -0.7385295813090399 21.167387088866022 156 174 184 0.84476428334315656 5 4449 9 4401 11 5009 13 4393 10 4774
1699 15.086274040863 -0.40884911638457699 21.314404939586513 75 95 116 0.87876364214375347 5 4471 13 4432 4 4319
1700 11.72712681216983 1.5314651318191517 23.251121257286744 65 66 68 0.96608145503325449 5 4212 13 4737 1 3799 3 4263 4 4483 2 4056
1703 -0.13798994342151624 0.32033445979615338 0.93783568102011006 255 243 216 0.08970570942385328 9 4132 13 5387
1704 15.354990211310019 0.042968626280396632 21.357516701038673 63 75 87 0.98971878918340683 5 4500 9 5483 12 5869 13 5569 8 5043 6 5337 4 4672
1706 3.0099046733902419 1.5828103401389204 9.6402329915507661 45 10 176 0.6686258018622464 9 5282 13 6012
1707 8.1112036997554871 1.2384403426017998 23.308468591162395 114 96 85 0.92442398647022472 5 4894 9 6125 11 6918 12 6517 13 6219 8 5760 10 6625 3 4496 7 6444 6 5970 2 4289
1708 15.946217416524469 1.1692554642032202 22.802455459956711 71 78 80 0.96469021324441151 3 3825 9 3234 10 1002 11 3692 13 3155 5 3421 12 3393
1709 16.645668818966772 -2.8955955606797588 19.561701877036111 106 81 49 1.177271973292902 9 101 12 98 13 106 8 114 7 122
1710 16.495430061530801 -2.8676812686294126 19.458798571326952 216 200 189 0.91321607480420897 9 103 13 109 7 125
1711 16.458435141209797 -2.7752181056326801 19.334794594482588 82 72 9 0.91197331385997871 9 113 13 116 7 134
1712 7.8735015724872142 -1.5596002891878322 24.606251923776316 218 216 215 0.64185857407641023 9 236 13 239 7 292 11 241
1715 7.1873695378107225 -1.2232241368343784 24.673174290168458 155 156 159 0.34585215123677165 9 270 11 280 12 286 13 287 8 311 10 255 7 342 6 2288
1716 7.3943099948362718 -1.2293847175024106 24.675361157962474 120 113 120 0.18830775555907339 9 2677 11 282 12 287 13 288 8 2306 10 256 7 2499
1717 7.4834170023420574 -1.1329391876211343 24.6385762219636 130 123 125 0.31047970294420102 9 2693 11 3132 12 300 13 301 10 2996 7 2523 8 2324
1719 7.0438520483326199 -0.83930741526782904 25.132368286724812 115 116 125 0.46096384326657375 9 2743 11 3185 12 354 13 356 10 3045 7 2587 6 2362 8 2374
1722 14.657884702076389 -0.85741058487459099 21.588442276571154 124 127 140 0.39994085449702016 9 398 11 425 12 393 13 404 8 422 10 402
1723 7.442684830450415 -0.45244641174288808 24.898366032146011 73 62 58 0.38692430886001705 9 420 13 420 8 445 10 438
1724 6.9759569260166989 -0.19708695887587721 24.64776926047583 119 112 114 0.61612087208402821 9 2835 12 444 13 443 7 2685 10 3138 11 490
1725 7.0129980668200043 -0.12300940237756471 25.061352845721206 73 63 63 0.31641516110483442 9 453 11 505 12 470 13 464 8 491 7 527
1726 7.853806659391859 -0.14492627283705428 24.651087125346063 200 184 175 0.22265030260080529 9 456 13 469 7 529
1727 7.0840937692360315 -0.1058038028556742 24.687981682290648 113 102 100 0.14234080629423684 9 457 13 471 7 531
1731 14.686205490240836 -0.30351750862931104 21.657020182277666 246 249 250 0.22867839723209218 9 2888 11 3321 12 509 13 503 10 3176 8 519 7 563
1732 7.2716324603792062 0.2942151030541279 24.981620542901442 115 108 110 0.33081874184776283 9 2927 12 547 13 527 7 612 8 2539 10 3222 11 3369 6 2541
1733 7.1453739211059135 0.38873312118254222 25.254597055505453 112 102 105 0.45281027283391989 9 552 12 560 13 545 7 2824 6 4210 8 2562
1734 7.0292629138835467 0.50483324541140295 25.243820675609051 169 160 158 0.30054539279396425 9 2973 11 640 13 570 7 2858 10 628 6 2594
1736 15.235981618394282 0.15147646651030156 20.996123551276355 73 84 91 0.13747150744095096 9 590 13 580 8 622
1740 8.0906211735808071 1.3290521111664717 23.231334573590487 251 234 221 0.53360470792040571 9 870 11 1032 13 854 3 3094 7 947 10 966 8 882 1 2061 2 2225 4 2474
1741 8.2341850331644473 1.3545966170013175 23.653354486282772 251 234 221 0.16049279450347495 9 871 11 1033 13 855 7 946 10 967 8 883
1742 8.8621135681326955 1.3567957140370415 23.394545270377609 166 135 129 0.58185421512774349 9 876 11 1044 12 902 13 860 10 979 7 957 3 3101 6 846 4 2475
1743 8.0699022991517051 1.3364699273490319 23.059770398544774 151 125 93 0.30217674405331174 9 880 13 863 1 2824 5 2418 2 3011
1744 16.275954573941107 0.93149857395846813 20.293532700843173 251 254 255 0.12325306803037581 9 885 12 915 13 871 10 989 7 962
1746 16.297214689227513 0.95731066285196664 20.482058444074784 244 252 254 0.30762517655470667 9 890 13 885 7 961 11 1060 12 925 6 855
1749 7.921659659145118 1.550399723379861 25.017986192115302 84 73 69 0.4133930712036003 9 932 12 951 13 910 8 932 7 1022 10 1049 6 906
1751 16.321707370492589 1.0318772455240262 20.317700089650994 254 255 255 0.27019409307643827 9 943 13 930 7 1032 8 2855 6 923
1752 16.231145558389052 1.1322047074674468 20.331881748643294 252 251 255 0.12317576403492929 9 997 11 1176 12 1041 13 983 10 1115 7 1080
1753 16.52817652212007 1.1342750335122818 19.809376462276258 253 249 255 0.15619383033145565 9 1047 13 1021 8 999
1754 16.47432085047377 1.1467644886685349 19.91055258058908 255 255 255 0.14080180660319908 9 1041 13 1025 8 997
1755 16.42691758997163 1.1708897309168167 20.033407193483143 246 251 255 0.28213996869516095 9 1046 11 1234 12 1085 13 1030 10 1173 7 1133
1758 17.162887250648804 2.020997159675451 22.132392440391158 131 133 128 0.58885084619546546 9 1365 12 1412 13 1340 8 1287 10 1514 11 1605
1759 17.42455124356427 2.0965598337450224 21.409413380988724 97 95 93 0.79387074687614845 9 1483 13 1429 8 3178 10 1633 7 3534 6 4786
1760 17.474545607301501 2.3612190421060326 21.832985124004217 151 149 144 1.0053718858105061 9 1633 11 4228 12 3892 13 1566 8 3260 10 4057
1761 9.9659985636534234 -4.0912587534768061 22.904738455032795 36 53 78 0.47044552426554748 9 2514 13 2441 7 2305 8 2139
1762 10.927065758295178 -3.0229471836756852 22.775614241795886 77 103 176 0.2673590113279406 9 4269 12 2748 13 2480 8 3779
1763 7.5669985486559135 -1.4567204162238521 24.926828303578183 102 104 102 0.6060363682995078 9 4340 13 2582 7 2487 8 2294 6 2274
1764 7.2629473324732476 -1.2214109518435585 24.545420175269658 144 143 147 0.36887886548771848 9 2675 11 284 12 2855 13 2586 8 2305 10 257 7 2498 6 2290
1765 7.3314822962086534 -1.1901764495716385 24.9905941682856 72 72 77 1.357285381610505 9 2681 11 3122 12 2859 13 2593 8 2311 10 2987 6 4046 7 4368 8 3855 12 2866
1766 7.2852615446156079 -1.1817359360037736 24.502829345331499 71 65 72 0.32597842181267345 9 2683 11 3123 12 2861 13 2594 8 2314 10 2989 7 2514 6 2297
1767 7.6860976662656029 -0.96659647747617228 25.272325544610357 211 198 176 0.17486438925769529 9 2725 12 2892 13 2622 8 2360 10 3026
1768 7.6856966390115522 -0.96636238756084569 25.269612494282281 211 198 176 0.19245538978609333 9 2726 12 2893 13 2623 8 2361
1769 7.2031388213850969 -0.82605608974171252 24.882348127120139 63 59 68 0.34163813761681222 9 4371 11 4963 12 2904 13 2634 8 3879 10 4738 7 4393 6 4083
1772 7.6164526138620996 -0.28622827389771088 24.723870082771441 161 133 141 0.37245121669934056 9 2818 12 2979 13 2711 8 2455 7 2672 6 2438
1774 14.629359755914692 -0.40399909240141413 21.665674301749597 255 241 243 0.24815300320452999 9 2864 11 3308 12 3005 13 2739 10 3166 7 2721 8 2478
1778 14.396130567631577 -0.12917926528760582 21.720010556470243 226 238 249 0.38783417431232764 9 4452 11 5072 12 4678 13 2781 8 2524 10 4835 7 4509
1781 7.187391314750033 0.33546827683299441 24.793959897023953 78 68 67 0.28539182369530314 9 542 13 2807 1 2683 8 586 10 591 11 598 6 552 3 2892 4 3221
1782 7.2213720801266978 0.4797642935013221 24.91542820473871 112 93 86 0.50639059249424212 5 3980 9 2967 13 2845
1783 15.222482622453214 0.1160993567168252 21.041492354574274 165 174 183 0.17018094454347557 9 2978 13 2854 7 2863 8 2588 10 635 11 648 6 2611
1784 7.2051337835830118 0.53036101678195602 24.907494315576368 90 65 57 1.2797965895447172 5 3245 9 2986 12 3128 13 2859 1 3273 7 2875 8 4029 11 3416 3 3644 2 3496 10 644 12 4707
1785 15.319282507253686 0.2571385858054786 20.769333965427823 144 149 151 0.17953949473226108 9 3008 11 692 12 3146 13 2882 10 3295 8 2622
1787 11.056123295866961 0.57360965609885128 23.550950253544144 201 206 212 0.15165993144992382 9 3018 12 3156 13 2893 10 3308 7 4597 8 4058
1788 7.1083621880859438 0.71323616871405537 24.317082134062741 94 70 69 0.56344142709845246 5 4023 12 3166 13 2900 1 3304 4 3960 2 3523 3 3679
1789 7.9167409073984061 0.92871069741910917 24.863656119752957 189 180 182 0.25271034396210107 9 3071 11 790 12 699 13 2954 10 3365 8 2672 6 2733
1790 15.323562648002037 0.55641046726024035 20.84894647604844 124 128 132 0.24068786364280817 9 3090 13 2972 7 4647 10 3381 11 3512 12 3224
1791 7.9143170187648559 1.0189051428706613 25.027811055778514 156 145 145 0.70681991974000125 9 3103 11 840 12 3232 13 2981 4 4009 10 3398 1 3346 7 2993 3 3724 5 3336 6 2766 2 3560
1794 7.8032296898396769 1.153097864039387 24.989965356617329 94 78 84 0.61127599335195626 9 4571 11 5191 12 4791 13 3029 8 4120 10 4962 7 4682 3 3752 6 4357 2 3578 4 4026 1 3362
1795 7.8218569976010022 1.1653223644437423 24.859795238502919 92 77 66 0.76797286981507373 9 3133 11 3576 12 792 13 3037 4 3359 8 809 10 3446 3 3030 7 845 5 3359 6 758 1 2776 2 3584 1 3367
1796 7.7907932755292659 1.1631334770181445 24.754389455371804 92 77 66 0.65659000401925827 9 3134 11 3577 13 3038 10 3447 1 2777
1797 16.366806920132639 0.73090796752376208 20.132870591124817 245 248 254 0.32649428946870163 9 4585 11 5218 13 3055 7 4702 10 4984
1798 7.9430316019156582 1.1830778145381078 23.039561830195289 226 217 211 0.80633241016519985 9 3167 13 3066 8 2750 10 4985 11 5215 12 829 4 2434 13 804 2 1092 1 2021 3 3767 2 3595 1 2790 4 3372
1799 16.188821799241811 0.77826870791302938 20.31951573112951 102 105 139 0.2249831606163121 9 825 11 3619 12 3319 13 3074 8 2749 10 3487 7 3065
1801 7.8956487436951921 1.3216385131137391 24.786159206037368 190 181 171 0.69414596962689112 9 3184 12 3332 13 3092 10 3506 8 2765 4 4054 6 4403 7 4726 11 3639 3 3783 2 3598 1 3388
1802 8.3966834904972476 1.3155208272015699 23.780091477205854 253 239 215 0.17352132245420582 9 3195 12 3350 13 3113 8 2785 7 3113 6 2889
1803 8.3832374570860662 1.3019459489098266 23.380115586818725 245 226 221 0.51974918373688705 9 3199 11 1013 12 3354 13 3118 10 3526 7 3118 1 3405 8 2791 2 3612
1804 6.7650058313006163 1.1065084595575967 18.260410335331176 119 101 88 0.45176688900508022 9 3249 13 3162
1805 7.98665666924561 1.6419907413166415 25.07109314424099 164 157 150 1.0732516891272246 9 3289 11 3765 12 3439 13 3194 10 3625 1 3453 2 3679 4 4126 6 2994
1806 4.2410999401611722 1.5566596805139241 21.63155146746406 0 0 0 3.2297299811182176 5 2660 9 3372
1808 16.583360906029498 -2.8275728423328501 19.56350208110835 82 65 55 0.95354269869328601 9 4284 13 4303 8 3793
1809 7.6268209784071148 -1.5927269481123185 24.699864212674338 108 108 92 0.1345999459125162 9 4334 11 4924 12 4560 13 4337 10 4694 7 4353
1810 7.6463613219993096 -1.5954490582624914 24.759206912557939 108 108 92 0.059490235473255292 9 4335 11 4923 13 4338 7 4352 10 4695
1811 7.2971424214606353 -0.38145045252435189 24.700536268949765 116 107 126 0.32373667913510379 9 2807 12 2971 13 4394 8 3917 7 4434 10 447
1812 6.9213326677597635 -0.13211016945520182 24.897609720710577 58 55 53 0.41828170517274493 9 4415 11 5037 12 4644 13 4425 10 3155 7 4459
1814 7.4045942969146514 -0.0031106628373438619 25.004679001016296 138 122 121 0.35844424064192332 9 4432 11 5054 12 4659 13 4438 8 3953 10 4820 7 4486 6 4167
1816 15.21283226886602 -0.13918045673674048 21.023862627983046 70 85 98 0.25457493578722107 9 4459 11 5078 13 4459 7 4521 10 4841 8 3992
1817 7.8659129137914077 0.26883297952917262 25.137400469725431 86 68 61 0.21791100738710659 9 4461 13 4466 8 3995
1818 6.9942957446235283 0.61500581169186341 24.181382336970415 96 73 68 1.1221313599269747 5 4008 9 4502 11 5114 12 4720 13 4517 10 4883 1 3285 3 3658 2 3501
1819 7.1634339449663864 0.81155559055934201 24.523623732520445 94 75 78 1.1814852708476389 5 4047 11 5145 13 4553 10 4915 1 3702 3 3698 4 3978 12 4745
1820 7.342810037593674 0.81563378184119439 24.657878624292074 104 76 70 0.58249922469285398 5 4537 13 4555 1 3703 2 3956
1823 16.501093096011854 0.77027407600845677 20.086965923511819 252 254 255 0.16439985866513332 9 3174 11 5229 12 4821 13 4629 8 4148 10 4995 7 4721
1824 8.2655860123891269 1.2481352321653134 23.239464620785732 114 92 70 0.5152703939199853 9 4605 13 4637 8 4164 10 5006 11 5233 2 4009 1 3751 4 4435 5 4581
1825 11.790025077068531 1.2664878658185004 23.438674712156018 63 64 69 0.164095327303139 9 4623 13 4658 8 4169
1826 16.265051042296864 0.94787028875330193 20.358990663390991 130 139 181 0.090469200724642027 9 4641 12 4876 13 4684 10 5039 11 5274 7 4773 8 4189
1828 7.7345753156062251 1.5198916537378433 25.112386979677556 196 189 176 1.1306089393708265 9 4649 11 5283 12 4889 13 4693 10 5049 7 4794 8 4208 4 4468 6 4472 5 4614 1 3774 3 4239 2 4030
1829 16.632374371612965 0.9741908650609965 20.107255697595907 139 137 181 0.25879243681259478 9 4653 12 4898 13 4702 10 5057 11 5293 7 3171 6 2951
1830 7.6504075512614067 1.5597308075570866 25.011942005183357 111 102 120 1.2681270799096704 9 4665 11 5297 12 4902 13 4705 10 5071 7 4810 8 4233 6 4494 2 3662 4 4118 5 4206 1 3781 3 3847
1832 16.311756000165769 1.0381366197136317 20.391093994960521 135 137 187 0.22252568921826016 9 4662 12 4910 13 4707 8 4221 10 5074 11 5307 7 4801 6 4489
1833 7.7472415412277087 1.6275210077387803 25.14924405172086 183 165 161 1.2983684697012092 9 4684 11 5328 12 4928 13 4728 8 4254 7 4836 1 3793 5 4220 3 4261 4 4489 6 4526 2 4053
1834 16.78149970486626 1.0338766548791198 19.942197722837328 124 121 184 0.64199004530988468 9 4681 11 5330 12 4930 13 4730 7 4824 6 4525
1835 7.6233384354043023 1.6721058174990153 24.95914648617677 90 82 76 0.3169016425902505 9 4702 11 5337 12 4937 13 4738 8 4274 10 5109 6 4538
1837 16.617166746848003 1.1490066056813983 20.011861552577624 148 142 190 0.32067521733102067 9 4722 11 5374 12 4969 13 4764 8 4295 10 5144 7 4871
1839 16.805102833007545 1.2310992746830911 20.054439066635741 137 135 172 0.49695738551768576 9 4754 13 4799 7 4914 8 4332 6 4602
1843 17.378553407710903 2.1983987166103041 21.571264939753096 170 169 163 0.82489880892637757 9 4958 11 5637 12 5232 13 5002 10 5399 7 6027 6 5610
1846 16.593407370601781 -2.4247948075545498 19.437394571785017 194 169 146 0.96108264325237958 9 5385 13 5464 7 5642 8 4937
1847 7.3996266765007679 -1.2902941283737657 24.630267561681752 72 69 75 0.41137054733535233 9 5410 11 4936 12 5782 13 5489 8 3845 10 4709 7 4363
1848 14.269776286108112 -0.10705597108210349 21.974401501735077 57 65 74 0.68721094976419983 9 5472 13 5553 8 5030 10 5946 11 6240
1849 15.18449603452075 0.18288586238721 21.070877646795907 67 76 86 0.28052366508116539 9 5493 11 6257 12 5875 13 5573 10 5964 7 5761 8 5053
1850 16.24815013001448 0.79901280840875477 20.324939600958267 247 251 255 0.21236786588579437 9 5540 11 6312 12 5934 13 5621 8 5113 10 6017 7 5838
1851 16.577303490794577 0.85550933335580992 20.151030061389058 249 252 255 0.26320275211457517 9 5547 12 4853 13 5628 8 5123 11 5255 7 4741 6 4422
1852 5.4987082041422184 1.393963783094845 24.145910849655756 255 246 217 0.38185389826716587 9 5554 11 6329 12 5946 13 5630 8 5132 10 6038 7 5853 6 5437
1853 5.4987082041422184 1.393963783094845 24.145910849655756 255 246 217 0.38185389826716587 9 5555 11 6330 12 5947 13 5631 8 5133 10 6039 7 5852 6 5436
1854 16.553251190070537 0.94113514894171368 20.079759940661496 253 255 255 0.25116027613988084 9 5562 12 4888 13 5638 8 5143 10 6052 11 5281 7 4782 6 4461
1855 16.315377919130473 0.9872173093806571 20.320777077239004 250 253 255 0.19765478148172166 9 5564 13 5640 7 5858 8 5140 10 5051 11 5285 7 4789 12 4891 13 4698
1856 6.1240092134687103 1.4755068068764077 23.556097012405385 104 102 98 0.7295632529366689 9 4668 12 4900 13 5648 8 4232 10 5067 11 5291 7 3189
1858 16.246864849433376 1.0885091318295177 20.369584623042108 254 254 255 0.21816619727432379 9 4678 11 6355 13 5655 7 4823 10 6061 12 4929 8 5156 6 4522
1859 16.500621661739107 1.0552885979053301 20.07095377981717 126 129 165 0.24999130856469357 9 5582 11 6929 12 5964 13 5659 8 5165 10 6063 7 5876
1860 16.520803599716135 1.1084169928885954 19.980510967320726 255 255 255 0.2080548408779832 9 5594 12 4951 13 5674 10 6078 7 5886 8 5175
1861 16.501926985799823 1.2175140811699074 20.120181969613935 250 253 255 0.26220997023525017 9 4742 11 5407 12 5990 13 5693 8 5203 10 6098 7 5906 10 5169 12 4996 6 5480
1862 16.435728155647347 1.242285827226898 20.212924870323416 246 250 255 0.19625742850621336 9 5615 11 6389 12 5993 13 5698 8 5207 10 6099 7 5905 6 5483
1863 16.658786942249904 1.2587858965328174 19.772849584048451 255 255 255 0.31895744734407228 9 5619 11 5440 12 6005 13 5705 8 5220 10 5202 7 5918
1864 16.678912987400036 1.283969211055104 19.970549960812669 253 253 255 0.38269552777353349 9 5625 11 6398 12 6004 13 5713 10 6111 7 5917 8 5219 6 5497
1865 16.821250087159793 1.3526636817899067 19.962401420787248 250 254 255 0.34843770215028863 9 5634 11 6407 12 6012 13 5722 10 6123 12 5065 8 5230 6 5508
1866 10.252544931919481 -4.4217686484435932 22.834796772960086 188 159 126 0.31200438967709154 9 5961 11 6765 13 6063 7 6294 10 6468 8 5591 6 5844
1869 7.2895449991408503 -0.93774473709389627 24.92062130747253 55 53 66 0.55591864305885264 9 5424 12 6421 13 6115 10 6534 11 6191 6 5892 8 6029 7 6732
1870 7.1674240649717191 -0.28775796912773555 24.681576799494103 57 56 57 0.85856910179130053 9 6052 12 6443 13 6135 8 5684 10 6559 7 6385
1871 15.062481511618602 -0.25208199505291656 21.402854923255518 70 88 102 0.67345292750993846 9 6063 11 6850 12 6459 13 6148 8 5701 10 6570
1872 15.2718054864633 -0.26985294851748232 21.355124679240102 59 76 94 0.87278389646058274 9 6065 11 6852 13 6150 7 6401 10 6572 8 5703
1873 14.925151179639427 -0.1155257365026178 21.192236017511785 61 75 89 0.40487825325710541 9 6068 11 6862 12 6468 13 6161 8 5706 10 6580 7 6404
1874 14.931342324313798 -0.089788031844530158 21.359832777995717 72 88 102 0.46983220300180012 9 6072 11 6864 12 6473 13 6164 8 5709 10 6582 7 6407
1875 15.195614124636995 0.19123162405399177 21.290779043093313 63 73 81 0.29484256810578496 9 6088 11 6880 12 6484 13 6173 8 5724 10 6595 7 6419
1876 8.4805111891365108 1.227559384717535 23.570994596690397 109 99 86 0.44091980340551978 9 6123 12 6511 13 6216 10 6623 5 5029
1877 16.928499398180588 1.2349318284191111 19.771452849290238 254 255 255 0.38964945018231301 9 5617 11 6396 12 5999 13 6262 8 5217 10 6106 7 5916 6 5494
1878 17.387146244292079 2.1045772675863867 21.979340155723264 254 254 250 0.65121841632228139 9 6202 11 7000 12 6618 13 6316 8 5315 10 6716 7 6004
1879 17.417298625314736 2.0192747834487879 20.555572507048037 109 109 106 0.42408270254301006 9 6207 11 7016 12 6631 13 6327 8 5845 10 6733 7 6529 6 6072
1880 17.740519267100034 2.1925841348654256 21.4081739100154 142 140 136 0.99393858387099776 9 5724 13 6333 7 5141 11 5645 10 4022 12 3836 8 3214
1882 7.4381156199253597 -1.0533023342231838 25.03051795953759 64 63 72 1.1981007811805409 9 6674 11 7195 13 6530 7 7008 10 6913 8 6023 12 6418
1884 14.40257937697427 -0.2039877668500151 21.886987430085615 82 87 102 0.19272686948583986 9 6438 11 7227 12 6884 13 6561 8 6056 10 6938 7 6759
1885 8.4340828647856441 1.2259092048253866 23.663788751662601 107 89 75 0.59271286900650189 9 6462 11 7251 12 6917 13 6586 10 6955 3 4671 7 6787 8 6079 6 6323 2 4428 4 4868 5 5027
1886 8.8871236008951282 1.238940804983645 23.743594781817006 120 102 95 0.76366518156223606 9 6464 11 7254 12 6918 13 6587 8 6082 10 6956 7 6792 6 6325
1887 7.8466812246787025 1.5513410316392495 24.944319126861899 88 76 76 1.0410021226986037 9 6476 11 7265 12 6926 13 6595 8 6094 10 6963 7 6800 5 5044 4 4882 6 6337 2 4507 3 4678
1888 16.620736651244279 1.3233073240677773 20.332909561019886 94 98 122 0.24040525198949039 9 6495 11 7287 12 6947 13 6623 8 6110 10 6983
1890 17.055810565214895 2.1213430494966308 22.025373191944933 185 167 155 0.49438553924447387 9 6522 11 7317 12 6975 13 6645 10 7009 7 6856
1891 7.2176288509512201 -1.7885632782606258 24.631528035386118 57 62 68 1.0382182839141303 9 6946 13 6787 7 7288
1892 7.6216978617716578 -1.7268626671348699 24.432496918127018 62 67 81 0.63655333484214871 9 6843 11 7471 12 7280 13 6788 8 6480 10 7338 7 6999 6 6549
1893 7.7799453699467307 -0.38772481034942852 24.730574105937965 67 61 60 1.1264119479929877 9 6684 13 6805 8 6308 7 7020
1894 6.948947368564923 0.38795408154543171 25.006441234584596 70 68 69 0.95186960248009045 9 6696 11 7231 13 6809 7 6763 9 6442 8 6059 6 6292
1895 7.6351724611801979 -2.0084569784930393 24.486925644659113 73 79 90 0.91070523422329042 9 6841 11 7468 12 7277 13 6974 8 6477 10 7156 7 7166
1896 7.6351724611801979 -2.0084569784930393 24.486925644659113 73 79 90 0.91070523422329042 9 6842 11 7467 12 7278 13 6975 8 6478 10 7155 7 7165
1897 7.0016371832553927 -0.96751208000266931 24.981088504737997 53 53 61 0.70249988159554644 9 6676 11 7476 12 7288 13 6984 8 6489 10 7346 7 7010 6 6738
1899 7.4433261521336362 -0.35399603299561694 26.230205377135253 87 87 87 0.81489940362850799 9 7037 11 7833 12 7499 13 7183 10 7554 7 7396
1900 7.4433261521336362 -0.35399603299561694 26.230205377135253 87 87 87 0.81489940362850799 9 7036 11 7834 12 7500 13 7184 10 7555 7 7395
1901 16.481267620682029 0.5819922266362707 20.133222424076063 80 85 100 1.6023456544193493 9 7042 11 7891 12 7566 13 7243 8 6699 10 7558
1902 8.7550874447600471 1.3273324763497554 24.263712662562611 224 205 200 1.2244379423071496 9 7144 11 7947 12 7615 13 7291 8 6801 10 7664 7 7500 6 7060
1903 16.743815555335914 3.3899172002399642 23.581914766115275 71 71 68 1.5475823030228786 9 7138 11 7937 12 7604 13 7297 8 6793 10 7653 7 7490
1904 16.752203724081983 3.0274736873789525 21.716969063586355 76 76 76 1.7383023329151335 9 7150 13 7307 7 7506 8 6809 10 7668
